# Blender 5.1.1
# www.blender.org
mtllib Untitled.mtl
o Cube
v 0.900000 0.900000 -1.000000
v 0.900000 1.000000 -0.900000
v 1.000000 0.900000 -0.900000
v 0.900000 0.907846 -0.999692
v 0.900000 0.915643 -0.998769
v 0.900000 0.923345 -0.997237
v 0.900000 0.930902 -0.995106
v 0.900000 0.938268 -0.992388
v 0.900000 0.945399 -0.989101
v 0.900000 0.952250 -0.985264
v 0.900000 0.958779 -0.980902
v 0.900000 0.964945 -0.976041
v 0.900000 0.970711 -0.970711
v 0.907846 0.900000 -0.999692
v 0.907896 0.907953 -0.999370
v 0.907926 0.915932 -0.998404
v 0.907953 0.923791 -0.996803
v 0.907979 0.931441 -0.994593
v 0.907996 0.938821 -0.991810
v 0.908008 0.945885 -0.988490
v 0.908010 0.952605 -0.984667
v 0.908009 0.958951 -0.980378
v 0.908009 0.964905 -0.975652
v 0.908010 0.970457 -0.970510
v 0.915643 0.900000 -0.998769
v 0.915844 0.908017 -0.998411
v 0.915968 0.916121 -0.997392
v 0.916036 0.924090 -0.995721
v 0.916066 0.931784 -0.993443
v 0.916058 0.939128 -0.990615
v 0.916030 0.946080 -0.987291
v 0.915985 0.952625 -0.983517
v 0.915942 0.958750 -0.979336
v 0.915915 0.964459 -0.974778
v 0.915909 0.969769 -0.969851
v 0.923345 0.900000 -0.997237
v 0.923704 0.908052 -0.996816
v 0.923931 0.916218 -0.995730
v 0.924034 0.924235 -0.993995
v 0.924036 0.931919 -0.991670
v 0.923957 0.939185 -0.988829
v 0.923837 0.945984 -0.985541
v 0.923693 0.952325 -0.981858
v 0.923564 0.958205 -0.977826
v 0.923479 0.963650 -0.973468
v 0.923449 0.968698 -0.968780
v 0.930902 0.900000 -0.995106
v 0.931378 0.908069 -0.994606
v 0.931665 0.916245 -0.993453
v 0.931759 0.924245 -0.991671
v 0.931690 0.931866 -0.989332
v 0.931494 0.939015 -0.986521
v 0.931232 0.945634 -0.983319
v 0.930943 0.951751 -0.979777
v 0.930687 0.957374 -0.975938
v 0.930514 0.962546 -0.971811
v 0.930445 0.967323 -0.967385
v 0.938268 0.900000 -0.992388
v 0.938794 0.908070 -0.991814
v 0.939074 0.916217 -0.990610
v 0.939102 0.924151 -0.988813
v 0.938912 0.931665 -0.986505
v 0.938556 0.938665 -0.983777
v 0.938110 0.945081 -0.980718
v 0.937637 0.950961 -0.977372
v 0.937224 0.956324 -0.973770
v 0.936942 0.961223 -0.969908
v 0.936824 0.965724 -0.965760
v 0.945399 0.900000 -0.989101
v 0.945893 0.908067 -0.988480
v 0.946085 0.916164 -0.987263
v 0.945973 0.924003 -0.985501
v 0.945600 0.931381 -0.983282
v 0.945031 0.938209 -0.980699
v 0.944357 0.944409 -0.977848
v 0.943666 0.950048 -0.974756
v 0.943067 0.955154 -0.971437
v 0.942656 0.959782 -0.967872
v 0.942482 0.964004 -0.964022
v 0.952250 0.900000 -0.985264
v 0.952640 0.908056 -0.984641
v 0.952676 0.916091 -0.983464
v 0.952366 0.923823 -0.981794
v 0.951768 0.931060 -0.979721
v 0.950955 0.937717 -0.977337
v 0.950032 0.943710 -0.974741
v 0.949103 0.949120 -0.971945
v 0.948289 0.953969 -0.968960
v 0.947719 0.958314 -0.965745
v 0.947472 0.962231 -0.962239
v 0.958779 0.900000 -0.980902
v 0.959002 0.908041 -0.980337
v 0.958827 0.916015 -0.979265
v 0.958276 0.923653 -0.977746
v 0.957420 0.930766 -0.975871
v 0.956344 0.937278 -0.973727
v 0.955159 0.943098 -0.971415
v 0.953967 0.948303 -0.968952
v 0.952895 0.952898 -0.966362
v 0.952113 0.956936 -0.963581
v 0.951767 0.960497 -0.960500
v 0.964945 0.900000 -0.976041
v 0.964961 0.908026 -0.975602
v 0.964544 0.915952 -0.974697
v 0.963731 0.923523 -0.973383
v 0.962604 0.930553 -0.971744
v 0.961254 0.936969 -0.969866
v 0.959796 0.942672 -0.967849
v 0.958319 0.947726 -0.965735
v 0.956937 0.952115 -0.963578
v 0.955835 0.955835 -0.961359
v 0.955280 0.958924 -0.958924
v 0.957735 0.957735 -0.957735
v 0.907846 0.999692 -0.900000
v 0.915643 0.998769 -0.900000
v 0.923345 0.997237 -0.900000
v 0.930902 0.995106 -0.900000
v 0.938268 0.992388 -0.900000
v 0.945399 0.989101 -0.900000
v 0.952250 0.985264 -0.900000
v 0.958779 0.980902 -0.900000
v 0.964945 0.976041 -0.900000
v 0.970711 0.970711 -0.900000
v 0.900000 0.999692 -0.907846
v 0.907953 0.999370 -0.907896
v 0.915932 0.998404 -0.907926
v 0.923791 0.996803 -0.907953
v 0.931441 0.994593 -0.907979
v 0.938821 0.991810 -0.907996
v 0.945885 0.988490 -0.908008
v 0.952605 0.984667 -0.908010
v 0.958951 0.980378 -0.908009
v 0.964905 0.975652 -0.908009
v 0.970457 0.970510 -0.908010
v 0.900000 0.998769 -0.915643
v 0.908017 0.998411 -0.915844
v 0.916121 0.997392 -0.915968
v 0.924090 0.995721 -0.916036
v 0.931784 0.993443 -0.916066
v 0.939128 0.990615 -0.916058
v 0.946080 0.987291 -0.916030
v 0.952625 0.983517 -0.915985
v 0.958750 0.979336 -0.915942
v 0.964459 0.974778 -0.915915
v 0.969769 0.969851 -0.915909
v 0.900000 0.997237 -0.923345
v 0.908052 0.996816 -0.923704
v 0.916218 0.995730 -0.923931
v 0.924235 0.993995 -0.924034
v 0.931919 0.991670 -0.924036
v 0.939185 0.988829 -0.923957
v 0.945984 0.985541 -0.923837
v 0.952325 0.981858 -0.923693
v 0.958205 0.977826 -0.923564
v 0.963650 0.973468 -0.923479
v 0.968698 0.968780 -0.923449
v 0.900000 0.995106 -0.930902
v 0.908069 0.994606 -0.931378
v 0.916245 0.993453 -0.931665
v 0.924245 0.991671 -0.931759
v 0.931866 0.989332 -0.931690
v 0.939015 0.986521 -0.931494
v 0.945634 0.983319 -0.931232
v 0.951751 0.979777 -0.930943
v 0.957374 0.975938 -0.930687
v 0.962546 0.971811 -0.930514
v 0.967323 0.967385 -0.930445
v 0.900000 0.992388 -0.938268
v 0.908070 0.991814 -0.938794
v 0.916217 0.990610 -0.939074
v 0.924151 0.988813 -0.939102
v 0.931665 0.986505 -0.938912
v 0.938665 0.983777 -0.938556
v 0.945081 0.980718 -0.938110
v 0.950961 0.977372 -0.937637
v 0.956324 0.973770 -0.937224
v 0.961223 0.969908 -0.936942
v 0.965724 0.965760 -0.936824
v 0.900000 0.989101 -0.945399
v 0.908067 0.988480 -0.945893
v 0.916164 0.987263 -0.946085
v 0.924003 0.985501 -0.945973
v 0.931381 0.983282 -0.945600
v 0.938209 0.980699 -0.945031
v 0.944409 0.977848 -0.944357
v 0.950048 0.974756 -0.943666
v 0.955154 0.971437 -0.943067
v 0.959782 0.967872 -0.942656
v 0.964004 0.964022 -0.942482
v 0.900000 0.985264 -0.952250
v 0.908056 0.984641 -0.952640
v 0.916091 0.983464 -0.952676
v 0.923823 0.981794 -0.952366
v 0.931060 0.979721 -0.951768
v 0.937717 0.977337 -0.950955
v 0.943710 0.974741 -0.950032
v 0.949120 0.971945 -0.949103
v 0.953969 0.968960 -0.948289
v 0.958314 0.965745 -0.947719
v 0.962231 0.962239 -0.947472
v 0.900000 0.980902 -0.958779
v 0.908041 0.980337 -0.959002
v 0.916015 0.979265 -0.958827
v 0.923653 0.977746 -0.958276
v 0.930766 0.975871 -0.957420
v 0.937278 0.973727 -0.956344
v 0.943098 0.971415 -0.955159
v 0.948303 0.968952 -0.953967
v 0.952898 0.966362 -0.952895
v 0.956936 0.963581 -0.952113
v 0.960497 0.960500 -0.951767
v 0.900000 0.976041 -0.964945
v 0.908026 0.975602 -0.964961
v 0.915952 0.974697 -0.964544
v 0.923523 0.973383 -0.963731
v 0.930553 0.971744 -0.962604
v 0.936969 0.969866 -0.961254
v 0.942672 0.967849 -0.959796
v 0.947726 0.965735 -0.958319
v 0.952115 0.963578 -0.956937
v 0.955835 0.961359 -0.955835
v 0.958924 0.958924 -0.955280
v 0.999692 0.900000 -0.907846
v 0.998769 0.900000 -0.915643
v 0.997237 0.900000 -0.923345
v 0.995106 0.900000 -0.930902
v 0.992388 0.900000 -0.938268
v 0.989101 0.900000 -0.945399
v 0.985264 0.900000 -0.952250
v 0.980902 0.900000 -0.958779
v 0.976041 0.900000 -0.964945
v 0.970711 0.900000 -0.970711
v 0.999692 0.907846 -0.900000
v 0.999370 0.907896 -0.907953
v 0.998404 0.907926 -0.915932
v 0.996803 0.907953 -0.923791
v 0.994593 0.907979 -0.931441
v 0.991810 0.907996 -0.938821
v 0.988490 0.908008 -0.945885
v 0.984667 0.908010 -0.952605
v 0.980378 0.908009 -0.958951
v 0.975652 0.908009 -0.964905
v 0.970510 0.908010 -0.970457
v 0.998769 0.915643 -0.900000
v 0.998411 0.915844 -0.908017
v 0.997392 0.915968 -0.916121
v 0.995721 0.916036 -0.924090
v 0.993443 0.916066 -0.931784
v 0.990615 0.916058 -0.939128
v 0.987291 0.916030 -0.946080
v 0.983517 0.915985 -0.952625
v 0.979336 0.915942 -0.958750
v 0.974778 0.915915 -0.964459
v 0.969851 0.915909 -0.969769
v 0.997237 0.923345 -0.900000
v 0.996816 0.923704 -0.908052
v 0.995730 0.923931 -0.916218
v 0.993995 0.924034 -0.924235
v 0.991670 0.924036 -0.931919
v 0.988829 0.923957 -0.939185
v 0.985541 0.923837 -0.945984
v 0.981858 0.923693 -0.952325
v 0.977826 0.923564 -0.958205
v 0.973468 0.923479 -0.963650
v 0.968780 0.923449 -0.968698
v 0.995106 0.930902 -0.900000
v 0.994606 0.931378 -0.908069
v 0.993453 0.931665 -0.916245
v 0.991671 0.931759 -0.924245
v 0.989332 0.931690 -0.931866
v 0.986521 0.931494 -0.939015
v 0.983319 0.931232 -0.945634
v 0.979777 0.930943 -0.951751
v 0.975938 0.930687 -0.957374
v 0.971811 0.930514 -0.962546
v 0.967385 0.930445 -0.967323
v 0.992388 0.938268 -0.900000
v 0.991814 0.938794 -0.908070
v 0.990610 0.939074 -0.916217
v 0.988813 0.939102 -0.924151
v 0.986505 0.938912 -0.931665
v 0.983777 0.938556 -0.938665
v 0.980718 0.938110 -0.945081
v 0.977372 0.937637 -0.950961
v 0.973770 0.937224 -0.956324
v 0.969908 0.936942 -0.961223
v 0.965760 0.936824 -0.965724
v 0.989101 0.945399 -0.900000
v 0.988480 0.945893 -0.908067
v 0.987263 0.946085 -0.916164
v 0.985501 0.945973 -0.924003
v 0.983282 0.945600 -0.931381
v 0.980699 0.945031 -0.938209
v 0.977848 0.944357 -0.944409
v 0.974756 0.943666 -0.950048
v 0.971437 0.943067 -0.955154
v 0.967872 0.942656 -0.959782
v 0.964022 0.942482 -0.964004
v 0.985264 0.952250 -0.900000
v 0.984641 0.952640 -0.908056
v 0.983464 0.952676 -0.916091
v 0.981794 0.952366 -0.923823
v 0.979721 0.951768 -0.931060
v 0.977337 0.950955 -0.937717
v 0.974741 0.950032 -0.943710
v 0.971945 0.949103 -0.949120
v 0.968960 0.948289 -0.953969
v 0.965745 0.947719 -0.958314
v 0.962239 0.947472 -0.962231
v 0.980902 0.958779 -0.900000
v 0.980337 0.959002 -0.908041
v 0.979265 0.958827 -0.916015
v 0.977746 0.958276 -0.923653
v 0.975871 0.957420 -0.930766
v 0.973727 0.956344 -0.937278
v 0.971415 0.955159 -0.943098
v 0.968952 0.953967 -0.948303
v 0.966362 0.952895 -0.952898
v 0.963581 0.952113 -0.956936
v 0.960500 0.951767 -0.960497
v 0.976041 0.964945 -0.900000
v 0.975602 0.964961 -0.908026
v 0.974697 0.964544 -0.915952
v 0.973383 0.963731 -0.923523
v 0.971744 0.962604 -0.930553
v 0.969866 0.961254 -0.936969
v 0.967849 0.959796 -0.942672
v 0.965735 0.958319 -0.947726
v 0.963578 0.956937 -0.952115
v 0.961359 0.955835 -0.955835
v 0.958924 0.955280 -0.958924
v 0.900000 -1.000000 -0.900000
v 0.900000 -0.900000 -1.000000
v 1.000000 -0.900000 -0.900000
v 0.900000 -0.999692 -0.907846
v 0.900000 -0.998769 -0.915643
v 0.900000 -0.997237 -0.923345
v 0.900000 -0.995106 -0.930902
v 0.900000 -0.992388 -0.938268
v 0.900000 -0.989101 -0.945399
v 0.900000 -0.985264 -0.952250
v 0.900000 -0.980902 -0.958779
v 0.900000 -0.976041 -0.964945
v 0.900000 -0.970711 -0.970711
v 0.907846 -0.999692 -0.900000
v 0.907896 -0.999370 -0.907953
v 0.907926 -0.998404 -0.915932
v 0.907953 -0.996803 -0.923791
v 0.907979 -0.994593 -0.931441
v 0.907996 -0.991810 -0.938821
v 0.908008 -0.988490 -0.945885
v 0.908010 -0.984667 -0.952605
v 0.908009 -0.980378 -0.958951
v 0.908009 -0.975652 -0.964905
v 0.908010 -0.970510 -0.970457
v 0.915643 -0.998769 -0.900000
v 0.915844 -0.998411 -0.908017
v 0.915968 -0.997392 -0.916121
v 0.916036 -0.995721 -0.924090
v 0.916066 -0.993443 -0.931784
v 0.916058 -0.990615 -0.939128
v 0.916030 -0.987291 -0.946080
v 0.915985 -0.983517 -0.952625
v 0.915942 -0.979336 -0.958750
v 0.915915 -0.974778 -0.964459
v 0.915909 -0.969851 -0.969769
v 0.923345 -0.997237 -0.900000
v 0.923704 -0.996816 -0.908052
v 0.923931 -0.995730 -0.916218
v 0.924034 -0.993995 -0.924235
v 0.924036 -0.991670 -0.931919
v 0.923957 -0.988829 -0.939185
v 0.923837 -0.985541 -0.945984
v 0.923693 -0.981858 -0.952325
v 0.923564 -0.977826 -0.958205
v 0.923479 -0.973468 -0.963650
v 0.923449 -0.968780 -0.968698
v 0.930902 -0.995106 -0.900000
v 0.931378 -0.994606 -0.908069
v 0.931665 -0.993453 -0.916245
v 0.931759 -0.991671 -0.924245
v 0.931690 -0.989332 -0.931866
v 0.931494 -0.986521 -0.939015
v 0.931232 -0.983319 -0.945634
v 0.930943 -0.979777 -0.951751
v 0.930687 -0.975938 -0.957374
v 0.930514 -0.971811 -0.962546
v 0.930445 -0.967385 -0.967323
v 0.938268 -0.992388 -0.900000
v 0.938794 -0.991814 -0.908070
v 0.939074 -0.990610 -0.916217
v 0.939102 -0.988813 -0.924151
v 0.938912 -0.986505 -0.931665
v 0.938556 -0.983777 -0.938665
v 0.938110 -0.980718 -0.945081
v 0.937637 -0.977372 -0.950961
v 0.937224 -0.973770 -0.956324
v 0.936942 -0.969908 -0.961223
v 0.936824 -0.965760 -0.965724
v 0.945399 -0.989101 -0.900000
v 0.945893 -0.988480 -0.908067
v 0.946085 -0.987263 -0.916164
v 0.945973 -0.985501 -0.924003
v 0.945600 -0.983282 -0.931381
v 0.945031 -0.980699 -0.938209
v 0.944357 -0.977848 -0.944409
v 0.943666 -0.974756 -0.950048
v 0.943067 -0.971437 -0.955154
v 0.942656 -0.967872 -0.959782
v 0.942482 -0.964022 -0.964004
v 0.952250 -0.985264 -0.900000
v 0.952640 -0.984641 -0.908056
v 0.952676 -0.983464 -0.916091
v 0.952366 -0.981794 -0.923823
v 0.951768 -0.979721 -0.931060
v 0.950955 -0.977337 -0.937717
v 0.950032 -0.974741 -0.943710
v 0.949103 -0.971945 -0.949120
v 0.948289 -0.968960 -0.953969
v 0.947719 -0.965745 -0.958314
v 0.947472 -0.962239 -0.962231
v 0.958779 -0.980902 -0.900000
v 0.959002 -0.980337 -0.908041
v 0.958827 -0.979265 -0.916015
v 0.958276 -0.977746 -0.923653
v 0.957420 -0.975871 -0.930766
v 0.956344 -0.973727 -0.937278
v 0.955159 -0.971415 -0.943098
v 0.953967 -0.968952 -0.948303
v 0.952895 -0.966362 -0.952898
v 0.952113 -0.963581 -0.956936
v 0.951767 -0.960500 -0.960497
v 0.964945 -0.976041 -0.900000
v 0.964961 -0.975602 -0.908026
v 0.964544 -0.974697 -0.915952
v 0.963731 -0.973383 -0.923523
v 0.962604 -0.971744 -0.930553
v 0.961254 -0.969866 -0.936969
v 0.959796 -0.967849 -0.942672
v 0.958319 -0.965735 -0.947726
v 0.956937 -0.963578 -0.952115
v 0.955835 -0.961359 -0.955835
v 0.955280 -0.958924 -0.958924
v 0.957735 -0.957735 -0.957735
v 0.907846 -0.900000 -0.999692
v 0.915643 -0.900000 -0.998769
v 0.923345 -0.900000 -0.997237
v 0.930902 -0.900000 -0.995106
v 0.938268 -0.900000 -0.992388
v 0.945399 -0.900000 -0.989101
v 0.952250 -0.900000 -0.985264
v 0.958779 -0.900000 -0.980902
v 0.964945 -0.900000 -0.976041
v 0.970711 -0.900000 -0.970711
v 0.900000 -0.907846 -0.999692
v 0.907953 -0.907896 -0.999370
v 0.915932 -0.907926 -0.998404
v 0.923791 -0.907953 -0.996803
v 0.931441 -0.907979 -0.994593
v 0.938821 -0.907996 -0.991810
v 0.945885 -0.908008 -0.988490
v 0.952605 -0.908010 -0.984667
v 0.958951 -0.908009 -0.980378
v 0.964905 -0.908009 -0.975652
v 0.970457 -0.908010 -0.970510
v 0.900000 -0.915643 -0.998769
v 0.908017 -0.915844 -0.998411
v 0.916121 -0.915968 -0.997392
v 0.924090 -0.916036 -0.995721
v 0.931784 -0.916066 -0.993443
v 0.939128 -0.916058 -0.990615
v 0.946080 -0.916030 -0.987291
v 0.952625 -0.915985 -0.983517
v 0.958750 -0.915942 -0.979336
v 0.964459 -0.915915 -0.974778
v 0.969769 -0.915909 -0.969851
v 0.900000 -0.923345 -0.997237
v 0.908052 -0.923704 -0.996816
v 0.916218 -0.923931 -0.995730
v 0.924235 -0.924034 -0.993995
v 0.931919 -0.924036 -0.991670
v 0.939185 -0.923957 -0.988829
v 0.945984 -0.923837 -0.985541
v 0.952325 -0.923693 -0.981858
v 0.958205 -0.923564 -0.977826
v 0.963650 -0.923479 -0.973468
v 0.968698 -0.923449 -0.968780
v 0.900000 -0.930902 -0.995106
v 0.908069 -0.931378 -0.994606
v 0.916245 -0.931665 -0.993453
v 0.924245 -0.931759 -0.991671
v 0.931866 -0.931690 -0.989332
v 0.939015 -0.931494 -0.986521
v 0.945634 -0.931232 -0.983319
v 0.951751 -0.930943 -0.979777
v 0.957374 -0.930687 -0.975938
v 0.962546 -0.930514 -0.971811
v 0.967323 -0.930445 -0.967385
v 0.900000 -0.938268 -0.992388
v 0.908070 -0.938794 -0.991814
v 0.916217 -0.939074 -0.990610
v 0.924151 -0.939102 -0.988813
v 0.931665 -0.938912 -0.986505
v 0.938665 -0.938556 -0.983777
v 0.945081 -0.938110 -0.980718
v 0.950961 -0.937637 -0.977372
v 0.956324 -0.937224 -0.973770
v 0.961223 -0.936942 -0.969908
v 0.965724 -0.936824 -0.965760
v 0.900000 -0.945399 -0.989101
v 0.908067 -0.945893 -0.988480
v 0.916164 -0.946085 -0.987263
v 0.924003 -0.945973 -0.985501
v 0.931381 -0.945600 -0.983282
v 0.938209 -0.945031 -0.980699
v 0.944409 -0.944357 -0.977848
v 0.950048 -0.943666 -0.974756
v 0.955154 -0.943067 -0.971437
v 0.959782 -0.942656 -0.967872
v 0.964004 -0.942482 -0.964022
v 0.900000 -0.952250 -0.985264
v 0.908056 -0.952640 -0.984641
v 0.916091 -0.952676 -0.983464
v 0.923823 -0.952366 -0.981794
v 0.931060 -0.951768 -0.979721
v 0.937717 -0.950955 -0.977337
v 0.943710 -0.950032 -0.974741
v 0.949120 -0.949103 -0.971945
v 0.953969 -0.948289 -0.968960
v 0.958314 -0.947719 -0.965745
v 0.962231 -0.947472 -0.962239
v 0.900000 -0.958779 -0.980902
v 0.908041 -0.959002 -0.980337
v 0.916015 -0.958827 -0.979265
v 0.923653 -0.958276 -0.977746
v 0.930766 -0.957420 -0.975871
v 0.937278 -0.956344 -0.973727
v 0.943098 -0.955159 -0.971415
v 0.948303 -0.953967 -0.968952
v 0.952898 -0.952895 -0.966362
v 0.956936 -0.952113 -0.963581
v 0.960497 -0.951767 -0.960500
v 0.900000 -0.964945 -0.976041
v 0.908026 -0.964961 -0.975602
v 0.915952 -0.964544 -0.974697
v 0.923523 -0.963731 -0.973383
v 0.930553 -0.962604 -0.971744
v 0.936969 -0.961254 -0.969866
v 0.942672 -0.959796 -0.967849
v 0.947726 -0.958319 -0.965735
v 0.952115 -0.956937 -0.963578
v 0.955835 -0.955835 -0.961359
v 0.958924 -0.955280 -0.958924
v 0.999692 -0.907846 -0.900000
v 0.998769 -0.915643 -0.900000
v 0.997237 -0.923345 -0.900000
v 0.995106 -0.930902 -0.900000
v 0.992388 -0.938268 -0.900000
v 0.989101 -0.945399 -0.900000
v 0.985264 -0.952250 -0.900000
v 0.980902 -0.958779 -0.900000
v 0.976041 -0.964945 -0.900000
v 0.970711 -0.970711 -0.900000
v 0.999692 -0.900000 -0.907846
v 0.999370 -0.907953 -0.907896
v 0.998404 -0.915932 -0.907926
v 0.996803 -0.923791 -0.907953
v 0.994593 -0.931441 -0.907979
v 0.991810 -0.938821 -0.907996
v 0.988490 -0.945885 -0.908008
v 0.984667 -0.952605 -0.908010
v 0.980378 -0.958951 -0.908009
v 0.975652 -0.964905 -0.908009
v 0.970510 -0.970457 -0.908010
v 0.998769 -0.900000 -0.915643
v 0.998411 -0.908017 -0.915844
v 0.997392 -0.916121 -0.915968
v 0.995721 -0.924090 -0.916036
v 0.993443 -0.931784 -0.916066
v 0.990615 -0.939128 -0.916058
v 0.987291 -0.946080 -0.916030
v 0.983517 -0.952625 -0.915985
v 0.979336 -0.958750 -0.915942
v 0.974778 -0.964459 -0.915915
v 0.969851 -0.969769 -0.915909
v 0.997237 -0.900000 -0.923345
v 0.996816 -0.908052 -0.923704
v 0.995730 -0.916218 -0.923931
v 0.993995 -0.924235 -0.924034
v 0.991670 -0.931919 -0.924036
v 0.988829 -0.939185 -0.923957
v 0.985541 -0.945984 -0.923837
v 0.981858 -0.952325 -0.923693
v 0.977826 -0.958205 -0.923564
v 0.973468 -0.963650 -0.923479
v 0.968780 -0.968698 -0.923449
v 0.995106 -0.900000 -0.930902
v 0.994606 -0.908069 -0.931378
v 0.993453 -0.916245 -0.931665
v 0.991671 -0.924245 -0.931759
v 0.989332 -0.931866 -0.931690
v 0.986521 -0.939015 -0.931494
v 0.983319 -0.945634 -0.931232
v 0.979777 -0.951751 -0.930943
v 0.975938 -0.957374 -0.930687
v 0.971811 -0.962546 -0.930514
v 0.967385 -0.967323 -0.930445
v 0.992388 -0.900000 -0.938268
v 0.991814 -0.908070 -0.938794
v 0.990610 -0.916217 -0.939074
v 0.988813 -0.924151 -0.939102
v 0.986505 -0.931665 -0.938912
v 0.983777 -0.938665 -0.938556
v 0.980718 -0.945081 -0.938110
v 0.977372 -0.950961 -0.937637
v 0.973770 -0.956324 -0.937224
v 0.969908 -0.961223 -0.936942
v 0.965760 -0.965724 -0.936824
v 0.989101 -0.900000 -0.945399
v 0.988480 -0.908067 -0.945893
v 0.987263 -0.916164 -0.946085
v 0.985501 -0.924003 -0.945973
v 0.983282 -0.931381 -0.945600
v 0.980699 -0.938209 -0.945031
v 0.977848 -0.944409 -0.944357
v 0.974756 -0.950048 -0.943666
v 0.971437 -0.955154 -0.943067
v 0.967872 -0.959782 -0.942656
v 0.964022 -0.964004 -0.942482
v 0.985264 -0.900000 -0.952250
v 0.984641 -0.908056 -0.952640
v 0.983464 -0.916091 -0.952676
v 0.981794 -0.923823 -0.952366
v 0.979721 -0.931060 -0.951768
v 0.977337 -0.937717 -0.950955
v 0.974741 -0.943710 -0.950032
v 0.971945 -0.949120 -0.949103
v 0.968960 -0.953969 -0.948289
v 0.965745 -0.958314 -0.947719
v 0.962239 -0.962231 -0.947472
v 0.980902 -0.900000 -0.958779
v 0.980337 -0.908041 -0.959002
v 0.979265 -0.916015 -0.958827
v 0.977746 -0.923653 -0.958276
v 0.975871 -0.930766 -0.957420
v 0.973727 -0.937278 -0.956344
v 0.971415 -0.943098 -0.955159
v 0.968952 -0.948303 -0.953967
v 0.966362 -0.952898 -0.952895
v 0.963581 -0.956936 -0.952113
v 0.960500 -0.960497 -0.951767
v 0.976041 -0.900000 -0.964945
v 0.975602 -0.908026 -0.964961
v 0.974697 -0.915952 -0.964544
v 0.973383 -0.923523 -0.963731
v 0.971744 -0.930553 -0.962604
v 0.969866 -0.936969 -0.961254
v 0.967849 -0.942672 -0.959796
v 0.965735 -0.947726 -0.958319
v 0.963578 -0.952115 -0.956937
v 0.961359 -0.955835 -0.955835
v 0.958924 -0.958924 -0.955280
v 1.000000 0.900000 0.900000
v 0.900000 1.000000 0.900000
v 0.900000 0.900000 1.000000
v 0.999692 0.907846 0.900000
v 0.998769 0.915643 0.900000
v 0.997237 0.923345 0.900000
v 0.995106 0.930902 0.900000
v 0.992388 0.938268 0.900000
v 0.989101 0.945399 0.900000
v 0.985264 0.952250 0.900000
v 0.980902 0.958779 0.900000
v 0.976041 0.964945 0.900000
v 0.970711 0.970711 0.900000
v 0.999692 0.900000 0.907846
v 0.999370 0.907953 0.907896
v 0.998404 0.915932 0.907926
v 0.996803 0.923791 0.907953
v 0.994593 0.931441 0.907979
v 0.991810 0.938821 0.907996
v 0.988490 0.945885 0.908008
v 0.984667 0.952605 0.908010
v 0.980378 0.958951 0.908009
v 0.975652 0.964905 0.908009
v 0.970510 0.970457 0.908010
v 0.998769 0.900000 0.915643
v 0.998411 0.908017 0.915844
v 0.997392 0.916121 0.915968
v 0.995721 0.924090 0.916036
v 0.993443 0.931784 0.916066
v 0.990615 0.939128 0.916058
v 0.987291 0.946080 0.916030
v 0.983517 0.952625 0.915985
v 0.979336 0.958750 0.915942
v 0.974778 0.964459 0.915915
v 0.969851 0.969769 0.915909
v 0.997237 0.900000 0.923345
v 0.996816 0.908052 0.923704
v 0.995730 0.916218 0.923931
v 0.993995 0.924235 0.924034
v 0.991670 0.931919 0.924036
v 0.988829 0.939185 0.923957
v 0.985541 0.945984 0.923837
v 0.981858 0.952325 0.923693
v 0.977826 0.958205 0.923564
v 0.973468 0.963650 0.923479
v 0.968780 0.968698 0.923449
v 0.995106 0.900000 0.930902
v 0.994606 0.908069 0.931378
v 0.993453 0.916245 0.931665
v 0.991671 0.924245 0.931759
v 0.989332 0.931866 0.931690
v 0.986521 0.939015 0.931494
v 0.983319 0.945634 0.931232
v 0.979777 0.951751 0.930943
v 0.975938 0.957374 0.930687
v 0.971811 0.962546 0.930514
v 0.967385 0.967323 0.930445
v 0.992388 0.900000 0.938268
v 0.991814 0.908070 0.938794
v 0.990610 0.916217 0.939074
v 0.988813 0.924151 0.939102
v 0.986505 0.931665 0.938912
v 0.983777 0.938665 0.938556
v 0.980718 0.945081 0.938110
v 0.977372 0.950961 0.937637
v 0.973770 0.956324 0.937224
v 0.969908 0.961223 0.936942
v 0.965760 0.965724 0.936824
v 0.989101 0.900000 0.945399
v 0.988480 0.908067 0.945893
v 0.987263 0.916164 0.946085
v 0.985501 0.924003 0.945973
v 0.983282 0.931381 0.945600
v 0.980699 0.938209 0.945031
v 0.977848 0.944409 0.944357
v 0.974756 0.950048 0.943666
v 0.971437 0.955154 0.943067
v 0.967872 0.959782 0.942656
v 0.964022 0.964004 0.942482
v 0.985264 0.900000 0.952250
v 0.984641 0.908056 0.952640
v 0.983464 0.916091 0.952676
v 0.981794 0.923823 0.952366
v 0.979721 0.931060 0.951768
v 0.977337 0.937717 0.950955
v 0.974741 0.943710 0.950032
v 0.971945 0.949120 0.949103
v 0.968960 0.953969 0.948289
v 0.965745 0.958314 0.947719
v 0.962239 0.962231 0.947472
v 0.980902 0.900000 0.958779
v 0.980337 0.908041 0.959002
v 0.979265 0.916015 0.958827
v 0.977746 0.923653 0.958276
v 0.975871 0.930766 0.957420
v 0.973727 0.937278 0.956344
v 0.971415 0.943098 0.955159
v 0.968952 0.948303 0.953967
v 0.966362 0.952898 0.952895
v 0.963581 0.956936 0.952113
v 0.960500 0.960497 0.951767
v 0.976041 0.900000 0.964945
v 0.975602 0.908026 0.964961
v 0.974697 0.915952 0.964544
v 0.973383 0.923523 0.963731
v 0.971744 0.930553 0.962604
v 0.969866 0.936969 0.961254
v 0.967849 0.942672 0.959796
v 0.965735 0.947726 0.958319
v 0.963578 0.952115 0.956937
v 0.961359 0.955835 0.955835
v 0.958924 0.958924 0.955280
v 0.957735 0.957735 0.957735
v 0.900000 0.999692 0.907846
v 0.900000 0.998769 0.915643
v 0.900000 0.997237 0.923345
v 0.900000 0.995106 0.930902
v 0.900000 0.992388 0.938268
v 0.900000 0.989101 0.945399
v 0.900000 0.985264 0.952250
v 0.900000 0.980902 0.958779
v 0.900000 0.976041 0.964945
v 0.900000 0.970711 0.970711
v 0.907846 0.999692 0.900000
v 0.907896 0.999370 0.907953
v 0.907926 0.998404 0.915932
v 0.907953 0.996803 0.923791
v 0.907979 0.994593 0.931441
v 0.907996 0.991810 0.938821
v 0.908008 0.988490 0.945885
v 0.908010 0.984667 0.952605
v 0.908009 0.980378 0.958951
v 0.908009 0.975652 0.964905
v 0.908010 0.970510 0.970457
v 0.915643 0.998769 0.900000
v 0.915844 0.998411 0.908017
v 0.915968 0.997392 0.916121
v 0.916036 0.995721 0.924090
v 0.916066 0.993443 0.931784
v 0.916058 0.990615 0.939128
v 0.916030 0.987291 0.946080
v 0.915985 0.983517 0.952625
v 0.915942 0.979336 0.958750
v 0.915915 0.974778 0.964459
v 0.915909 0.969851 0.969769
v 0.923345 0.997237 0.900000
v 0.923704 0.996816 0.908052
v 0.923931 0.995730 0.916218
v 0.924034 0.993995 0.924235
v 0.924036 0.991670 0.931919
v 0.923957 0.988829 0.939185
v 0.923837 0.985541 0.945984
v 0.923693 0.981858 0.952325
v 0.923564 0.977826 0.958205
v 0.923479 0.973468 0.963650
v 0.923449 0.968780 0.968698
v 0.930902 0.995106 0.900000
v 0.931378 0.994606 0.908069
v 0.931665 0.993453 0.916245
v 0.931759 0.991671 0.924245
v 0.931690 0.989332 0.931866
v 0.931494 0.986521 0.939015
v 0.931232 0.983319 0.945634
v 0.930943 0.979777 0.951751
v 0.930687 0.975938 0.957374
v 0.930514 0.971811 0.962546
v 0.930445 0.967385 0.967323
v 0.938268 0.992388 0.900000
v 0.938794 0.991814 0.908070
v 0.939074 0.990610 0.916217
v 0.939102 0.988813 0.924151
v 0.938912 0.986505 0.931665
v 0.938556 0.983777 0.938665
v 0.938110 0.980718 0.945081
v 0.937637 0.977372 0.950961
v 0.937224 0.973770 0.956324
v 0.936942 0.969908 0.961223
v 0.936824 0.965760 0.965724
v 0.945399 0.989101 0.900000
v 0.945893 0.988480 0.908067
v 0.946085 0.987263 0.916164
v 0.945973 0.985501 0.924003
v 0.945600 0.983282 0.931381
v 0.945031 0.980699 0.938209
v 0.944357 0.977848 0.944409
v 0.943666 0.974756 0.950048
v 0.943067 0.971437 0.955154
v 0.942656 0.967872 0.959782
v 0.942482 0.964022 0.964004
v 0.952250 0.985264 0.900000
v 0.952640 0.984641 0.908056
v 0.952676 0.983464 0.916091
v 0.952366 0.981794 0.923823
v 0.951768 0.979721 0.931060
v 0.950955 0.977337 0.937717
v 0.950032 0.974741 0.943710
v 0.949103 0.971945 0.949120
v 0.948289 0.968960 0.953969
v 0.947719 0.965745 0.958314
v 0.947472 0.962239 0.962231
v 0.958779 0.980902 0.900000
v 0.959002 0.980337 0.908041
v 0.958827 0.979265 0.916015
v 0.958276 0.977746 0.923653
v 0.957420 0.975871 0.930766
v 0.956344 0.973727 0.937278
v 0.955159 0.971415 0.943098
v 0.953967 0.968952 0.948303
v 0.952895 0.966362 0.952898
v 0.952113 0.963581 0.956936
v 0.951767 0.960500 0.960497
v 0.964945 0.976041 0.900000
v 0.964961 0.975602 0.908026
v 0.964544 0.974697 0.915952
v 0.963731 0.973383 0.923523
v 0.962604 0.971744 0.930553
v 0.961254 0.969866 0.936969
v 0.959796 0.967849 0.942672
v 0.958319 0.965735 0.947726
v 0.956937 0.963578 0.952115
v 0.955835 0.961359 0.955835
v 0.955280 0.958924 0.958924
v 0.907846 0.900000 0.999692
v 0.915643 0.900000 0.998769
v 0.923345 0.900000 0.997237
v 0.930902 0.900000 0.995106
v 0.938268 0.900000 0.992388
v 0.945399 0.900000 0.989101
v 0.952250 0.900000 0.985264
v 0.958779 0.900000 0.980902
v 0.964945 0.900000 0.976041
v 0.970711 0.900000 0.970711
v 0.900000 0.907846 0.999692
v 0.907953 0.907896 0.999370
v 0.915932 0.907926 0.998404
v 0.923791 0.907953 0.996803
v 0.931441 0.907979 0.994593
v 0.938821 0.907996 0.991810
v 0.945885 0.908008 0.988490
v 0.952605 0.908010 0.984667
v 0.958951 0.908009 0.980378
v 0.964905 0.908009 0.975652
v 0.970457 0.908010 0.970510
v 0.900000 0.915643 0.998769
v 0.908017 0.915844 0.998411
v 0.916121 0.915968 0.997392
v 0.924090 0.916036 0.995721
v 0.931784 0.916066 0.993443
v 0.939128 0.916058 0.990615
v 0.946080 0.916030 0.987291
v 0.952625 0.915985 0.983517
v 0.958750 0.915942 0.979336
v 0.964459 0.915915 0.974778
v 0.969769 0.915909 0.969851
v 0.900000 0.923345 0.997237
v 0.908052 0.923704 0.996816
v 0.916218 0.923931 0.995730
v 0.924235 0.924034 0.993995
v 0.931919 0.924036 0.991670
v 0.939185 0.923957 0.988829
v 0.945984 0.923837 0.985541
v 0.952325 0.923693 0.981858
v 0.958205 0.923564 0.977826
v 0.963650 0.923479 0.973468
v 0.968698 0.923449 0.968780
v 0.900000 0.930902 0.995106
v 0.908069 0.931378 0.994606
v 0.916245 0.931665 0.993453
v 0.924245 0.931759 0.991671
v 0.931866 0.931690 0.989332
v 0.939015 0.931494 0.986521
v 0.945634 0.931232 0.983319
v 0.951751 0.930943 0.979777
v 0.957374 0.930687 0.975938
v 0.962546 0.930514 0.971811
v 0.967323 0.930445 0.967385
v 0.900000 0.938268 0.992388
v 0.908070 0.938794 0.991814
v 0.916217 0.939074 0.990610
v 0.924151 0.939102 0.988813
v 0.931665 0.938912 0.986505
v 0.938665 0.938556 0.983777
v 0.945081 0.938110 0.980718
v 0.950961 0.937637 0.977372
v 0.956324 0.937224 0.973770
v 0.961223 0.936942 0.969908
v 0.965724 0.936824 0.965760
v 0.900000 0.945399 0.989101
v 0.908067 0.945893 0.988480
v 0.916164 0.946085 0.987263
v 0.924003 0.945973 0.985501
v 0.931381 0.945600 0.983282
v 0.938209 0.945031 0.980699
v 0.944409 0.944357 0.977848
v 0.950048 0.943666 0.974756
v 0.955154 0.943067 0.971437
v 0.959782 0.942656 0.967872
v 0.964004 0.942482 0.964022
v 0.900000 0.952250 0.985264
v 0.908056 0.952640 0.984641
v 0.916091 0.952676 0.983464
v 0.923823 0.952366 0.981794
v 0.931060 0.951768 0.979721
v 0.937717 0.950955 0.977337
v 0.943710 0.950032 0.974741
v 0.949120 0.949103 0.971945
v 0.953969 0.948289 0.968960
v 0.958314 0.947719 0.965745
v 0.962231 0.947472 0.962239
v 0.900000 0.958779 0.980902
v 0.908041 0.959002 0.980337
v 0.916015 0.958827 0.979265
v 0.923653 0.958276 0.977746
v 0.930766 0.957420 0.975871
v 0.937278 0.956344 0.973727
v 0.943098 0.955159 0.971415
v 0.948303 0.953967 0.968952
v 0.952898 0.952895 0.966362
v 0.956936 0.952113 0.963581
v 0.960497 0.951767 0.960500
v 0.900000 0.964945 0.976041
v 0.908026 0.964961 0.975602
v 0.915952 0.964544 0.974697
v 0.923523 0.963731 0.973383
v 0.930553 0.962604 0.971744
v 0.936969 0.961254 0.969866
v 0.942672 0.959796 0.967849
v 0.947726 0.958319 0.965735
v 0.952115 0.956937 0.963578
v 0.955835 0.955835 0.961359
v 0.958924 0.955280 0.958924
v 1.000000 -0.900000 0.900000
v 0.900000 -0.900000 1.000000
v 0.900000 -1.000000 0.900000
v 0.999692 -0.900000 0.907846
v 0.998769 -0.900000 0.915643
v 0.997237 -0.900000 0.923345
v 0.995106 -0.900000 0.930902
v 0.992388 -0.900000 0.938268
v 0.989101 -0.900000 0.945399
v 0.985264 -0.900000 0.952250
v 0.980902 -0.900000 0.958779
v 0.976041 -0.900000 0.964945
v 0.970711 -0.900000 0.970711
v 0.999692 -0.907846 0.900000
v 0.999370 -0.907896 0.907953
v 0.998404 -0.907926 0.915932
v 0.996803 -0.907953 0.923791
v 0.994593 -0.907979 0.931441
v 0.991810 -0.907996 0.938821
v 0.988490 -0.908008 0.945885
v 0.984667 -0.908010 0.952605
v 0.980378 -0.908009 0.958951
v 0.975652 -0.908009 0.964905
v 0.970510 -0.908010 0.970457
v 0.998769 -0.915643 0.900000
v 0.998411 -0.915844 0.908017
v 0.997392 -0.915968 0.916121
v 0.995721 -0.916036 0.924090
v 0.993443 -0.916066 0.931784
v 0.990615 -0.916058 0.939128
v 0.987291 -0.916030 0.946080
v 0.983517 -0.915985 0.952625
v 0.979336 -0.915942 0.958750
v 0.974778 -0.915915 0.964459
v 0.969851 -0.915909 0.969769
v 0.997237 -0.923345 0.900000
v 0.996816 -0.923704 0.908052
v 0.995730 -0.923931 0.916218
v 0.993995 -0.924034 0.924235
v 0.991670 -0.924036 0.931919
v 0.988829 -0.923957 0.939185
v 0.985541 -0.923837 0.945984
v 0.981858 -0.923693 0.952325
v 0.977826 -0.923564 0.958205
v 0.973468 -0.923479 0.963650
v 0.968780 -0.923449 0.968698
v 0.995106 -0.930902 0.900000
v 0.994606 -0.931378 0.908069
v 0.993453 -0.931665 0.916245
v 0.991671 -0.931759 0.924245
v 0.989332 -0.931690 0.931866
v 0.986521 -0.931494 0.939015
v 0.983319 -0.931232 0.945634
v 0.979777 -0.930943 0.951751
v 0.975938 -0.930687 0.957374
v 0.971811 -0.930514 0.962546
v 0.967385 -0.930445 0.967323
v 0.992388 -0.938268 0.900000
v 0.991814 -0.938794 0.908070
v 0.990610 -0.939074 0.916217
v 0.988813 -0.939102 0.924151
v 0.986505 -0.938912 0.931665
v 0.983777 -0.938556 0.938665
v 0.980718 -0.938110 0.945081
v 0.977372 -0.937637 0.950961
v 0.973770 -0.937224 0.956324
v 0.969908 -0.936942 0.961223
v 0.965760 -0.936824 0.965724
v 0.989101 -0.945399 0.900000
v 0.988480 -0.945893 0.908067
v 0.987263 -0.946085 0.916164
v 0.985501 -0.945973 0.924003
v 0.983282 -0.945600 0.931381
v 0.980699 -0.945031 0.938209
v 0.977848 -0.944357 0.944409
v 0.974756 -0.943666 0.950048
v 0.971437 -0.943067 0.955154
v 0.967872 -0.942656 0.959782
v 0.964022 -0.942482 0.964004
v 0.985264 -0.952250 0.900000
v 0.984641 -0.952640 0.908056
v 0.983464 -0.952676 0.916091
v 0.981794 -0.952366 0.923823
v 0.979721 -0.951768 0.931060
v 0.977337 -0.950955 0.937717
v 0.974741 -0.950032 0.943710
v 0.971945 -0.949103 0.949120
v 0.968960 -0.948289 0.953969
v 0.965745 -0.947719 0.958314
v 0.962239 -0.947472 0.962231
v 0.980902 -0.958779 0.900000
v 0.980337 -0.959002 0.908041
v 0.979265 -0.958827 0.916015
v 0.977746 -0.958276 0.923653
v 0.975871 -0.957420 0.930766
v 0.973727 -0.956344 0.937278
v 0.971415 -0.955159 0.943098
v 0.968952 -0.953967 0.948303
v 0.966362 -0.952895 0.952898
v 0.963581 -0.952113 0.956936
v 0.960500 -0.951767 0.960497
v 0.976041 -0.964945 0.900000
v 0.975602 -0.964961 0.908026
v 0.974697 -0.964544 0.915952
v 0.973383 -0.963731 0.923523
v 0.971744 -0.962604 0.930553
v 0.969866 -0.961254 0.936969
v 0.967849 -0.959796 0.942672
v 0.965735 -0.958319 0.947726
v 0.963578 -0.956937 0.952115
v 0.961359 -0.955835 0.955835
v 0.958924 -0.955280 0.958924
v 0.957735 -0.957735 0.957735
v 0.900000 -0.907846 0.999692
v 0.900000 -0.915643 0.998769
v 0.900000 -0.923345 0.997237
v 0.900000 -0.930902 0.995106
v 0.900000 -0.938268 0.992388
v 0.900000 -0.945399 0.989101
v 0.900000 -0.952250 0.985264
v 0.900000 -0.958779 0.980902
v 0.900000 -0.964945 0.976041
v 0.900000 -0.970711 0.970711
v 0.907846 -0.900000 0.999692
v 0.907896 -0.907953 0.999370
v 0.907926 -0.915932 0.998404
v 0.907953 -0.923791 0.996803
v 0.907979 -0.931441 0.994593
v 0.907996 -0.938821 0.991810
v 0.908008 -0.945885 0.988490
v 0.908010 -0.952605 0.984667
v 0.908009 -0.958951 0.980378
v 0.908009 -0.964905 0.975652
v 0.908010 -0.970457 0.970510
v 0.915643 -0.900000 0.998769
v 0.915844 -0.908017 0.998411
v 0.915968 -0.916121 0.997392
v 0.916036 -0.924090 0.995721
v 0.916066 -0.931784 0.993443
v 0.916058 -0.939128 0.990615
v 0.916030 -0.946080 0.987291
v 0.915985 -0.952625 0.983517
v 0.915942 -0.958750 0.979336
v 0.915915 -0.964459 0.974778
v 0.915909 -0.969769 0.969851
v 0.923345 -0.900000 0.997237
v 0.923704 -0.908052 0.996816
v 0.923931 -0.916218 0.995730
v 0.924034 -0.924235 0.993995
v 0.924036 -0.931919 0.991670
v 0.923957 -0.939185 0.988829
v 0.923837 -0.945984 0.985541
v 0.923693 -0.952325 0.981858
v 0.923564 -0.958205 0.977826
v 0.923479 -0.963650 0.973468
v 0.923449 -0.968698 0.968780
v 0.930902 -0.900000 0.995106
v 0.931378 -0.908069 0.994606
v 0.931665 -0.916245 0.993453
v 0.931759 -0.924245 0.991671
v 0.931690 -0.931866 0.989332
v 0.931494 -0.939015 0.986521
v 0.931232 -0.945634 0.983319
v 0.930943 -0.951751 0.979777
v 0.930687 -0.957374 0.975938
v 0.930514 -0.962546 0.971811
v 0.930445 -0.967323 0.967385
v 0.938268 -0.900000 0.992388
v 0.938794 -0.908070 0.991814
v 0.939074 -0.916217 0.990610
v 0.939102 -0.924151 0.988813
v 0.938912 -0.931665 0.986505
v 0.938556 -0.938665 0.983777
v 0.938110 -0.945081 0.980718
v 0.937637 -0.950961 0.977372
v 0.937224 -0.956324 0.973770
v 0.936942 -0.961223 0.969908
v 0.936824 -0.965724 0.965760
v 0.945399 -0.900000 0.989101
v 0.945893 -0.908067 0.988480
v 0.946085 -0.916164 0.987263
v 0.945973 -0.924003 0.985501
v 0.945600 -0.931381 0.983282
v 0.945031 -0.938209 0.980699
v 0.944357 -0.944409 0.977848
v 0.943666 -0.950048 0.974756
v 0.943067 -0.955154 0.971437
v 0.942656 -0.959782 0.967872
v 0.942482 -0.964004 0.964022
v 0.952250 -0.900000 0.985264
v 0.952640 -0.908056 0.984641
v 0.952676 -0.916091 0.983464
v 0.952366 -0.923823 0.981794
v 0.951768 -0.931060 0.979721
v 0.950955 -0.937717 0.977337
v 0.950032 -0.943710 0.974741
v 0.949103 -0.949120 0.971945
v 0.948289 -0.953969 0.968960
v 0.947719 -0.958314 0.965745
v 0.947472 -0.962231 0.962239
v 0.958779 -0.900000 0.980902
v 0.959002 -0.908041 0.980337
v 0.958827 -0.916015 0.979265
v 0.958276 -0.923653 0.977746
v 0.957420 -0.930766 0.975871
v 0.956344 -0.937278 0.973727
v 0.955159 -0.943098 0.971415
v 0.953967 -0.948303 0.968952
v 0.952895 -0.952898 0.966362
v 0.952113 -0.956936 0.963581
v 0.951767 -0.960497 0.960500
v 0.964945 -0.900000 0.976041
v 0.964961 -0.908026 0.975602
v 0.964544 -0.915952 0.974697
v 0.963731 -0.923523 0.973383
v 0.962604 -0.930553 0.971744
v 0.961254 -0.936969 0.969866
v 0.959796 -0.942672 0.967849
v 0.958319 -0.947726 0.965735
v 0.956937 -0.952115 0.963578
v 0.955835 -0.955835 0.961359
v 0.955280 -0.958924 0.958924
v 0.907846 -0.999692 0.900000
v 0.915643 -0.998769 0.900000
v 0.923345 -0.997237 0.900000
v 0.930902 -0.995106 0.900000
v 0.938268 -0.992388 0.900000
v 0.945399 -0.989101 0.900000
v 0.952250 -0.985264 0.900000
v 0.958779 -0.980902 0.900000
v 0.964945 -0.976041 0.900000
v 0.970711 -0.970711 0.900000
v 0.900000 -0.999692 0.907846
v 0.907953 -0.999370 0.907896
v 0.915932 -0.998404 0.907926
v 0.923791 -0.996803 0.907953
v 0.931441 -0.994593 0.907979
v 0.938821 -0.991810 0.907996
v 0.945885 -0.988490 0.908008
v 0.952605 -0.984667 0.908010
v 0.958951 -0.980378 0.908009
v 0.964905 -0.975652 0.908009
v 0.970457 -0.970510 0.908010
v 0.900000 -0.998769 0.915643
v 0.908017 -0.998411 0.915844
v 0.916121 -0.997392 0.915968
v 0.924090 -0.995721 0.916036
v 0.931784 -0.993443 0.916066
v 0.939128 -0.990615 0.916058
v 0.946080 -0.987291 0.916030
v 0.952625 -0.983517 0.915985
v 0.958750 -0.979336 0.915942
v 0.964459 -0.974778 0.915915
v 0.969769 -0.969851 0.915909
v 0.900000 -0.997237 0.923345
v 0.908052 -0.996816 0.923704
v 0.916218 -0.995730 0.923931
v 0.924235 -0.993995 0.924034
v 0.931919 -0.991670 0.924036
v 0.939185 -0.988829 0.923957
v 0.945984 -0.985541 0.923837
v 0.952325 -0.981858 0.923693
v 0.958205 -0.977826 0.923564
v 0.963650 -0.973468 0.923479
v 0.968698 -0.968780 0.923449
v 0.900000 -0.995106 0.930902
v 0.908069 -0.994606 0.931378
v 0.916245 -0.993453 0.931665
v 0.924245 -0.991671 0.931759
v 0.931866 -0.989332 0.931690
v 0.939015 -0.986521 0.931494
v 0.945634 -0.983319 0.931232
v 0.951751 -0.979777 0.930943
v 0.957374 -0.975938 0.930687
v 0.962546 -0.971811 0.930514
v 0.967323 -0.967385 0.930445
v 0.900000 -0.992388 0.938268
v 0.908070 -0.991814 0.938794
v 0.916217 -0.990610 0.939074
v 0.924151 -0.988813 0.939102
v 0.931665 -0.986505 0.938912
v 0.938665 -0.983777 0.938556
v 0.945081 -0.980718 0.938110
v 0.950961 -0.977372 0.937637
v 0.956324 -0.973770 0.937224
v 0.961223 -0.969908 0.936942
v 0.965724 -0.965760 0.936824
v 0.900000 -0.989101 0.945399
v 0.908067 -0.988480 0.945893
v 0.916164 -0.987263 0.946085
v 0.924003 -0.985501 0.945973
v 0.931381 -0.983282 0.945600
v 0.938209 -0.980699 0.945031
v 0.944409 -0.977848 0.944357
v 0.950048 -0.974756 0.943666
v 0.955154 -0.971437 0.943067
v 0.959782 -0.967872 0.942656
v 0.964004 -0.964022 0.942482
v 0.900000 -0.985264 0.952250
v 0.908056 -0.984641 0.952640
v 0.916091 -0.983464 0.952676
v 0.923823 -0.981794 0.952366
v 0.931060 -0.979721 0.951768
v 0.937717 -0.977337 0.950955
v 0.943710 -0.974741 0.950032
v 0.949120 -0.971945 0.949103
v 0.953969 -0.968960 0.948289
v 0.958314 -0.965745 0.947719
v 0.962231 -0.962239 0.947472
v 0.900000 -0.980902 0.958779
v 0.908041 -0.980337 0.959002
v 0.916015 -0.979265 0.958827
v 0.923653 -0.977746 0.958276
v 0.930766 -0.975871 0.957420
v 0.937278 -0.973727 0.956344
v 0.943098 -0.971415 0.955159
v 0.948303 -0.968952 0.953967
v 0.952898 -0.966362 0.952895
v 0.956936 -0.963581 0.952113
v 0.960497 -0.960500 0.951767
v 0.900000 -0.976041 0.964945
v 0.908026 -0.975602 0.964961
v 0.915952 -0.974697 0.964544
v 0.923523 -0.973383 0.963731
v 0.930553 -0.971744 0.962604
v 0.936969 -0.969866 0.961254
v 0.942672 -0.967849 0.959796
v 0.947726 -0.965735 0.958319
v 0.952115 -0.963578 0.956937
v 0.955835 -0.961359 0.955835
v 0.958924 -0.958924 0.955280
v -0.900000 0.900000 -1.000000
v -1.000000 0.900000 -0.900000
v -0.900000 1.000000 -0.900000
v -0.907846 0.900000 -0.999692
v -0.915643 0.900000 -0.998769
v -0.923345 0.900000 -0.997237
v -0.930902 0.900000 -0.995106
v -0.938268 0.900000 -0.992388
v -0.945399 0.900000 -0.989101
v -0.952250 0.900000 -0.985264
v -0.958779 0.900000 -0.980902
v -0.964945 0.900000 -0.976041
v -0.970711 0.900000 -0.970711
v -0.900000 0.907846 -0.999692
v -0.907953 0.907896 -0.999370
v -0.915932 0.907926 -0.998404
v -0.923791 0.907953 -0.996803
v -0.931441 0.907979 -0.994593
v -0.938821 0.907996 -0.991810
v -0.945885 0.908008 -0.988490
v -0.952605 0.908010 -0.984667
v -0.958951 0.908009 -0.980378
v -0.964905 0.908009 -0.975652
v -0.970457 0.908010 -0.970510
v -0.900000 0.915643 -0.998769
v -0.908017 0.915844 -0.998411
v -0.916121 0.915968 -0.997392
v -0.924090 0.916036 -0.995721
v -0.931784 0.916066 -0.993443
v -0.939128 0.916058 -0.990615
v -0.946080 0.916030 -0.987291
v -0.952625 0.915985 -0.983517
v -0.958750 0.915942 -0.979336
v -0.964459 0.915915 -0.974778
v -0.969769 0.915909 -0.969851
v -0.900000 0.923345 -0.997237
v -0.908052 0.923704 -0.996816
v -0.916218 0.923931 -0.995730
v -0.924235 0.924034 -0.993995
v -0.931919 0.924036 -0.991670
v -0.939185 0.923957 -0.988829
v -0.945984 0.923837 -0.985541
v -0.952325 0.923693 -0.981858
v -0.958205 0.923564 -0.977826
v -0.963650 0.923479 -0.973468
v -0.968698 0.923449 -0.968780
v -0.900000 0.930902 -0.995106
v -0.908069 0.931378 -0.994606
v -0.916245 0.931665 -0.993453
v -0.924245 0.931759 -0.991671
v -0.931866 0.931690 -0.989332
v -0.939015 0.931494 -0.986521
v -0.945634 0.931232 -0.983319
v -0.951751 0.930943 -0.979777
v -0.957374 0.930687 -0.975938
v -0.962546 0.930514 -0.971811
v -0.967323 0.930445 -0.967385
v -0.900000 0.938268 -0.992388
v -0.908070 0.938794 -0.991814
v -0.916217 0.939074 -0.990610
v -0.924151 0.939102 -0.988813
v -0.931665 0.938912 -0.986505
v -0.938665 0.938556 -0.983777
v -0.945081 0.938110 -0.980718
v -0.950961 0.937637 -0.977372
v -0.956324 0.937224 -0.973770
v -0.961223 0.936942 -0.969908
v -0.965724 0.936824 -0.965760
v -0.900000 0.945399 -0.989101
v -0.908067 0.945893 -0.988480
v -0.916164 0.946085 -0.987263
v -0.924003 0.945973 -0.985501
v -0.931381 0.945600 -0.983282
v -0.938209 0.945031 -0.980699
v -0.944409 0.944357 -0.977848
v -0.950048 0.943666 -0.974756
v -0.955154 0.943067 -0.971437
v -0.959782 0.942656 -0.967872
v -0.964004 0.942482 -0.964022
v -0.900000 0.952250 -0.985264
v -0.908056 0.952640 -0.984641
v -0.916091 0.952676 -0.983464
v -0.923823 0.952366 -0.981794
v -0.931060 0.951768 -0.979721
v -0.937717 0.950955 -0.977337
v -0.943710 0.950032 -0.974741
v -0.949120 0.949103 -0.971945
v -0.953969 0.948289 -0.968960
v -0.958314 0.947719 -0.965745
v -0.962231 0.947472 -0.962239
v -0.900000 0.958779 -0.980902
v -0.908041 0.959002 -0.980337
v -0.916015 0.958827 -0.979265
v -0.923653 0.958276 -0.977746
v -0.930766 0.957420 -0.975871
v -0.937278 0.956344 -0.973727
v -0.943098 0.955159 -0.971415
v -0.948303 0.953967 -0.968952
v -0.952898 0.952895 -0.966362
v -0.956936 0.952113 -0.963581
v -0.960497 0.951767 -0.960500
v -0.900000 0.964945 -0.976041
v -0.908026 0.964961 -0.975602
v -0.915952 0.964544 -0.974697
v -0.923523 0.963731 -0.973383
v -0.930553 0.962604 -0.971744
v -0.936969 0.961254 -0.969866
v -0.942672 0.959796 -0.967849
v -0.947726 0.958319 -0.965735
v -0.952115 0.956937 -0.963578
v -0.955835 0.955835 -0.961359
v -0.958924 0.955280 -0.958924
v -0.957735 0.957735 -0.957735
v -0.999692 0.907846 -0.900000
v -0.998769 0.915643 -0.900000
v -0.997237 0.923345 -0.900000
v -0.995106 0.930902 -0.900000
v -0.992388 0.938268 -0.900000
v -0.989101 0.945399 -0.900000
v -0.985264 0.952250 -0.900000
v -0.980902 0.958779 -0.900000
v -0.976041 0.964945 -0.900000
v -0.970711 0.970711 -0.900000
v -0.999692 0.900000 -0.907846
v -0.999370 0.907953 -0.907896
v -0.998404 0.915932 -0.907926
v -0.996803 0.923791 -0.907953
v -0.994593 0.931441 -0.907979
v -0.991810 0.938821 -0.907996
v -0.988490 0.945885 -0.908008
v -0.984667 0.952605 -0.908010
v -0.980378 0.958951 -0.908009
v -0.975652 0.964905 -0.908009
v -0.970510 0.970457 -0.908010
v -0.998769 0.900000 -0.915643
v -0.998411 0.908017 -0.915844
v -0.997392 0.916121 -0.915968
v -0.995721 0.924090 -0.916036
v -0.993443 0.931784 -0.916066
v -0.990615 0.939128 -0.916058
v -0.987291 0.946080 -0.916030
v -0.983517 0.952625 -0.915985
v -0.979336 0.958750 -0.915942
v -0.974778 0.964459 -0.915915
v -0.969851 0.969769 -0.915909
v -0.997237 0.900000 -0.923345
v -0.996816 0.908052 -0.923704
v -0.995730 0.916218 -0.923931
v -0.993995 0.924235 -0.924034
v -0.991670 0.931919 -0.924036
v -0.988829 0.939185 -0.923957
v -0.985541 0.945984 -0.923837
v -0.981858 0.952325 -0.923693
v -0.977826 0.958205 -0.923564
v -0.973468 0.963650 -0.923479
v -0.968780 0.968698 -0.923449
v -0.995106 0.900000 -0.930902
v -0.994606 0.908069 -0.931378
v -0.993453 0.916245 -0.931665
v -0.991671 0.924245 -0.931759
v -0.989332 0.931866 -0.931690
v -0.986521 0.939015 -0.931494
v -0.983319 0.945634 -0.931232
v -0.979777 0.951751 -0.930943
v -0.975938 0.957374 -0.930687
v -0.971811 0.962546 -0.930514
v -0.967385 0.967323 -0.930445
v -0.992388 0.900000 -0.938268
v -0.991814 0.908070 -0.938794
v -0.990610 0.916217 -0.939074
v -0.988813 0.924151 -0.939102
v -0.986505 0.931665 -0.938912
v -0.983777 0.938665 -0.938556
v -0.980718 0.945081 -0.938110
v -0.977372 0.950961 -0.937637
v -0.973770 0.956324 -0.937224
v -0.969908 0.961223 -0.936942
v -0.965760 0.965724 -0.936824
v -0.989101 0.900000 -0.945399
v -0.988480 0.908067 -0.945893
v -0.987263 0.916164 -0.946085
v -0.985501 0.924003 -0.945973
v -0.983282 0.931381 -0.945600
v -0.980699 0.938209 -0.945031
v -0.977848 0.944409 -0.944357
v -0.974756 0.950048 -0.943666
v -0.971437 0.955154 -0.943067
v -0.967872 0.959782 -0.942656
v -0.964022 0.964004 -0.942482
v -0.985264 0.900000 -0.952250
v -0.984641 0.908056 -0.952640
v -0.983464 0.916091 -0.952676
v -0.981794 0.923823 -0.952366
v -0.979721 0.931060 -0.951768
v -0.977337 0.937717 -0.950955
v -0.974741 0.943710 -0.950032
v -0.971945 0.949120 -0.949103
v -0.968960 0.953969 -0.948289
v -0.965745 0.958314 -0.947719
v -0.962239 0.962231 -0.947472
v -0.980902 0.900000 -0.958779
v -0.980337 0.908041 -0.959002
v -0.979265 0.916015 -0.958827
v -0.977746 0.923653 -0.958276
v -0.975871 0.930766 -0.957420
v -0.973727 0.937278 -0.956344
v -0.971415 0.943098 -0.955159
v -0.968952 0.948303 -0.953967
v -0.966362 0.952898 -0.952895
v -0.963581 0.956936 -0.952113
v -0.960500 0.960497 -0.951767
v -0.976041 0.900000 -0.964945
v -0.975602 0.908026 -0.964961
v -0.974697 0.915952 -0.964544
v -0.973383 0.923523 -0.963731
v -0.971744 0.930553 -0.962604
v -0.969866 0.936969 -0.961254
v -0.967849 0.942672 -0.959796
v -0.965735 0.947726 -0.958319
v -0.963578 0.952115 -0.956937
v -0.961359 0.955835 -0.955835
v -0.958924 0.958924 -0.955280
v -0.900000 0.999692 -0.907846
v -0.900000 0.998769 -0.915643
v -0.900000 0.997237 -0.923345
v -0.900000 0.995106 -0.930902
v -0.900000 0.992388 -0.938268
v -0.900000 0.989101 -0.945399
v -0.900000 0.985264 -0.952250
v -0.900000 0.980902 -0.958779
v -0.900000 0.976041 -0.964945
v -0.900000 0.970711 -0.970711
v -0.907846 0.999692 -0.900000
v -0.907896 0.999370 -0.907953
v -0.907926 0.998404 -0.915932
v -0.907953 0.996803 -0.923791
v -0.907979 0.994593 -0.931441
v -0.907996 0.991810 -0.938821
v -0.908008 0.988490 -0.945885
v -0.908010 0.984667 -0.952605
v -0.908009 0.980378 -0.958951
v -0.908009 0.975652 -0.964905
v -0.908010 0.970510 -0.970457
v -0.915643 0.998769 -0.900000
v -0.915844 0.998411 -0.908017
v -0.915968 0.997392 -0.916121
v -0.916036 0.995721 -0.924090
v -0.916066 0.993443 -0.931784
v -0.916058 0.990615 -0.939128
v -0.916030 0.987291 -0.946080
v -0.915985 0.983517 -0.952625
v -0.915942 0.979336 -0.958750
v -0.915915 0.974778 -0.964459
v -0.915909 0.969851 -0.969769
v -0.923345 0.997237 -0.900000
v -0.923704 0.996816 -0.908052
v -0.923931 0.995730 -0.916218
v -0.924034 0.993995 -0.924235
v -0.924036 0.991670 -0.931919
v -0.923957 0.988829 -0.939185
v -0.923837 0.985541 -0.945984
v -0.923693 0.981858 -0.952325
v -0.923564 0.977826 -0.958205
v -0.923479 0.973468 -0.963650
v -0.923449 0.968780 -0.968698
v -0.930902 0.995106 -0.900000
v -0.931378 0.994606 -0.908069
v -0.931665 0.993453 -0.916245
v -0.931759 0.991671 -0.924245
v -0.931690 0.989332 -0.931866
v -0.931494 0.986521 -0.939015
v -0.931232 0.983319 -0.945634
v -0.930943 0.979777 -0.951751
v -0.930687 0.975938 -0.957374
v -0.930514 0.971811 -0.962546
v -0.930445 0.967385 -0.967323
v -0.938268 0.992388 -0.900000
v -0.938794 0.991814 -0.908070
v -0.939074 0.990610 -0.916217
v -0.939102 0.988813 -0.924151
v -0.938912 0.986505 -0.931665
v -0.938556 0.983777 -0.938665
v -0.938110 0.980718 -0.945081
v -0.937637 0.977372 -0.950961
v -0.937224 0.973770 -0.956324
v -0.936942 0.969908 -0.961223
v -0.936824 0.965760 -0.965724
v -0.945399 0.989101 -0.900000
v -0.945893 0.988480 -0.908067
v -0.946085 0.987263 -0.916164
v -0.945973 0.985501 -0.924003
v -0.945600 0.983282 -0.931381
v -0.945031 0.980699 -0.938209
v -0.944357 0.977848 -0.944409
v -0.943666 0.974756 -0.950048
v -0.943067 0.971437 -0.955154
v -0.942656 0.967872 -0.959782
v -0.942482 0.964022 -0.964004
v -0.952250 0.985264 -0.900000
v -0.952640 0.984641 -0.908056
v -0.952676 0.983464 -0.916091
v -0.952366 0.981794 -0.923823
v -0.951768 0.979721 -0.931060
v -0.950955 0.977337 -0.937717
v -0.950032 0.974741 -0.943710
v -0.949103 0.971945 -0.949120
v -0.948289 0.968960 -0.953969
v -0.947719 0.965745 -0.958314
v -0.947472 0.962239 -0.962231
v -0.958779 0.980902 -0.900000
v -0.959002 0.980337 -0.908041
v -0.958827 0.979265 -0.916015
v -0.958276 0.977746 -0.923653
v -0.957420 0.975871 -0.930766
v -0.956344 0.973727 -0.937278
v -0.955159 0.971415 -0.943098
v -0.953967 0.968952 -0.948303
v -0.952895 0.966362 -0.952898
v -0.952113 0.963581 -0.956936
v -0.951767 0.960500 -0.960497
v -0.964945 0.976041 -0.900000
v -0.964961 0.975602 -0.908026
v -0.964544 0.974697 -0.915952
v -0.963731 0.973383 -0.923523
v -0.962604 0.971744 -0.930553
v -0.961254 0.969866 -0.936969
v -0.959796 0.967849 -0.942672
v -0.958319 0.965735 -0.947726
v -0.956937 0.963578 -0.952115
v -0.955835 0.961359 -0.955835
v -0.955280 0.958924 -0.958924
v -1.000000 -0.900000 -0.900000
v -0.900000 -0.900000 -1.000000
v -0.900000 -1.000000 -0.900000
v -0.999692 -0.900000 -0.907846
v -0.998769 -0.900000 -0.915643
v -0.997237 -0.900000 -0.923345
v -0.995106 -0.900000 -0.930902
v -0.992388 -0.900000 -0.938268
v -0.989101 -0.900000 -0.945399
v -0.985264 -0.900000 -0.952250
v -0.980902 -0.900000 -0.958779
v -0.976041 -0.900000 -0.964945
v -0.970711 -0.900000 -0.970711
v -0.999692 -0.907846 -0.900000
v -0.999370 -0.907896 -0.907953
v -0.998404 -0.907926 -0.915932
v -0.996803 -0.907953 -0.923791
v -0.994593 -0.907979 -0.931441
v -0.991810 -0.907996 -0.938821
v -0.988490 -0.908008 -0.945885
v -0.984667 -0.908010 -0.952605
v -0.980378 -0.908009 -0.958951
v -0.975652 -0.908009 -0.964905
v -0.970510 -0.908010 -0.970457
v -0.998769 -0.915643 -0.900000
v -0.998411 -0.915844 -0.908017
v -0.997392 -0.915968 -0.916121
v -0.995721 -0.916036 -0.924090
v -0.993443 -0.916066 -0.931784
v -0.990615 -0.916058 -0.939128
v -0.987291 -0.916030 -0.946080
v -0.983517 -0.915985 -0.952625
v -0.979336 -0.915942 -0.958750
v -0.974778 -0.915915 -0.964459
v -0.969851 -0.915909 -0.969769
v -0.997237 -0.923345 -0.900000
v -0.996816 -0.923704 -0.908052
v -0.995730 -0.923931 -0.916218
v -0.993995 -0.924034 -0.924235
v -0.991670 -0.924036 -0.931919
v -0.988829 -0.923957 -0.939185
v -0.985541 -0.923837 -0.945984
v -0.981858 -0.923693 -0.952325
v -0.977826 -0.923564 -0.958205
v -0.973468 -0.923479 -0.963650
v -0.968780 -0.923449 -0.968698
v -0.995106 -0.930902 -0.900000
v -0.994606 -0.931378 -0.908069
v -0.993453 -0.931665 -0.916245
v -0.991671 -0.931759 -0.924245
v -0.989332 -0.931690 -0.931866
v -0.986521 -0.931494 -0.939015
v -0.983319 -0.931232 -0.945634
v -0.979777 -0.930943 -0.951751
v -0.975938 -0.930687 -0.957374
v -0.971811 -0.930514 -0.962546
v -0.967385 -0.930445 -0.967323
v -0.992388 -0.938268 -0.900000
v -0.991814 -0.938794 -0.908070
v -0.990610 -0.939074 -0.916217
v -0.988813 -0.939102 -0.924151
v -0.986505 -0.938912 -0.931665
v -0.983777 -0.938556 -0.938665
v -0.980718 -0.938110 -0.945081
v -0.977372 -0.937637 -0.950961
v -0.973770 -0.937224 -0.956324
v -0.969908 -0.936942 -0.961223
v -0.965760 -0.936824 -0.965724
v -0.989101 -0.945399 -0.900000
v -0.988480 -0.945893 -0.908067
v -0.987263 -0.946085 -0.916164
v -0.985501 -0.945973 -0.924003
v -0.983282 -0.945600 -0.931381
v -0.980699 -0.945031 -0.938209
v -0.977848 -0.944357 -0.944409
v -0.974756 -0.943666 -0.950048
v -0.971437 -0.943067 -0.955154
v -0.967872 -0.942656 -0.959782
v -0.964022 -0.942482 -0.964004
v -0.985264 -0.952250 -0.900000
v -0.984641 -0.952640 -0.908056
v -0.983464 -0.952676 -0.916091
v -0.981794 -0.952366 -0.923823
v -0.979721 -0.951768 -0.931060
v -0.977337 -0.950955 -0.937717
v -0.974741 -0.950032 -0.943710
v -0.971945 -0.949103 -0.949120
v -0.968960 -0.948289 -0.953969
v -0.965745 -0.947719 -0.958314
v -0.962239 -0.947472 -0.962231
v -0.980902 -0.958779 -0.900000
v -0.980337 -0.959002 -0.908041
v -0.979265 -0.958827 -0.916015
v -0.977746 -0.958276 -0.923653
v -0.975871 -0.957420 -0.930766
v -0.973727 -0.956344 -0.937278
v -0.971415 -0.955159 -0.943098
v -0.968952 -0.953967 -0.948303
v -0.966362 -0.952895 -0.952898
v -0.963581 -0.952113 -0.956936
v -0.960500 -0.951767 -0.960497
v -0.976041 -0.964945 -0.900000
v -0.975602 -0.964961 -0.908026
v -0.974697 -0.964544 -0.915952
v -0.973383 -0.963731 -0.923523
v -0.971744 -0.962604 -0.930553
v -0.969866 -0.961254 -0.936969
v -0.967849 -0.959796 -0.942672
v -0.965735 -0.958319 -0.947726
v -0.963578 -0.956937 -0.952115
v -0.961359 -0.955835 -0.955835
v -0.958924 -0.955280 -0.958924
v -0.957735 -0.957735 -0.957735
v -0.900000 -0.907846 -0.999692
v -0.900000 -0.915643 -0.998769
v -0.900000 -0.923345 -0.997237
v -0.900000 -0.930902 -0.995106
v -0.900000 -0.938268 -0.992388
v -0.900000 -0.945399 -0.989101
v -0.900000 -0.952250 -0.985264
v -0.900000 -0.958779 -0.980902
v -0.900000 -0.964945 -0.976041
v -0.900000 -0.970711 -0.970711
v -0.907846 -0.900000 -0.999692
v -0.907896 -0.907953 -0.999370
v -0.907926 -0.915932 -0.998404
v -0.907953 -0.923791 -0.996803
v -0.907979 -0.931441 -0.994593
v -0.907996 -0.938821 -0.991810
v -0.908008 -0.945885 -0.988490
v -0.908010 -0.952605 -0.984667
v -0.908009 -0.958951 -0.980378
v -0.908009 -0.964905 -0.975652
v -0.908010 -0.970457 -0.970510
v -0.915643 -0.900000 -0.998769
v -0.915844 -0.908017 -0.998411
v -0.915968 -0.916121 -0.997392
v -0.916036 -0.924090 -0.995721
v -0.916066 -0.931784 -0.993443
v -0.916058 -0.939128 -0.990615
v -0.916030 -0.946080 -0.987291
v -0.915985 -0.952625 -0.983517
v -0.915942 -0.958750 -0.979336
v -0.915915 -0.964459 -0.974778
v -0.915909 -0.969769 -0.969851
v -0.923345 -0.900000 -0.997237
v -0.923704 -0.908052 -0.996816
v -0.923931 -0.916218 -0.995730
v -0.924034 -0.924235 -0.993995
v -0.924036 -0.931919 -0.991670
v -0.923957 -0.939185 -0.988829
v -0.923837 -0.945984 -0.985541
v -0.923693 -0.952325 -0.981858
v -0.923564 -0.958205 -0.977826
v -0.923479 -0.963650 -0.973468
v -0.923449 -0.968698 -0.968780
v -0.930902 -0.900000 -0.995106
v -0.931378 -0.908069 -0.994606
v -0.931665 -0.916245 -0.993453
v -0.931759 -0.924245 -0.991671
v -0.931690 -0.931866 -0.989332
v -0.931494 -0.939015 -0.986521
v -0.931232 -0.945634 -0.983319
v -0.930943 -0.951751 -0.979777
v -0.930687 -0.957374 -0.975938
v -0.930514 -0.962546 -0.971811
v -0.930445 -0.967323 -0.967385
v -0.938268 -0.900000 -0.992388
v -0.938794 -0.908070 -0.991814
v -0.939074 -0.916217 -0.990610
v -0.939102 -0.924151 -0.988813
v -0.938912 -0.931665 -0.986505
v -0.938556 -0.938665 -0.983777
v -0.938110 -0.945081 -0.980718
v -0.937637 -0.950961 -0.977372
v -0.937224 -0.956324 -0.973770
v -0.936942 -0.961223 -0.969908
v -0.936824 -0.965724 -0.965760
v -0.945399 -0.900000 -0.989101
v -0.945893 -0.908067 -0.988480
v -0.946085 -0.916164 -0.987263
v -0.945973 -0.924003 -0.985501
v -0.945600 -0.931381 -0.983282
v -0.945031 -0.938209 -0.980699
v -0.944357 -0.944409 -0.977848
v -0.943666 -0.950048 -0.974756
v -0.943067 -0.955154 -0.971437
v -0.942656 -0.959782 -0.967872
v -0.942482 -0.964004 -0.964022
v -0.952250 -0.900000 -0.985264
v -0.952640 -0.908056 -0.984641
v -0.952676 -0.916091 -0.983464
v -0.952366 -0.923823 -0.981794
v -0.951768 -0.931060 -0.979721
v -0.950955 -0.937717 -0.977337
v -0.950032 -0.943710 -0.974741
v -0.949103 -0.949120 -0.971945
v -0.948289 -0.953969 -0.968960
v -0.947719 -0.958314 -0.965745
v -0.947472 -0.962231 -0.962239
v -0.958779 -0.900000 -0.980902
v -0.959002 -0.908041 -0.980337
v -0.958827 -0.916015 -0.979265
v -0.958276 -0.923653 -0.977746
v -0.957420 -0.930766 -0.975871
v -0.956344 -0.937278 -0.973727
v -0.955159 -0.943098 -0.971415
v -0.953967 -0.948303 -0.968952
v -0.952895 -0.952898 -0.966362
v -0.952113 -0.956936 -0.963581
v -0.951767 -0.960497 -0.960500
v -0.964945 -0.900000 -0.976041
v -0.964961 -0.908026 -0.975602
v -0.964544 -0.915952 -0.974697
v -0.963731 -0.923523 -0.973383
v -0.962604 -0.930553 -0.971744
v -0.961254 -0.936969 -0.969866
v -0.959796 -0.942672 -0.967849
v -0.958319 -0.947726 -0.965735
v -0.956937 -0.952115 -0.963578
v -0.955835 -0.955835 -0.961359
v -0.955280 -0.958924 -0.958924
v -0.907846 -0.999692 -0.900000
v -0.915643 -0.998769 -0.900000
v -0.923345 -0.997237 -0.900000
v -0.930902 -0.995106 -0.900000
v -0.938268 -0.992388 -0.900000
v -0.945399 -0.989101 -0.900000
v -0.952250 -0.985264 -0.900000
v -0.958779 -0.980902 -0.900000
v -0.964945 -0.976041 -0.900000
v -0.970711 -0.970711 -0.900000
v -0.900000 -0.999692 -0.907846
v -0.907953 -0.999370 -0.907896
v -0.915932 -0.998404 -0.907926
v -0.923791 -0.996803 -0.907953
v -0.931441 -0.994593 -0.907979
v -0.938821 -0.991810 -0.907996
v -0.945885 -0.988490 -0.908008
v -0.952605 -0.984667 -0.908010
v -0.958951 -0.980378 -0.908009
v -0.964905 -0.975652 -0.908009
v -0.970457 -0.970510 -0.908010
v -0.900000 -0.998769 -0.915643
v -0.908017 -0.998411 -0.915844
v -0.916121 -0.997392 -0.915968
v -0.924090 -0.995721 -0.916036
v -0.931784 -0.993443 -0.916066
v -0.939128 -0.990615 -0.916058
v -0.946080 -0.987291 -0.916030
v -0.952625 -0.983517 -0.915985
v -0.958750 -0.979336 -0.915942
v -0.964459 -0.974778 -0.915915
v -0.969769 -0.969851 -0.915909
v -0.900000 -0.997237 -0.923345
v -0.908052 -0.996816 -0.923704
v -0.916218 -0.995730 -0.923931
v -0.924235 -0.993995 -0.924034
v -0.931919 -0.991670 -0.924036
v -0.939185 -0.988829 -0.923957
v -0.945984 -0.985541 -0.923837
v -0.952325 -0.981858 -0.923693
v -0.958205 -0.977826 -0.923564
v -0.963650 -0.973468 -0.923479
v -0.968698 -0.968780 -0.923449
v -0.900000 -0.995106 -0.930902
v -0.908069 -0.994606 -0.931378
v -0.916245 -0.993453 -0.931665
v -0.924245 -0.991671 -0.931759
v -0.931866 -0.989332 -0.931690
v -0.939015 -0.986521 -0.931494
v -0.945634 -0.983319 -0.931232
v -0.951751 -0.979777 -0.930943
v -0.957374 -0.975938 -0.930687
v -0.962546 -0.971811 -0.930514
v -0.967323 -0.967385 -0.930445
v -0.900000 -0.992388 -0.938268
v -0.908070 -0.991814 -0.938794
v -0.916217 -0.990610 -0.939074
v -0.924151 -0.988813 -0.939102
v -0.931665 -0.986505 -0.938912
v -0.938665 -0.983777 -0.938556
v -0.945081 -0.980718 -0.938110
v -0.950961 -0.977372 -0.937637
v -0.956324 -0.973770 -0.937224
v -0.961223 -0.969908 -0.936942
v -0.965724 -0.965760 -0.936824
v -0.900000 -0.989101 -0.945399
v -0.908067 -0.988480 -0.945893
v -0.916164 -0.987263 -0.946085
v -0.924003 -0.985501 -0.945973
v -0.931381 -0.983282 -0.945600
v -0.938209 -0.980699 -0.945031
v -0.944409 -0.977848 -0.944357
v -0.950048 -0.974756 -0.943666
v -0.955154 -0.971437 -0.943067
v -0.959782 -0.967872 -0.942656
v -0.964004 -0.964022 -0.942482
v -0.900000 -0.985264 -0.952250
v -0.908056 -0.984641 -0.952640
v -0.916091 -0.983464 -0.952676
v -0.923823 -0.981794 -0.952366
v -0.931060 -0.979721 -0.951768
v -0.937717 -0.977337 -0.950955
v -0.943710 -0.974741 -0.950032
v -0.949120 -0.971945 -0.949103
v -0.953969 -0.968960 -0.948289
v -0.958314 -0.965745 -0.947719
v -0.962231 -0.962239 -0.947472
v -0.900000 -0.980902 -0.958779
v -0.908041 -0.980337 -0.959002
v -0.916015 -0.979265 -0.958827
v -0.923653 -0.977746 -0.958276
v -0.930766 -0.975871 -0.957420
v -0.937278 -0.973727 -0.956344
v -0.943098 -0.971415 -0.955159
v -0.948303 -0.968952 -0.953967
v -0.952898 -0.966362 -0.952895
v -0.956936 -0.963581 -0.952113
v -0.960497 -0.960500 -0.951767
v -0.900000 -0.976041 -0.964945
v -0.908026 -0.975602 -0.964961
v -0.915952 -0.974697 -0.964544
v -0.923523 -0.973383 -0.963731
v -0.930553 -0.971744 -0.962604
v -0.936969 -0.969866 -0.961254
v -0.942672 -0.967849 -0.959796
v -0.947726 -0.965735 -0.958319
v -0.952115 -0.963578 -0.956937
v -0.955835 -0.961359 -0.955835
v -0.958924 -0.958924 -0.955280
v -1.000000 0.900000 0.900000
v -0.900000 0.900000 1.000000
v -0.900000 1.000000 0.900000
v -0.999692 0.900000 0.907846
v -0.998769 0.900000 0.915643
v -0.997237 0.900000 0.923345
v -0.995106 0.900000 0.930902
v -0.992388 0.900000 0.938268
v -0.989101 0.900000 0.945399
v -0.985264 0.900000 0.952250
v -0.980902 0.900000 0.958779
v -0.976041 0.900000 0.964945
v -0.970711 0.900000 0.970711
v -0.999692 0.907846 0.900000
v -0.999370 0.907896 0.907953
v -0.998404 0.907926 0.915932
v -0.996803 0.907953 0.923791
v -0.994593 0.907979 0.931441
v -0.991810 0.907996 0.938821
v -0.988490 0.908008 0.945885
v -0.984667 0.908010 0.952605
v -0.980378 0.908009 0.958951
v -0.975652 0.908009 0.964905
v -0.970510 0.908010 0.970457
v -0.998769 0.915643 0.900000
v -0.998411 0.915844 0.908017
v -0.997392 0.915968 0.916121
v -0.995721 0.916036 0.924090
v -0.993443 0.916066 0.931784
v -0.990615 0.916058 0.939128
v -0.987291 0.916030 0.946080
v -0.983517 0.915985 0.952625
v -0.979336 0.915942 0.958750
v -0.974778 0.915915 0.964459
v -0.969851 0.915909 0.969769
v -0.997237 0.923345 0.900000
v -0.996816 0.923704 0.908052
v -0.995730 0.923931 0.916218
v -0.993995 0.924034 0.924235
v -0.991670 0.924036 0.931919
v -0.988829 0.923957 0.939185
v -0.985541 0.923837 0.945984
v -0.981858 0.923693 0.952325
v -0.977826 0.923564 0.958205
v -0.973468 0.923479 0.963650
v -0.968780 0.923449 0.968698
v -0.995106 0.930902 0.900000
v -0.994606 0.931378 0.908069
v -0.993453 0.931665 0.916245
v -0.991671 0.931759 0.924245
v -0.989332 0.931690 0.931866
v -0.986521 0.931494 0.939015
v -0.983319 0.931232 0.945634
v -0.979777 0.930943 0.951751
v -0.975938 0.930687 0.957374
v -0.971811 0.930514 0.962546
v -0.967385 0.930445 0.967323
v -0.992388 0.938268 0.900000
v -0.991814 0.938794 0.908070
v -0.990610 0.939074 0.916217
v -0.988813 0.939102 0.924151
v -0.986505 0.938912 0.931665
v -0.983777 0.938556 0.938665
v -0.980718 0.938110 0.945081
v -0.977372 0.937637 0.950961
v -0.973770 0.937224 0.956324
v -0.969908 0.936942 0.961223
v -0.965760 0.936824 0.965724
v -0.989101 0.945399 0.900000
v -0.988480 0.945893 0.908067
v -0.987263 0.946085 0.916164
v -0.985501 0.945973 0.924003
v -0.983282 0.945600 0.931381
v -0.980699 0.945031 0.938209
v -0.977848 0.944357 0.944409
v -0.974756 0.943666 0.950048
v -0.971437 0.943067 0.955154
v -0.967872 0.942656 0.959782
v -0.964022 0.942482 0.964004
v -0.985264 0.952250 0.900000
v -0.984641 0.952640 0.908056
v -0.983464 0.952676 0.916091
v -0.981794 0.952366 0.923823
v -0.979721 0.951768 0.931060
v -0.977337 0.950955 0.937717
v -0.974741 0.950032 0.943710
v -0.971945 0.949103 0.949120
v -0.968960 0.948289 0.953969
v -0.965745 0.947719 0.958314
v -0.962239 0.947472 0.962231
v -0.980902 0.958779 0.900000
v -0.980337 0.959002 0.908041
v -0.979265 0.958827 0.916015
v -0.977746 0.958276 0.923653
v -0.975871 0.957420 0.930766
v -0.973727 0.956344 0.937278
v -0.971415 0.955159 0.943098
v -0.968952 0.953967 0.948303
v -0.966362 0.952895 0.952898
v -0.963581 0.952113 0.956936
v -0.960500 0.951767 0.960497
v -0.976041 0.964945 0.900000
v -0.975602 0.964961 0.908026
v -0.974697 0.964544 0.915952
v -0.973383 0.963731 0.923523
v -0.971744 0.962604 0.930553
v -0.969866 0.961254 0.936969
v -0.967849 0.959796 0.942672
v -0.965735 0.958319 0.947726
v -0.963578 0.956937 0.952115
v -0.961359 0.955835 0.955835
v -0.958924 0.955280 0.958924
v -0.957735 0.957735 0.957735
v -0.900000 0.907846 0.999692
v -0.900000 0.915643 0.998769
v -0.900000 0.923345 0.997237
v -0.900000 0.930902 0.995106
v -0.900000 0.938268 0.992388
v -0.900000 0.945399 0.989101
v -0.900000 0.952250 0.985264
v -0.900000 0.958779 0.980902
v -0.900000 0.964945 0.976041
v -0.900000 0.970711 0.970711
v -0.907846 0.900000 0.999692
v -0.907896 0.907953 0.999370
v -0.907926 0.915932 0.998404
v -0.907953 0.923791 0.996803
v -0.907979 0.931441 0.994593
v -0.907996 0.938821 0.991810
v -0.908008 0.945885 0.988490
v -0.908010 0.952605 0.984667
v -0.908009 0.958951 0.980378
v -0.908009 0.964905 0.975652
v -0.908010 0.970457 0.970510
v -0.915643 0.900000 0.998769
v -0.915844 0.908017 0.998411
v -0.915968 0.916121 0.997392
v -0.916036 0.924090 0.995721
v -0.916066 0.931784 0.993443
v -0.916058 0.939128 0.990615
v -0.916030 0.946080 0.987291
v -0.915985 0.952625 0.983517
v -0.915942 0.958750 0.979336
v -0.915915 0.964459 0.974778
v -0.915909 0.969769 0.969851
v -0.923345 0.900000 0.997237
v -0.923704 0.908052 0.996816
v -0.923931 0.916218 0.995730
v -0.924034 0.924235 0.993995
v -0.924036 0.931919 0.991670
v -0.923957 0.939185 0.988829
v -0.923837 0.945984 0.985541
v -0.923693 0.952325 0.981858
v -0.923564 0.958205 0.977826
v -0.923479 0.963650 0.973468
v -0.923449 0.968698 0.968780
v -0.930902 0.900000 0.995106
v -0.931378 0.908069 0.994606
v -0.931665 0.916245 0.993453
v -0.931759 0.924245 0.991671
v -0.931690 0.931866 0.989332
v -0.931494 0.939015 0.986521
v -0.931232 0.945634 0.983319
v -0.930943 0.951751 0.979777
v -0.930687 0.957374 0.975938
v -0.930514 0.962546 0.971811
v -0.930445 0.967323 0.967385
v -0.938268 0.900000 0.992388
v -0.938794 0.908070 0.991814
v -0.939074 0.916217 0.990610
v -0.939102 0.924151 0.988813
v -0.938912 0.931665 0.986505
v -0.938556 0.938665 0.983777
v -0.938110 0.945081 0.980718
v -0.937637 0.950961 0.977372
v -0.937224 0.956324 0.973770
v -0.936942 0.961223 0.969908
v -0.936824 0.965724 0.965760
v -0.945399 0.900000 0.989101
v -0.945893 0.908067 0.988480
v -0.946085 0.916164 0.987263
v -0.945973 0.924003 0.985501
v -0.945600 0.931381 0.983282
v -0.945031 0.938209 0.980699
v -0.944357 0.944409 0.977848
v -0.943666 0.950048 0.974756
v -0.943067 0.955154 0.971437
v -0.942656 0.959782 0.967872
v -0.942482 0.964004 0.964022
v -0.952250 0.900000 0.985264
v -0.952640 0.908056 0.984641
v -0.952676 0.916091 0.983464
v -0.952366 0.923823 0.981794
v -0.951768 0.931060 0.979721
v -0.950955 0.937717 0.977337
v -0.950032 0.943710 0.974741
v -0.949103 0.949120 0.971945
v -0.948289 0.953969 0.968960
v -0.947719 0.958314 0.965745
v -0.947472 0.962231 0.962239
v -0.958779 0.900000 0.980902
v -0.959002 0.908041 0.980337
v -0.958827 0.916015 0.979265
v -0.958276 0.923653 0.977746
v -0.957420 0.930766 0.975871
v -0.956344 0.937278 0.973727
v -0.955159 0.943098 0.971415
v -0.953967 0.948303 0.968952
v -0.952895 0.952898 0.966362
v -0.952113 0.956936 0.963581
v -0.951767 0.960497 0.960500
v -0.964945 0.900000 0.976041
v -0.964961 0.908026 0.975602
v -0.964544 0.915952 0.974697
v -0.963731 0.923523 0.973383
v -0.962604 0.930553 0.971744
v -0.961254 0.936969 0.969866
v -0.959796 0.942672 0.967849
v -0.958319 0.947726 0.965735
v -0.956937 0.952115 0.963578
v -0.955835 0.955835 0.961359
v -0.955280 0.958924 0.958924
v -0.907846 0.999692 0.900000
v -0.915643 0.998769 0.900000
v -0.923345 0.997237 0.900000
v -0.930902 0.995106 0.900000
v -0.938268 0.992388 0.900000
v -0.945399 0.989101 0.900000
v -0.952250 0.985264 0.900000
v -0.958779 0.980902 0.900000
v -0.964945 0.976041 0.900000
v -0.970711 0.970711 0.900000
v -0.900000 0.999692 0.907846
v -0.907953 0.999370 0.907896
v -0.915932 0.998404 0.907926
v -0.923791 0.996803 0.907953
v -0.931441 0.994593 0.907979
v -0.938821 0.991810 0.907996
v -0.945885 0.988490 0.908008
v -0.952605 0.984667 0.908010
v -0.958951 0.980378 0.908009
v -0.964905 0.975652 0.908009
v -0.970457 0.970510 0.908010
v -0.900000 0.998769 0.915643
v -0.908017 0.998411 0.915844
v -0.916121 0.997392 0.915968
v -0.924090 0.995721 0.916036
v -0.931784 0.993443 0.916066
v -0.939128 0.990615 0.916058
v -0.946080 0.987291 0.916030
v -0.952625 0.983517 0.915985
v -0.958750 0.979336 0.915942
v -0.964459 0.974778 0.915915
v -0.969769 0.969851 0.915909
v -0.900000 0.997237 0.923345
v -0.908052 0.996816 0.923704
v -0.916218 0.995730 0.923931
v -0.924235 0.993995 0.924034
v -0.931919 0.991670 0.924036
v -0.939185 0.988829 0.923957
v -0.945984 0.985541 0.923837
v -0.952325 0.981858 0.923693
v -0.958205 0.977826 0.923564
v -0.963650 0.973468 0.923479
v -0.968698 0.968780 0.923449
v -0.900000 0.995106 0.930902
v -0.908069 0.994606 0.931378
v -0.916245 0.993453 0.931665
v -0.924245 0.991671 0.931759
v -0.931866 0.989332 0.931690
v -0.939015 0.986521 0.931494
v -0.945634 0.983319 0.931232
v -0.951751 0.979777 0.930943
v -0.957374 0.975938 0.930687
v -0.962546 0.971811 0.930514
v -0.967323 0.967385 0.930445
v -0.900000 0.992388 0.938268
v -0.908070 0.991814 0.938794
v -0.916217 0.990610 0.939074
v -0.924151 0.988813 0.939102
v -0.931665 0.986505 0.938912
v -0.938665 0.983777 0.938556
v -0.945081 0.980718 0.938110
v -0.950961 0.977372 0.937637
v -0.956324 0.973770 0.937224
v -0.961223 0.969908 0.936942
v -0.965724 0.965760 0.936824
v -0.900000 0.989101 0.945399
v -0.908067 0.988480 0.945893
v -0.916164 0.987263 0.946085
v -0.924003 0.985501 0.945973
v -0.931381 0.983282 0.945600
v -0.938209 0.980699 0.945031
v -0.944409 0.977848 0.944357
v -0.950048 0.974756 0.943666
v -0.955154 0.971437 0.943067
v -0.959782 0.967872 0.942656
v -0.964004 0.964022 0.942482
v -0.900000 0.985264 0.952250
v -0.908056 0.984641 0.952640
v -0.916091 0.983464 0.952676
v -0.923823 0.981794 0.952366
v -0.931060 0.979721 0.951768
v -0.937717 0.977337 0.950955
v -0.943710 0.974741 0.950032
v -0.949120 0.971945 0.949103
v -0.953969 0.968960 0.948289
v -0.958314 0.965745 0.947719
v -0.962231 0.962239 0.947472
v -0.900000 0.980902 0.958779
v -0.908041 0.980337 0.959002
v -0.916015 0.979265 0.958827
v -0.923653 0.977746 0.958276
v -0.930766 0.975871 0.957420
v -0.937278 0.973727 0.956344
v -0.943098 0.971415 0.955159
v -0.948303 0.968952 0.953967
v -0.952898 0.966362 0.952895
v -0.956936 0.963581 0.952113
v -0.960497 0.960500 0.951767
v -0.900000 0.976041 0.964945
v -0.908026 0.975602 0.964961
v -0.915952 0.974697 0.964544
v -0.923523 0.973383 0.963731
v -0.930553 0.971744 0.962604
v -0.936969 0.969866 0.961254
v -0.942672 0.967849 0.959796
v -0.947726 0.965735 0.958319
v -0.952115 0.963578 0.956937
v -0.955835 0.961359 0.955835
v -0.958924 0.958924 0.955280
v -0.900000 -1.000000 0.900000
v -0.900000 -0.900000 1.000000
v -1.000000 -0.900000 0.900000
v -0.900000 -0.999692 0.907846
v -0.900000 -0.998769 0.915643
v -0.900000 -0.997237 0.923345
v -0.900000 -0.995106 0.930902
v -0.900000 -0.992388 0.938268
v -0.900000 -0.989101 0.945399
v -0.900000 -0.985264 0.952250
v -0.900000 -0.980902 0.958779
v -0.900000 -0.976041 0.964945
v -0.900000 -0.970711 0.970711
v -0.907846 -0.999692 0.900000
v -0.907896 -0.999370 0.907953
v -0.907926 -0.998404 0.915932
v -0.907953 -0.996803 0.923791
v -0.907979 -0.994593 0.931441
v -0.907996 -0.991810 0.938821
v -0.908008 -0.988490 0.945885
v -0.908010 -0.984667 0.952605
v -0.908009 -0.980378 0.958951
v -0.908009 -0.975652 0.964905
v -0.908010 -0.970510 0.970457
v -0.915643 -0.998769 0.900000
v -0.915844 -0.998411 0.908017
v -0.915968 -0.997392 0.916121
v -0.916036 -0.995721 0.924090
v -0.916066 -0.993443 0.931784
v -0.916058 -0.990615 0.939128
v -0.916030 -0.987291 0.946080
v -0.915985 -0.983517 0.952625
v -0.915942 -0.979336 0.958750
v -0.915915 -0.974778 0.964459
v -0.915909 -0.969851 0.969769
v -0.923345 -0.997237 0.900000
v -0.923704 -0.996816 0.908052
v -0.923931 -0.995730 0.916218
v -0.924034 -0.993995 0.924235
v -0.924036 -0.991670 0.931919
v -0.923957 -0.988829 0.939185
v -0.923837 -0.985541 0.945984
v -0.923693 -0.981858 0.952325
v -0.923564 -0.977826 0.958205
v -0.923479 -0.973468 0.963650
v -0.923449 -0.968780 0.968698
v -0.930902 -0.995106 0.900000
v -0.931378 -0.994606 0.908069
v -0.931665 -0.993453 0.916245
v -0.931759 -0.991671 0.924245
v -0.931690 -0.989332 0.931866
v -0.931494 -0.986521 0.939015
v -0.931232 -0.983319 0.945634
v -0.930943 -0.979777 0.951751
v -0.930687 -0.975938 0.957374
v -0.930514 -0.971811 0.962546
v -0.930445 -0.967385 0.967323
v -0.938268 -0.992388 0.900000
v -0.938794 -0.991814 0.908070
v -0.939074 -0.990610 0.916217
v -0.939102 -0.988813 0.924151
v -0.938912 -0.986505 0.931665
v -0.938556 -0.983777 0.938665
v -0.938110 -0.980718 0.945081
v -0.937637 -0.977372 0.950961
v -0.937224 -0.973770 0.956324
v -0.936942 -0.969908 0.961223
v -0.936824 -0.965760 0.965724
v -0.945399 -0.989101 0.900000
v -0.945893 -0.988480 0.908067
v -0.946085 -0.987263 0.916164
v -0.945973 -0.985501 0.924003
v -0.945600 -0.983282 0.931381
v -0.945031 -0.980699 0.938209
v -0.944357 -0.977848 0.944409
v -0.943666 -0.974756 0.950048
v -0.943067 -0.971437 0.955154
v -0.942656 -0.967872 0.959782
v -0.942482 -0.964022 0.964004
v -0.952250 -0.985264 0.900000
v -0.952640 -0.984641 0.908056
v -0.952676 -0.983464 0.916091
v -0.952366 -0.981794 0.923823
v -0.951768 -0.979721 0.931060
v -0.950955 -0.977337 0.937717
v -0.950032 -0.974741 0.943710
v -0.949103 -0.971945 0.949120
v -0.948289 -0.968960 0.953969
v -0.947719 -0.965745 0.958314
v -0.947472 -0.962239 0.962231
v -0.958779 -0.980902 0.900000
v -0.959002 -0.980337 0.908041
v -0.958827 -0.979265 0.916015
v -0.958276 -0.977746 0.923653
v -0.957420 -0.975871 0.930766
v -0.956344 -0.973727 0.937278
v -0.955159 -0.971415 0.943098
v -0.953967 -0.968952 0.948303
v -0.952895 -0.966362 0.952898
v -0.952113 -0.963581 0.956936
v -0.951767 -0.960500 0.960497
v -0.964945 -0.976041 0.900000
v -0.964961 -0.975602 0.908026
v -0.964544 -0.974697 0.915952
v -0.963731 -0.973383 0.923523
v -0.962604 -0.971744 0.930553
v -0.961254 -0.969866 0.936969
v -0.959796 -0.967849 0.942672
v -0.958319 -0.965735 0.947726
v -0.956937 -0.963578 0.952115
v -0.955835 -0.961359 0.955835
v -0.955280 -0.958924 0.958924
v -0.957735 -0.957735 0.957735
v -0.907846 -0.900000 0.999692
v -0.915643 -0.900000 0.998769
v -0.923345 -0.900000 0.997237
v -0.930902 -0.900000 0.995106
v -0.938268 -0.900000 0.992388
v -0.945399 -0.900000 0.989101
v -0.952250 -0.900000 0.985264
v -0.958779 -0.900000 0.980902
v -0.964945 -0.900000 0.976041
v -0.970711 -0.900000 0.970711
v -0.900000 -0.907846 0.999692
v -0.907953 -0.907896 0.999370
v -0.915932 -0.907926 0.998404
v -0.923791 -0.907953 0.996803
v -0.931441 -0.907979 0.994593
v -0.938821 -0.907996 0.991810
v -0.945885 -0.908008 0.988490
v -0.952605 -0.908010 0.984667
v -0.958951 -0.908009 0.980378
v -0.964905 -0.908009 0.975652
v -0.970457 -0.908010 0.970510
v -0.900000 -0.915643 0.998769
v -0.908017 -0.915844 0.998411
v -0.916121 -0.915968 0.997392
v -0.924090 -0.916036 0.995721
v -0.931784 -0.916066 0.993443
v -0.939128 -0.916058 0.990615
v -0.946080 -0.916030 0.987291
v -0.952625 -0.915985 0.983517
v -0.958750 -0.915942 0.979336
v -0.964459 -0.915915 0.974778
v -0.969769 -0.915909 0.969851
v -0.900000 -0.923345 0.997237
v -0.908052 -0.923704 0.996816
v -0.916218 -0.923931 0.995730
v -0.924235 -0.924034 0.993995
v -0.931919 -0.924036 0.991670
v -0.939185 -0.923957 0.988829
v -0.945984 -0.923837 0.985541
v -0.952325 -0.923693 0.981858
v -0.958205 -0.923564 0.977826
v -0.963650 -0.923479 0.973468
v -0.968698 -0.923449 0.968780
v -0.900000 -0.930902 0.995106
v -0.908069 -0.931378 0.994606
v -0.916245 -0.931665 0.993453
v -0.924245 -0.931759 0.991671
v -0.931866 -0.931690 0.989332
v -0.939015 -0.931494 0.986521
v -0.945634 -0.931232 0.983319
v -0.951751 -0.930943 0.979777
v -0.957374 -0.930687 0.975938
v -0.962546 -0.930514 0.971811
v -0.967323 -0.930445 0.967385
v -0.900000 -0.938268 0.992388
v -0.908070 -0.938794 0.991814
v -0.916217 -0.939074 0.990610
v -0.924151 -0.939102 0.988813
v -0.931665 -0.938912 0.986505
v -0.938665 -0.938556 0.983777
v -0.945081 -0.938110 0.980718
v -0.950961 -0.937637 0.977372
v -0.956324 -0.937224 0.973770
v -0.961223 -0.936942 0.969908
v -0.965724 -0.936824 0.965760
v -0.900000 -0.945399 0.989101
v -0.908067 -0.945893 0.988480
v -0.916164 -0.946085 0.987263
v -0.924003 -0.945973 0.985501
v -0.931381 -0.945600 0.983282
v -0.938209 -0.945031 0.980699
v -0.944409 -0.944357 0.977848
v -0.950048 -0.943666 0.974756
v -0.955154 -0.943067 0.971437
v -0.959782 -0.942656 0.967872
v -0.964004 -0.942482 0.964022
v -0.900000 -0.952250 0.985264
v -0.908056 -0.952640 0.984641
v -0.916091 -0.952676 0.983464
v -0.923823 -0.952366 0.981794
v -0.931060 -0.951768 0.979721
v -0.937717 -0.950955 0.977337
v -0.943710 -0.950032 0.974741
v -0.949120 -0.949103 0.971945
v -0.953969 -0.948289 0.968960
v -0.958314 -0.947719 0.965745
v -0.962231 -0.947472 0.962239
v -0.900000 -0.958779 0.980902
v -0.908041 -0.959002 0.980337
v -0.916015 -0.958827 0.979265
v -0.923653 -0.958276 0.977746
v -0.930766 -0.957420 0.975871
v -0.937278 -0.956344 0.973727
v -0.943098 -0.955159 0.971415
v -0.948303 -0.953967 0.968952
v -0.952898 -0.952895 0.966362
v -0.956936 -0.952113 0.963581
v -0.960497 -0.951767 0.960500
v -0.900000 -0.964945 0.976041
v -0.908026 -0.964961 0.975602
v -0.915952 -0.964544 0.974697
v -0.923523 -0.963731 0.973383
v -0.930553 -0.962604 0.971744
v -0.936969 -0.961254 0.969866
v -0.942672 -0.959796 0.967849
v -0.947726 -0.958319 0.965735
v -0.952115 -0.956937 0.963578
v -0.955835 -0.955835 0.961359
v -0.958924 -0.955280 0.958924
v -0.999692 -0.907846 0.900000
v -0.998769 -0.915643 0.900000
v -0.997237 -0.923345 0.900000
v -0.995106 -0.930902 0.900000
v -0.992388 -0.938268 0.900000
v -0.989101 -0.945399 0.900000
v -0.985264 -0.952250 0.900000
v -0.980902 -0.958779 0.900000
v -0.976041 -0.964945 0.900000
v -0.970711 -0.970711 0.900000
v -0.999692 -0.900000 0.907846
v -0.999370 -0.907953 0.907896
v -0.998404 -0.915932 0.907926
v -0.996803 -0.923791 0.907953
v -0.994593 -0.931441 0.907979
v -0.991810 -0.938821 0.907996
v -0.988490 -0.945885 0.908008
v -0.984667 -0.952605 0.908010
v -0.980378 -0.958951 0.908009
v -0.975652 -0.964905 0.908009
v -0.970510 -0.970457 0.908010
v -0.998769 -0.900000 0.915643
v -0.998411 -0.908017 0.915844
v -0.997392 -0.916121 0.915968
v -0.995721 -0.924090 0.916036
v -0.993443 -0.931784 0.916066
v -0.990615 -0.939128 0.916058
v -0.987291 -0.946080 0.916030
v -0.983517 -0.952625 0.915985
v -0.979336 -0.958750 0.915942
v -0.974778 -0.964459 0.915915
v -0.969851 -0.969769 0.915909
v -0.997237 -0.900000 0.923345
v -0.996816 -0.908052 0.923704
v -0.995730 -0.916218 0.923931
v -0.993995 -0.924235 0.924034
v -0.991670 -0.931919 0.924036
v -0.988829 -0.939185 0.923957
v -0.985541 -0.945984 0.923837
v -0.981858 -0.952325 0.923693
v -0.977826 -0.958205 0.923564
v -0.973468 -0.963650 0.923479
v -0.968780 -0.968698 0.923449
v -0.995106 -0.900000 0.930902
v -0.994606 -0.908069 0.931378
v -0.993453 -0.916245 0.931665
v -0.991671 -0.924245 0.931759
v -0.989332 -0.931866 0.931690
v -0.986521 -0.939015 0.931494
v -0.983319 -0.945634 0.931232
v -0.979777 -0.951751 0.930943
v -0.975938 -0.957374 0.930687
v -0.971811 -0.962546 0.930514
v -0.967385 -0.967323 0.930445
v -0.992388 -0.900000 0.938268
v -0.991814 -0.908070 0.938794
v -0.990610 -0.916217 0.939074
v -0.988813 -0.924151 0.939102
v -0.986505 -0.931665 0.938912
v -0.983777 -0.938665 0.938556
v -0.980718 -0.945081 0.938110
v -0.977372 -0.950961 0.937637
v -0.973770 -0.956324 0.937224
v -0.969908 -0.961223 0.936942
v -0.965760 -0.965724 0.936824
v -0.989101 -0.900000 0.945399
v -0.988480 -0.908067 0.945893
v -0.987263 -0.916164 0.946085
v -0.985501 -0.924003 0.945973
v -0.983282 -0.931381 0.945600
v -0.980699 -0.938209 0.945031
v -0.977848 -0.944409 0.944357
v -0.974756 -0.950048 0.943666
v -0.971437 -0.955154 0.943067
v -0.967872 -0.959782 0.942656
v -0.964022 -0.964004 0.942482
v -0.985264 -0.900000 0.952250
v -0.984641 -0.908056 0.952640
v -0.983464 -0.916091 0.952676
v -0.981794 -0.923823 0.952366
v -0.979721 -0.931060 0.951768
v -0.977337 -0.937717 0.950955
v -0.974741 -0.943710 0.950032
v -0.971945 -0.949120 0.949103
v -0.968960 -0.953969 0.948289
v -0.965745 -0.958314 0.947719
v -0.962239 -0.962231 0.947472
v -0.980902 -0.900000 0.958779
v -0.980337 -0.908041 0.959002
v -0.979265 -0.916015 0.958827
v -0.977746 -0.923653 0.958276
v -0.975871 -0.930766 0.957420
v -0.973727 -0.937278 0.956344
v -0.971415 -0.943098 0.955159
v -0.968952 -0.948303 0.953967
v -0.966362 -0.952898 0.952895
v -0.963581 -0.956936 0.952113
v -0.960500 -0.960497 0.951767
v -0.976041 -0.900000 0.964945
v -0.975602 -0.908026 0.964961
v -0.974697 -0.915952 0.964544
v -0.973383 -0.923523 0.963731
v -0.971744 -0.930553 0.962604
v -0.969866 -0.936969 0.961254
v -0.967849 -0.942672 0.959796
v -0.965735 -0.947726 0.958319
v -0.963578 -0.952115 0.956937
v -0.961359 -0.955835 0.955835
v -0.958924 -0.958924 0.955280
vn 0.0197 0.0197 -0.9996
vn 0.0197 0.9996 -0.0197
vn 0.9996 0.0197 -0.0197
vn 0.0199 0.0787 -0.9967
vn 0.0201 0.1567 -0.9874
vn 0.0201 0.2339 -0.9721
vn 0.0201 0.3095 -0.9507
vn 0.0200 0.3832 -0.9234
vn 0.0200 0.4545 -0.8905
vn 0.0199 0.5228 -0.8522
vn 0.0198 0.5880 -0.8086
vn 0.0197 0.6495 -0.7601
vn 0.0197 0.7070 -0.7070
vn 0.0787 0.0200 -0.9967
vn 0.0795 0.0799 -0.9936
vn 0.0801 0.1594 -0.9840
vn 0.0803 0.2378 -0.9680
vn 0.0803 0.3143 -0.9459
vn 0.0802 0.3880 -0.9182
vn 0.0800 0.4587 -0.8850
vn 0.0798 0.5259 -0.8468
vn 0.0795 0.5894 -0.8039
vn 0.0793 0.6490 -0.7566
vn 0.0793 0.7046 -0.7051
vn 0.1567 0.0203 -0.9874
vn 0.1587 0.0808 -0.9840
vn 0.1600 0.1613 -0.9738
vn 0.1606 0.2407 -0.9572
vn 0.1607 0.3174 -0.9346
vn 0.1603 0.3908 -0.9064
vn 0.1597 0.4603 -0.8733
vn 0.1590 0.5258 -0.8356
vn 0.1583 0.5872 -0.7938
vn 0.1579 0.6445 -0.7481
vn 0.1578 0.6979 -0.6986
vn 0.2338 0.0203 -0.9721
vn 0.2371 0.0812 -0.9681
vn 0.2392 0.1622 -0.9573
vn 0.2401 0.2419 -0.9401
vn 0.2399 0.3185 -0.9171
vn 0.2389 0.3911 -0.8888
vn 0.2374 0.4591 -0.8561
vn 0.2357 0.5227 -0.8193
vn 0.2342 0.5817 -0.7790
vn 0.2332 0.6365 -0.7352
vn 0.2328 0.6873 -0.6881
vn 0.3095 0.0203 -0.9507
vn 0.3137 0.0813 -0.9460
vn 0.3163 0.1624 -0.9347
vn 0.3171 0.2418 -0.9171
vn 0.3162 0.3178 -0.8939
vn 0.3140 0.3891 -0.8660
vn 0.3111 0.4554 -0.8341
vn 0.3080 0.5168 -0.7988
vn 0.3053 0.5733 -0.7604
vn 0.3034 0.6254 -0.7189
vn 0.3027 0.6736 -0.6743
vn 0.3832 0.0203 -0.9234
vn 0.3877 0.0811 -0.9182
vn 0.3902 0.1618 -0.9064
vn 0.3903 0.2407 -0.8887
vn 0.3881 0.3156 -0.8659
vn 0.3843 0.3854 -0.8389
vn 0.3796 0.4497 -0.8085
vn 0.3747 0.5088 -0.7751
vn 0.3704 0.5628 -0.7390
vn 0.3674 0.6123 -0.7001
vn 0.3663 0.6578 -0.6582
vn 0.4545 0.0202 -0.8905
vn 0.4587 0.0807 -0.8849
vn 0.4603 0.1610 -0.8730
vn 0.4590 0.2389 -0.8557
vn 0.4551 0.3125 -0.8338
vn 0.4493 0.3806 -0.8083
vn 0.4423 0.4429 -0.7799
vn 0.4353 0.4995 -0.7490
vn 0.4291 0.5510 -0.7158
vn 0.4248 0.5978 -0.6798
vn 0.4230 0.6406 -0.6408
vn 0.5229 0.0200 -0.8522
vn 0.5261 0.0803 -0.8466
vn 0.5263 0.1600 -0.8351
vn 0.5230 0.2369 -0.8187
vn 0.5169 0.3091 -0.7983
vn 0.5087 0.3755 -0.7747
vn 0.4993 0.4357 -0.7489
vn 0.4898 0.4900 -0.7211
vn 0.4814 0.5389 -0.6912
vn 0.4753 0.5831 -0.6588
vn 0.4729 0.6230 -0.6231
vn 0.5880 0.0199 -0.8086
vn 0.5898 0.0799 -0.8036
vn 0.5879 0.1590 -0.7931
vn 0.5823 0.2350 -0.7782
vn 0.5737 0.3060 -0.7597
vn 0.5630 0.3710 -0.7385
vn 0.5510 0.4294 -0.7155
vn 0.5389 0.4815 -0.6911
vn 0.5278 0.5278 -0.6654
vn 0.5193 0.5690 -0.6376
vn 0.5156 0.6059 -0.6059
vn 0.6495 0.0198 -0.7601
vn 0.6495 0.0795 -0.7562
vn 0.6453 0.1582 -0.7474
vn 0.6372 0.2336 -0.7344
vn 0.6260 0.3038 -0.7182
vn 0.6126 0.3677 -0.6997
vn 0.5980 0.4249 -0.6796
vn 0.5832 0.4754 -0.6587
vn 0.5690 0.5193 -0.6376
vn 0.5568 0.5568 -0.6163
vn 0.5505 0.5903 -0.5903
vn 0.5774 0.5774 -0.5774
vn 0.0787 0.9967 -0.0199
vn 0.1567 0.9874 -0.0201
vn 0.2339 0.9721 -0.0201
vn 0.3095 0.9507 -0.0201
vn 0.3832 0.9234 -0.0200
vn 0.4545 0.8905 -0.0200
vn 0.5228 0.8522 -0.0199
vn 0.5880 0.8086 -0.0198
vn 0.6495 0.7601 -0.0197
vn 0.7070 0.7070 -0.0197
vn 0.0200 0.9967 -0.0787
vn 0.0799 0.9936 -0.0795
vn 0.1594 0.9840 -0.0801
vn 0.2378 0.9680 -0.0803
vn 0.3143 0.9459 -0.0803
vn 0.3880 0.9182 -0.0802
vn 0.4587 0.8850 -0.0800
vn 0.5259 0.8468 -0.0798
vn 0.5894 0.8039 -0.0795
vn 0.6490 0.7566 -0.0793
vn 0.7046 0.7051 -0.0793
vn 0.0203 0.9874 -0.1567
vn 0.0808 0.9840 -0.1587
vn 0.1613 0.9738 -0.1600
vn 0.2407 0.9572 -0.1606
vn 0.3174 0.9346 -0.1607
vn 0.3908 0.9064 -0.1603
vn 0.4603 0.8733 -0.1597
vn 0.5258 0.8356 -0.1590
vn 0.5872 0.7938 -0.1583
vn 0.6445 0.7481 -0.1579
vn 0.6979 0.6986 -0.1578
vn 0.0203 0.9721 -0.2338
vn 0.0812 0.9681 -0.2371
vn 0.1622 0.9573 -0.2392
vn 0.2419 0.9401 -0.2401
vn 0.3185 0.9171 -0.2399
vn 0.3911 0.8888 -0.2389
vn 0.4591 0.8561 -0.2374
vn 0.5227 0.8193 -0.2357
vn 0.5817 0.7790 -0.2342
vn 0.6365 0.7352 -0.2331
vn 0.6873 0.6881 -0.2328
vn 0.0203 0.9507 -0.3095
vn 0.0813 0.9460 -0.3137
vn 0.1624 0.9347 -0.3163
vn 0.2418 0.9171 -0.3171
vn 0.3178 0.8939 -0.3162
vn 0.3891 0.8660 -0.3140
vn 0.4554 0.8341 -0.3111
vn 0.5168 0.7988 -0.3080
vn 0.5733 0.7604 -0.3053
vn 0.6254 0.7189 -0.3034
vn 0.6736 0.6743 -0.3027
vn 0.0203 0.9234 -0.3832
vn 0.0811 0.9182 -0.3877
vn 0.1618 0.9064 -0.3902
vn 0.2407 0.8887 -0.3903
vn 0.3156 0.8659 -0.3881
vn 0.3854 0.8389 -0.3843
vn 0.4497 0.8085 -0.3796
vn 0.5088 0.7751 -0.3747
vn 0.5628 0.7390 -0.3704
vn 0.6123 0.7001 -0.3674
vn 0.6578 0.6582 -0.3663
vn 0.0202 0.8905 -0.4545
vn 0.0807 0.8849 -0.4587
vn 0.1610 0.8730 -0.4603
vn 0.2389 0.8557 -0.4590
vn 0.3125 0.8338 -0.4551
vn 0.3806 0.8083 -0.4493
vn 0.4429 0.7799 -0.4423
vn 0.4995 0.7490 -0.4353
vn 0.5510 0.7158 -0.4291
vn 0.5978 0.6798 -0.4248
vn 0.6406 0.6408 -0.4230
vn 0.0200 0.8522 -0.5229
vn 0.0803 0.8466 -0.5261
vn 0.1600 0.8351 -0.5263
vn 0.2369 0.8187 -0.5230
vn 0.3091 0.7983 -0.5169
vn 0.3755 0.7747 -0.5087
vn 0.4357 0.7489 -0.4993
vn 0.4900 0.7211 -0.4898
vn 0.5389 0.6912 -0.4814
vn 0.5831 0.6588 -0.4753
vn 0.6230 0.6231 -0.4729
vn 0.0199 0.8086 -0.5880
vn 0.0799 0.8036 -0.5898
vn 0.1590 0.7931 -0.5879
vn 0.2350 0.7782 -0.5823
vn 0.3060 0.7597 -0.5737
vn 0.3710 0.7385 -0.5630
vn 0.4294 0.7155 -0.5510
vn 0.4815 0.6911 -0.5389
vn 0.5278 0.6654 -0.5278
vn 0.5690 0.6376 -0.5193
vn 0.6059 0.6059 -0.5156
vn 0.0198 0.7601 -0.6495
vn 0.0795 0.7562 -0.6495
vn 0.1582 0.7474 -0.6453
vn 0.2336 0.7344 -0.6372
vn 0.3038 0.7182 -0.6260
vn 0.3677 0.6997 -0.6126
vn 0.4249 0.6796 -0.5980
vn 0.4754 0.6587 -0.5832
vn 0.5193 0.6376 -0.5690
vn 0.5568 0.6163 -0.5568
vn 0.5903 0.5903 -0.5505
vn 0.9967 0.0199 -0.0787
vn 0.9874 0.0201 -0.1567
vn 0.9721 0.0201 -0.2339
vn 0.9507 0.0201 -0.3095
vn 0.9234 0.0200 -0.3832
vn 0.8905 0.0200 -0.4545
vn 0.8522 0.0199 -0.5228
vn 0.8086 0.0198 -0.5880
vn 0.7601 0.0197 -0.6495
vn 0.7070 0.0197 -0.7070
vn 0.9967 0.0787 -0.0200
vn 0.9936 0.0795 -0.0799
vn 0.9840 0.0801 -0.1594
vn 0.9680 0.0803 -0.2378
vn 0.9459 0.0803 -0.3143
vn 0.9182 0.0802 -0.3880
vn 0.8850 0.0800 -0.4587
vn 0.8468 0.0798 -0.5259
vn 0.8039 0.0795 -0.5894
vn 0.7566 0.0793 -0.6490
vn 0.7051 0.0793 -0.7046
vn 0.9874 0.1567 -0.0203
vn 0.9840 0.1587 -0.0808
vn 0.9738 0.1600 -0.1613
vn 0.9572 0.1606 -0.2407
vn 0.9346 0.1607 -0.3174
vn 0.9064 0.1603 -0.3908
vn 0.8733 0.1597 -0.4603
vn 0.8356 0.1590 -0.5258
vn 0.7938 0.1583 -0.5872
vn 0.7481 0.1579 -0.6445
vn 0.6986 0.1578 -0.6979
vn 0.9721 0.2338 -0.0203
vn 0.9681 0.2371 -0.0812
vn 0.9573 0.2392 -0.1622
vn 0.9401 0.2401 -0.2419
vn 0.9171 0.2399 -0.3185
vn 0.8888 0.2389 -0.3911
vn 0.8561 0.2374 -0.4591
vn 0.8193 0.2357 -0.5227
vn 0.7790 0.2342 -0.5817
vn 0.7352 0.2331 -0.6365
vn 0.6881 0.2328 -0.6873
vn 0.9507 0.3095 -0.0203
vn 0.9460 0.3137 -0.0813
vn 0.9347 0.3163 -0.1624
vn 0.9171 0.3171 -0.2418
vn 0.8939 0.3162 -0.3178
vn 0.8660 0.3140 -0.3891
vn 0.8341 0.3111 -0.4554
vn 0.7988 0.3080 -0.5168
vn 0.7604 0.3053 -0.5733
vn 0.7189 0.3034 -0.6254
vn 0.6743 0.3027 -0.6736
vn 0.9234 0.3832 -0.0203
vn 0.9182 0.3877 -0.0811
vn 0.9064 0.3902 -0.1618
vn 0.8887 0.3903 -0.2407
vn 0.8659 0.3881 -0.3156
vn 0.8389 0.3843 -0.3854
vn 0.8085 0.3796 -0.4497
vn 0.7751 0.3747 -0.5088
vn 0.7390 0.3704 -0.5628
vn 0.7001 0.3674 -0.6123
vn 0.6582 0.3663 -0.6578
vn 0.8905 0.4545 -0.0202
vn 0.8849 0.4587 -0.0807
vn 0.8730 0.4603 -0.1610
vn 0.8557 0.4590 -0.2389
vn 0.8338 0.4551 -0.3125
vn 0.8083 0.4493 -0.3806
vn 0.7799 0.4423 -0.4429
vn 0.7490 0.4353 -0.4995
vn 0.7158 0.4291 -0.5510
vn 0.6798 0.4248 -0.5978
vn 0.6408 0.4230 -0.6406
vn 0.8522 0.5229 -0.0200
vn 0.8466 0.5261 -0.0803
vn 0.8351 0.5263 -0.1600
vn 0.8187 0.5230 -0.2369
vn 0.7983 0.5169 -0.3091
vn 0.7747 0.5087 -0.3755
vn 0.7489 0.4993 -0.4357
vn 0.7211 0.4898 -0.4900
vn 0.6912 0.4814 -0.5389
vn 0.6588 0.4753 -0.5831
vn 0.6231 0.4729 -0.6230
vn 0.8086 0.5880 -0.0199
vn 0.8036 0.5898 -0.0799
vn 0.7931 0.5879 -0.1590
vn 0.7782 0.5823 -0.2350
vn 0.7597 0.5737 -0.3060
vn 0.7385 0.5630 -0.3710
vn 0.7155 0.5510 -0.4294
vn 0.6911 0.5389 -0.4815
vn 0.6654 0.5278 -0.5278
vn 0.6376 0.5193 -0.5690
vn 0.6059 0.5156 -0.6059
vn 0.7601 0.6495 -0.0198
vn 0.7562 0.6495 -0.0795
vn 0.7474 0.6453 -0.1582
vn 0.7344 0.6372 -0.2336
vn 0.7182 0.6260 -0.3038
vn 0.6997 0.6126 -0.3677
vn 0.6796 0.5980 -0.4249
vn 0.6587 0.5832 -0.4754
vn 0.6376 0.5690 -0.5193
vn 0.6163 0.5568 -0.5568
vn 0.5903 0.5505 -0.5903
vn 0.0197 -0.9996 -0.0197
vn 0.0197 -0.0197 -0.9996
vn 0.9996 -0.0197 -0.0197
vn 0.0199 -0.9967 -0.0787
vn 0.0201 -0.9874 -0.1567
vn 0.0201 -0.9721 -0.2339
vn 0.0201 -0.9507 -0.3095
vn 0.0200 -0.9234 -0.3832
vn 0.0200 -0.8905 -0.4545
vn 0.0199 -0.8522 -0.5228
vn 0.0198 -0.8086 -0.5880
vn 0.0197 -0.7601 -0.6495
vn 0.0197 -0.7070 -0.7070
vn 0.0787 -0.9967 -0.0200
vn 0.0795 -0.9936 -0.0799
vn 0.0801 -0.9840 -0.1594
vn 0.0803 -0.9680 -0.2379
vn 0.0803 -0.9459 -0.3143
vn 0.0802 -0.9182 -0.3880
vn 0.0800 -0.8850 -0.4587
vn 0.0798 -0.8468 -0.5259
vn 0.0795 -0.8039 -0.5894
vn 0.0793 -0.7566 -0.6490
vn 0.0793 -0.7051 -0.7046
vn 0.1567 -0.9874 -0.0203
vn 0.1587 -0.9840 -0.0808
vn 0.1600 -0.9738 -0.1613
vn 0.1606 -0.9572 -0.2407
vn 0.1607 -0.9346 -0.3174
vn 0.1603 -0.9064 -0.3908
vn 0.1597 -0.8733 -0.4603
vn 0.1590 -0.8356 -0.5258
vn 0.1583 -0.7938 -0.5872
vn 0.1579 -0.7481 -0.6445
vn 0.1578 -0.6986 -0.6979
vn 0.2338 -0.9721 -0.0203
vn 0.2371 -0.9681 -0.0812
vn 0.2392 -0.9573 -0.1622
vn 0.2401 -0.9401 -0.2419
vn 0.2399 -0.9171 -0.3185
vn 0.2389 -0.8888 -0.3911
vn 0.2374 -0.8561 -0.4591
vn 0.2357 -0.8193 -0.5227
vn 0.2342 -0.7790 -0.5817
vn 0.2332 -0.7352 -0.6365
vn 0.2328 -0.6881 -0.6873
vn 0.3095 -0.9507 -0.0203
vn 0.3137 -0.9460 -0.0813
vn 0.3163 -0.9347 -0.1624
vn 0.3171 -0.9171 -0.2418
vn 0.3162 -0.8939 -0.3178
vn 0.3140 -0.8660 -0.3891
vn 0.3111 -0.8341 -0.4554
vn 0.3080 -0.7988 -0.5168
vn 0.3053 -0.7604 -0.5733
vn 0.3034 -0.7189 -0.6254
vn 0.3027 -0.6743 -0.6736
vn 0.3832 -0.9234 -0.0203
vn 0.3877 -0.9182 -0.0811
vn 0.3902 -0.9064 -0.1618
vn 0.3903 -0.8887 -0.2407
vn 0.3881 -0.8659 -0.3156
vn 0.3843 -0.8389 -0.3854
vn 0.3796 -0.8085 -0.4497
vn 0.3747 -0.7751 -0.5088
vn 0.3704 -0.7390 -0.5628
vn 0.3675 -0.7001 -0.6123
vn 0.3663 -0.6582 -0.6578
vn 0.4545 -0.8905 -0.0201
vn 0.4587 -0.8849 -0.0807
vn 0.4603 -0.8730 -0.1610
vn 0.4590 -0.8557 -0.2389
vn 0.4551 -0.8338 -0.3125
vn 0.4493 -0.8083 -0.3806
vn 0.4424 -0.7799 -0.4428
vn 0.4353 -0.7490 -0.4995
vn 0.4291 -0.7158 -0.5510
vn 0.4248 -0.6798 -0.5978
vn 0.4230 -0.6408 -0.6406
vn 0.5229 -0.8522 -0.0200
vn 0.5261 -0.8466 -0.0803
vn 0.5263 -0.8351 -0.1600
vn 0.5230 -0.8187 -0.2369
vn 0.5169 -0.7983 -0.3091
vn 0.5087 -0.7747 -0.3755
vn 0.4993 -0.7489 -0.4357
vn 0.4898 -0.7211 -0.4900
vn 0.4814 -0.6912 -0.5389
vn 0.4753 -0.6588 -0.5831
vn 0.4729 -0.6231 -0.6230
vn 0.5880 -0.8086 -0.0199
vn 0.5898 -0.8036 -0.0799
vn 0.5879 -0.7931 -0.1590
vn 0.5823 -0.7782 -0.2350
vn 0.5738 -0.7597 -0.3060
vn 0.5630 -0.7385 -0.3709
vn 0.5510 -0.7155 -0.4294
vn 0.5389 -0.6911 -0.4815
vn 0.5278 -0.6654 -0.5278
vn 0.5193 -0.6376 -0.5690
vn 0.5156 -0.6059 -0.6059
vn 0.6495 -0.7601 -0.0198
vn 0.6495 -0.7562 -0.0795
vn 0.6453 -0.7474 -0.1582
vn 0.6372 -0.7344 -0.2336
vn 0.6260 -0.7182 -0.3038
vn 0.6126 -0.6997 -0.3677
vn 0.5980 -0.6796 -0.4249
vn 0.5831 -0.6587 -0.4754
vn 0.5690 -0.6376 -0.5193
vn 0.5568 -0.6163 -0.5568
vn 0.5505 -0.5903 -0.5903
vn 0.5774 -0.5774 -0.5774
vn 0.0787 -0.0199 -0.9967
vn 0.1567 -0.0201 -0.9874
vn 0.2339 -0.0201 -0.9721
vn 0.3095 -0.0201 -0.9507
vn 0.3832 -0.0200 -0.9234
vn 0.4545 -0.0200 -0.8905
vn 0.5228 -0.0199 -0.8522
vn 0.5880 -0.0198 -0.8086
vn 0.6495 -0.0197 -0.7601
vn 0.7070 -0.0197 -0.7070
vn 0.0200 -0.0787 -0.9967
vn 0.0799 -0.0795 -0.9936
vn 0.1594 -0.0801 -0.9840
vn 0.2379 -0.0803 -0.9680
vn 0.3143 -0.0803 -0.9459
vn 0.3880 -0.0802 -0.9182
vn 0.4587 -0.0800 -0.8850
vn 0.5259 -0.0798 -0.8468
vn 0.5894 -0.0795 -0.8039
vn 0.6490 -0.0793 -0.7566
vn 0.7046 -0.0793 -0.7051
vn 0.0203 -0.1567 -0.9874
vn 0.0808 -0.1587 -0.9840
vn 0.1613 -0.1600 -0.9738
vn 0.2407 -0.1606 -0.9572
vn 0.3174 -0.1607 -0.9346
vn 0.3908 -0.1603 -0.9064
vn 0.4603 -0.1597 -0.8733
vn 0.5258 -0.1590 -0.8356
vn 0.5872 -0.1583 -0.7938
vn 0.6445 -0.1579 -0.7481
vn 0.6979 -0.1578 -0.6986
vn 0.0203 -0.2338 -0.9721
vn 0.0812 -0.2371 -0.9681
vn 0.1622 -0.2392 -0.9573
vn 0.2419 -0.2401 -0.9401
vn 0.3185 -0.2399 -0.9171
vn 0.3911 -0.2389 -0.8888
vn 0.4591 -0.2374 -0.8561
vn 0.5227 -0.2357 -0.8193
vn 0.5817 -0.2342 -0.7790
vn 0.6365 -0.2332 -0.7352
vn 0.6873 -0.2328 -0.6881
vn 0.0203 -0.3095 -0.9507
vn 0.0813 -0.3137 -0.9460
vn 0.1624 -0.3163 -0.9347
vn 0.2418 -0.3171 -0.9171
vn 0.3178 -0.3162 -0.8939
vn 0.3891 -0.3140 -0.8660
vn 0.4554 -0.3111 -0.8341
vn 0.5168 -0.3080 -0.7988
vn 0.5733 -0.3053 -0.7604
vn 0.6254 -0.3034 -0.7189
vn 0.6736 -0.3027 -0.6743
vn 0.0203 -0.3832 -0.9234
vn 0.0811 -0.3877 -0.9182
vn 0.1618 -0.3902 -0.9064
vn 0.2407 -0.3903 -0.8887
vn 0.3156 -0.3881 -0.8659
vn 0.3854 -0.3843 -0.8389
vn 0.4497 -0.3796 -0.8085
vn 0.5088 -0.3747 -0.7751
vn 0.5628 -0.3704 -0.7390
vn 0.6123 -0.3675 -0.7001
vn 0.6578 -0.3663 -0.6582
vn 0.0201 -0.4545 -0.8905
vn 0.0807 -0.4587 -0.8849
vn 0.1610 -0.4603 -0.8730
vn 0.2389 -0.4590 -0.8557
vn 0.3125 -0.4551 -0.8338
vn 0.3806 -0.4493 -0.8083
vn 0.4428 -0.4424 -0.7799
vn 0.4995 -0.4353 -0.7490
vn 0.5510 -0.4291 -0.7158
vn 0.5978 -0.4248 -0.6798
vn 0.6406 -0.4230 -0.6408
vn 0.0200 -0.5229 -0.8522
vn 0.0803 -0.5261 -0.8466
vn 0.1600 -0.5263 -0.8351
vn 0.2369 -0.5230 -0.8187
vn 0.3091 -0.5169 -0.7983
vn 0.3755 -0.5087 -0.7747
vn 0.4357 -0.4993 -0.7489
vn 0.4900 -0.4898 -0.7211
vn 0.5389 -0.4814 -0.6912
vn 0.5831 -0.4753 -0.6588
vn 0.6230 -0.4729 -0.6231
vn 0.0199 -0.5880 -0.8086
vn 0.0799 -0.5898 -0.8036
vn 0.1590 -0.5879 -0.7931
vn 0.2350 -0.5823 -0.7782
vn 0.3060 -0.5738 -0.7597
vn 0.3709 -0.5630 -0.7385
vn 0.4294 -0.5510 -0.7155
vn 0.4815 -0.5389 -0.6911
vn 0.5278 -0.5278 -0.6654
vn 0.5690 -0.5193 -0.6376
vn 0.6059 -0.5156 -0.6059
vn 0.0198 -0.6495 -0.7601
vn 0.0795 -0.6495 -0.7562
vn 0.1582 -0.6453 -0.7474
vn 0.2336 -0.6372 -0.7344
vn 0.3038 -0.6260 -0.7182
vn 0.3677 -0.6126 -0.6997
vn 0.4249 -0.5980 -0.6796
vn 0.4754 -0.5831 -0.6587
vn 0.5193 -0.5690 -0.6376
vn 0.5568 -0.5568 -0.6163
vn 0.5903 -0.5505 -0.5903
vn 0.9967 -0.0787 -0.0199
vn 0.9874 -0.1567 -0.0201
vn 0.9721 -0.2339 -0.0201
vn 0.9507 -0.3095 -0.0201
vn 0.9234 -0.3832 -0.0200
vn 0.8905 -0.4545 -0.0200
vn 0.8522 -0.5228 -0.0199
vn 0.8086 -0.5880 -0.0198
vn 0.7601 -0.6495 -0.0197
vn 0.7070 -0.7070 -0.0197
vn 0.9967 -0.0200 -0.0787
vn 0.9936 -0.0799 -0.0795
vn 0.9840 -0.1594 -0.0801
vn 0.9680 -0.2379 -0.0803
vn 0.9459 -0.3143 -0.0803
vn 0.9182 -0.3880 -0.0802
vn 0.8850 -0.4587 -0.0800
vn 0.8468 -0.5259 -0.0798
vn 0.8039 -0.5894 -0.0795
vn 0.7566 -0.6490 -0.0793
vn 0.7051 -0.7046 -0.0793
vn 0.9874 -0.0203 -0.1567
vn 0.9840 -0.0808 -0.1587
vn 0.9738 -0.1613 -0.1600
vn 0.9572 -0.2407 -0.1606
vn 0.9346 -0.3174 -0.1607
vn 0.9064 -0.3908 -0.1603
vn 0.8733 -0.4603 -0.1597
vn 0.8356 -0.5258 -0.1590
vn 0.7938 -0.5872 -0.1583
vn 0.7481 -0.6445 -0.1579
vn 0.6986 -0.6979 -0.1578
vn 0.9721 -0.0203 -0.2338
vn 0.9681 -0.0812 -0.2371
vn 0.9573 -0.1622 -0.2392
vn 0.9401 -0.2419 -0.2401
vn 0.9171 -0.3185 -0.2399
vn 0.8888 -0.3911 -0.2389
vn 0.8561 -0.4591 -0.2374
vn 0.8193 -0.5227 -0.2357
vn 0.7790 -0.5817 -0.2342
vn 0.7352 -0.6365 -0.2332
vn 0.6881 -0.6873 -0.2328
vn 0.9507 -0.0203 -0.3095
vn 0.9460 -0.0813 -0.3137
vn 0.9347 -0.1624 -0.3163
vn 0.9171 -0.2418 -0.3171
vn 0.8939 -0.3178 -0.3162
vn 0.8660 -0.3891 -0.3140
vn 0.8341 -0.4554 -0.3111
vn 0.7988 -0.5168 -0.3080
vn 0.7604 -0.5733 -0.3053
vn 0.7189 -0.6254 -0.3034
vn 0.6743 -0.6736 -0.3027
vn 0.9234 -0.0203 -0.3832
vn 0.9182 -0.0811 -0.3877
vn 0.9064 -0.1618 -0.3902
vn 0.8887 -0.2407 -0.3903
vn 0.8659 -0.3156 -0.3881
vn 0.8389 -0.3854 -0.3843
vn 0.8085 -0.4497 -0.3796
vn 0.7751 -0.5088 -0.3747
vn 0.7390 -0.5628 -0.3704
vn 0.7001 -0.6123 -0.3675
vn 0.6582 -0.6578 -0.3663
vn 0.8905 -0.0201 -0.4545
vn 0.8849 -0.0807 -0.4587
vn 0.8730 -0.1610 -0.4603
vn 0.8557 -0.2389 -0.4590
vn 0.8338 -0.3125 -0.4551
vn 0.8083 -0.3806 -0.4493
vn 0.7799 -0.4428 -0.4424
vn 0.7490 -0.4995 -0.4353
vn 0.7158 -0.5510 -0.4291
vn 0.6798 -0.5978 -0.4248
vn 0.6408 -0.6406 -0.4230
vn 0.8522 -0.0200 -0.5229
vn 0.8466 -0.0803 -0.5261
vn 0.8351 -0.1600 -0.5263
vn 0.8187 -0.2369 -0.5230
vn 0.7983 -0.3091 -0.5169
vn 0.7747 -0.3755 -0.5087
vn 0.7489 -0.4357 -0.4993
vn 0.7211 -0.4900 -0.4898
vn 0.6912 -0.5389 -0.4814
vn 0.6588 -0.5831 -0.4753
vn 0.6231 -0.6230 -0.4729
vn 0.8086 -0.0199 -0.5880
vn 0.8036 -0.0799 -0.5898
vn 0.7931 -0.1590 -0.5879
vn 0.7782 -0.2350 -0.5823
vn 0.7597 -0.3060 -0.5738
vn 0.7385 -0.3709 -0.5630
vn 0.7155 -0.4294 -0.5510
vn 0.6911 -0.4815 -0.5389
vn 0.6654 -0.5278 -0.5278
vn 0.6376 -0.5690 -0.5193
vn 0.6059 -0.6059 -0.5156
vn 0.7601 -0.0198 -0.6495
vn 0.7562 -0.0795 -0.6495
vn 0.7474 -0.1582 -0.6453
vn 0.7344 -0.2336 -0.6372
vn 0.7182 -0.3038 -0.6260
vn 0.6997 -0.3677 -0.6126
vn 0.6796 -0.4249 -0.5980
vn 0.6587 -0.4754 -0.5831
vn 0.6376 -0.5193 -0.5690
vn 0.6163 -0.5568 -0.5568
vn 0.5903 -0.5903 -0.5505
vn 0.9996 0.0197 0.0197
vn 0.0197 0.9996 0.0197
vn 0.0197 0.0197 0.9996
vn 0.9967 0.0787 0.0199
vn 0.9874 0.1567 0.0201
vn 0.9721 0.2339 0.0201
vn 0.9507 0.3095 0.0201
vn 0.9234 0.3832 0.0200
vn 0.8905 0.4545 0.0200
vn 0.8522 0.5228 0.0199
vn 0.8086 0.5880 0.0198
vn 0.7601 0.6495 0.0197
vn 0.7070 0.7070 0.0197
vn 0.9967 0.0200 0.0787
vn 0.9936 0.0799 0.0795
vn 0.9840 0.1594 0.0801
vn 0.9680 0.2379 0.0803
vn 0.9459 0.3143 0.0803
vn 0.9182 0.3880 0.0802
vn 0.8850 0.4587 0.0800
vn 0.8468 0.5259 0.0798
vn 0.8039 0.5894 0.0795
vn 0.7566 0.6490 0.0793
vn 0.7051 0.7046 0.0793
vn 0.9874 0.0203 0.1567
vn 0.9840 0.0808 0.1587
vn 0.9738 0.1613 0.1600
vn 0.9572 0.2407 0.1606
vn 0.9346 0.3174 0.1607
vn 0.9064 0.3908 0.1603
vn 0.8733 0.4603 0.1597
vn 0.8356 0.5258 0.1590
vn 0.7938 0.5872 0.1583
vn 0.7481 0.6445 0.1579
vn 0.6986 0.6979 0.1578
vn 0.9721 0.0203 0.2338
vn 0.9681 0.0812 0.2371
vn 0.9573 0.1622 0.2392
vn 0.9401 0.2419 0.2401
vn 0.9171 0.3185 0.2399
vn 0.8888 0.3911 0.2389
vn 0.8561 0.4591 0.2374
vn 0.8193 0.5227 0.2357
vn 0.7790 0.5817 0.2342
vn 0.7352 0.6365 0.2332
vn 0.6881 0.6873 0.2328
vn 0.9507 0.0203 0.3095
vn 0.9460 0.0813 0.3137
vn 0.9347 0.1624 0.3163
vn 0.9171 0.2418 0.3171
vn 0.8939 0.3178 0.3162
vn 0.8660 0.3891 0.3140
vn 0.8341 0.4554 0.3111
vn 0.7988 0.5168 0.3080
vn 0.7604 0.5733 0.3053
vn 0.7189 0.6254 0.3034
vn 0.6743 0.6736 0.3027
vn 0.9234 0.0203 0.3832
vn 0.9182 0.0811 0.3877
vn 0.9064 0.1618 0.3902
vn 0.8887 0.2407 0.3903
vn 0.8659 0.3156 0.3881
vn 0.8389 0.3854 0.3843
vn 0.8085 0.4497 0.3796
vn 0.7751 0.5088 0.3747
vn 0.7390 0.5628 0.3704
vn 0.7001 0.6123 0.3675
vn 0.6582 0.6578 0.3663
vn 0.8905 0.0201 0.4545
vn 0.8849 0.0807 0.4587
vn 0.8730 0.1610 0.4603
vn 0.8557 0.2389 0.4590
vn 0.8338 0.3125 0.4551
vn 0.8083 0.3806 0.4493
vn 0.7799 0.4428 0.4424
vn 0.7490 0.4995 0.4353
vn 0.7158 0.5510 0.4291
vn 0.6798 0.5978 0.4248
vn 0.6408 0.6406 0.4230
vn 0.8522 0.0200 0.5229
vn 0.8466 0.0803 0.5261
vn 0.8351 0.1600 0.5263
vn 0.8187 0.2369 0.5230
vn 0.7983 0.3091 0.5169
vn 0.7747 0.3755 0.5087
vn 0.7489 0.4357 0.4993
vn 0.7211 0.4900 0.4898
vn 0.6912 0.5389 0.4814
vn 0.6588 0.5831 0.4753
vn 0.6231 0.6230 0.4729
vn 0.8086 0.0199 0.5880
vn 0.8036 0.0799 0.5898
vn 0.7931 0.1590 0.5879
vn 0.7782 0.2350 0.5823
vn 0.7597 0.3060 0.5738
vn 0.7385 0.3709 0.5630
vn 0.7155 0.4294 0.5510
vn 0.6911 0.4815 0.5389
vn 0.6654 0.5278 0.5278
vn 0.6376 0.5690 0.5193
vn 0.6059 0.6059 0.5156
vn 0.7601 0.0198 0.6495
vn 0.7562 0.0795 0.6495
vn 0.7474 0.1582 0.6453
vn 0.7344 0.2336 0.6372
vn 0.7182 0.3038 0.6260
vn 0.6997 0.3677 0.6126
vn 0.6796 0.4249 0.5980
vn 0.6587 0.4754 0.5831
vn 0.6376 0.5193 0.5690
vn 0.6163 0.5568 0.5568
vn 0.5903 0.5903 0.5505
vn 0.5774 0.5774 0.5774
vn 0.0199 0.9967 0.0787
vn 0.0201 0.9874 0.1567
vn 0.0201 0.9721 0.2339
vn 0.0201 0.9507 0.3095
vn 0.0200 0.9234 0.3832
vn 0.0200 0.8905 0.4545
vn 0.0199 0.8522 0.5228
vn 0.0198 0.8086 0.5880
vn 0.0197 0.7601 0.6495
vn 0.0197 0.7070 0.7070
vn 0.0787 0.9967 0.0200
vn 0.0795 0.9936 0.0799
vn 0.0801 0.9840 0.1594
vn 0.0803 0.9680 0.2379
vn 0.0803 0.9459 0.3143
vn 0.0802 0.9182 0.3880
vn 0.0800 0.8850 0.4587
vn 0.0798 0.8468 0.5259
vn 0.0795 0.8039 0.5894
vn 0.0793 0.7566 0.6490
vn 0.0793 0.7051 0.7046
vn 0.1567 0.9874 0.0203
vn 0.1587 0.9840 0.0808
vn 0.1600 0.9738 0.1613
vn 0.1606 0.9572 0.2407
vn 0.1607 0.9346 0.3174
vn 0.1603 0.9064 0.3908
vn 0.1597 0.8733 0.4603
vn 0.1590 0.8356 0.5258
vn 0.1583 0.7938 0.5872
vn 0.1579 0.7481 0.6445
vn 0.1578 0.6986 0.6979
vn 0.2338 0.9721 0.0203
vn 0.2371 0.9681 0.0812
vn 0.2392 0.9573 0.1622
vn 0.2401 0.9401 0.2419
vn 0.2399 0.9171 0.3185
vn 0.2389 0.8888 0.3911
vn 0.2374 0.8561 0.4591
vn 0.2357 0.8193 0.5227
vn 0.2342 0.7790 0.5817
vn 0.2332 0.7352 0.6365
vn 0.2328 0.6881 0.6873
vn 0.3095 0.9507 0.0203
vn 0.3137 0.9460 0.0813
vn 0.3163 0.9347 0.1624
vn 0.3171 0.9171 0.2418
vn 0.3162 0.8939 0.3178
vn 0.3140 0.8660 0.3891
vn 0.3111 0.8341 0.4554
vn 0.3080 0.7988 0.5168
vn 0.3053 0.7604 0.5733
vn 0.3034 0.7189 0.6254
vn 0.3027 0.6743 0.6736
vn 0.3832 0.9234 0.0203
vn 0.3877 0.9182 0.0811
vn 0.3902 0.9064 0.1618
vn 0.3903 0.8887 0.2407
vn 0.3881 0.8659 0.3156
vn 0.3843 0.8389 0.3854
vn 0.3796 0.8085 0.4497
vn 0.3747 0.7751 0.5088
vn 0.3704 0.7390 0.5628
vn 0.3675 0.7001 0.6123
vn 0.3663 0.6582 0.6578
vn 0.4545 0.8905 0.0201
vn 0.4587 0.8849 0.0807
vn 0.4603 0.8730 0.1610
vn 0.4590 0.8557 0.2389
vn 0.4551 0.8338 0.3125
vn 0.4493 0.8083 0.3806
vn 0.4424 0.7799 0.4428
vn 0.4353 0.7490 0.4995
vn 0.4291 0.7158 0.5510
vn 0.4248 0.6798 0.5978
vn 0.4230 0.6408 0.6406
vn 0.5229 0.8522 0.0200
vn 0.5261 0.8466 0.0803
vn 0.5263 0.8351 0.1600
vn 0.5230 0.8187 0.2369
vn 0.5169 0.7983 0.3091
vn 0.5087 0.7747 0.3755
vn 0.4993 0.7489 0.4357
vn 0.4898 0.7211 0.4900
vn 0.4814 0.6912 0.5389
vn 0.4753 0.6588 0.5831
vn 0.4729 0.6231 0.6230
vn 0.5880 0.8086 0.0199
vn 0.5898 0.8036 0.0799
vn 0.5879 0.7931 0.1590
vn 0.5823 0.7782 0.2350
vn 0.5738 0.7597 0.3060
vn 0.5630 0.7385 0.3709
vn 0.5510 0.7155 0.4294
vn 0.5389 0.6911 0.4815
vn 0.5278 0.6654 0.5278
vn 0.5193 0.6376 0.5690
vn 0.5156 0.6059 0.6059
vn 0.6495 0.7601 0.0198
vn 0.6495 0.7562 0.0795
vn 0.6453 0.7474 0.1582
vn 0.6372 0.7344 0.2336
vn 0.6260 0.7182 0.3038
vn 0.6126 0.6997 0.3677
vn 0.5980 0.6796 0.4249
vn 0.5831 0.6587 0.4754
vn 0.5690 0.6376 0.5193
vn 0.5568 0.6163 0.5568
vn 0.5505 0.5903 0.5903
vn 0.0787 0.0199 0.9967
vn 0.1567 0.0201 0.9874
vn 0.2339 0.0201 0.9721
vn 0.3095 0.0201 0.9507
vn 0.3832 0.0200 0.9234
vn 0.4545 0.0200 0.8905
vn 0.5228 0.0199 0.8522
vn 0.5880 0.0198 0.8086
vn 0.6495 0.0197 0.7601
vn 0.7070 0.0197 0.7070
vn 0.0200 0.0787 0.9967
vn 0.0799 0.0795 0.9936
vn 0.1594 0.0801 0.9840
vn 0.2379 0.0803 0.9680
vn 0.3143 0.0803 0.9459
vn 0.3880 0.0802 0.9182
vn 0.4587 0.0800 0.8850
vn 0.5259 0.0798 0.8468
vn 0.5894 0.0795 0.8039
vn 0.6490 0.0793 0.7566
vn 0.7046 0.0793 0.7051
vn 0.0203 0.1567 0.9874
vn 0.0808 0.1587 0.9840
vn 0.1613 0.1600 0.9738
vn 0.2407 0.1606 0.9572
vn 0.3174 0.1607 0.9346
vn 0.3908 0.1603 0.9064
vn 0.4603 0.1597 0.8733
vn 0.5258 0.1590 0.8356
vn 0.5872 0.1583 0.7938
vn 0.6445 0.1579 0.7481
vn 0.6979 0.1578 0.6986
vn 0.0203 0.2338 0.9721
vn 0.0812 0.2371 0.9681
vn 0.1622 0.2392 0.9573
vn 0.2419 0.2401 0.9401
vn 0.3185 0.2399 0.9171
vn 0.3911 0.2389 0.8888
vn 0.4591 0.2374 0.8561
vn 0.5227 0.2357 0.8193
vn 0.5817 0.2342 0.7790
vn 0.6365 0.2332 0.7352
vn 0.6873 0.2328 0.6881
vn 0.0203 0.3095 0.9507
vn 0.0813 0.3137 0.9460
vn 0.1624 0.3163 0.9347
vn 0.2418 0.3171 0.9171
vn 0.3178 0.3162 0.8939
vn 0.3891 0.3140 0.8660
vn 0.4554 0.3111 0.8341
vn 0.5168 0.3080 0.7988
vn 0.5733 0.3053 0.7604
vn 0.6254 0.3034 0.7189
vn 0.6736 0.3027 0.6743
vn 0.0203 0.3832 0.9234
vn 0.0811 0.3877 0.9182
vn 0.1618 0.3902 0.9064
vn 0.2407 0.3903 0.8887
vn 0.3156 0.3881 0.8659
vn 0.3854 0.3843 0.8389
vn 0.4497 0.3796 0.8085
vn 0.5088 0.3747 0.7751
vn 0.5628 0.3704 0.7390
vn 0.6123 0.3675 0.7001
vn 0.6578 0.3663 0.6582
vn 0.0201 0.4545 0.8905
vn 0.0807 0.4587 0.8849
vn 0.1610 0.4603 0.8730
vn 0.2389 0.4590 0.8557
vn 0.3125 0.4551 0.8338
vn 0.3806 0.4493 0.8083
vn 0.4428 0.4424 0.7799
vn 0.4995 0.4353 0.7490
vn 0.5510 0.4291 0.7158
vn 0.5978 0.4248 0.6798
vn 0.6406 0.4230 0.6408
vn 0.0200 0.5229 0.8522
vn 0.0803 0.5261 0.8466
vn 0.1600 0.5263 0.8351
vn 0.2369 0.5230 0.8187
vn 0.3091 0.5169 0.7983
vn 0.3755 0.5087 0.7747
vn 0.4357 0.4993 0.7489
vn 0.4900 0.4898 0.7211
vn 0.5389 0.4814 0.6912
vn 0.5831 0.4753 0.6588
vn 0.6230 0.4729 0.6231
vn 0.0199 0.5880 0.8086
vn 0.0799 0.5898 0.8036
vn 0.1590 0.5879 0.7931
vn 0.2350 0.5823 0.7782
vn 0.3060 0.5738 0.7597
vn 0.3709 0.5630 0.7385
vn 0.4294 0.5510 0.7155
vn 0.4815 0.5389 0.6911
vn 0.5278 0.5278 0.6654
vn 0.5690 0.5193 0.6376
vn 0.6059 0.5156 0.6059
vn 0.0198 0.6495 0.7601
vn 0.0795 0.6495 0.7562
vn 0.1582 0.6453 0.7474
vn 0.2336 0.6372 0.7344
vn 0.3038 0.6260 0.7182
vn 0.3677 0.6126 0.6997
vn 0.4249 0.5980 0.6796
vn 0.4754 0.5831 0.6587
vn 0.5193 0.5690 0.6376
vn 0.5568 0.5568 0.6163
vn 0.5903 0.5505 0.5903
vn 0.9996 -0.0197 0.0197
vn 0.0197 -0.0197 0.9996
vn 0.0197 -0.9996 0.0197
vn 0.9967 -0.0199 0.0787
vn 0.9874 -0.0201 0.1567
vn 0.9721 -0.0201 0.2339
vn 0.9507 -0.0201 0.3095
vn 0.9234 -0.0200 0.3832
vn 0.8905 -0.0200 0.4545
vn 0.8522 -0.0199 0.5228
vn 0.8086 -0.0198 0.5880
vn 0.7601 -0.0197 0.6495
vn 0.7070 -0.0197 0.7070
vn 0.9967 -0.0787 0.0200
vn 0.9936 -0.0795 0.0799
vn 0.9840 -0.0801 0.1594
vn 0.9680 -0.0803 0.2378
vn 0.9459 -0.0803 0.3143
vn 0.9182 -0.0802 0.3880
vn 0.8850 -0.0800 0.4587
vn 0.8468 -0.0798 0.5259
vn 0.8039 -0.0795 0.5894
vn 0.7566 -0.0793 0.6490
vn 0.7051 -0.0793 0.7046
vn 0.9874 -0.1567 0.0203
vn 0.9840 -0.1587 0.0808
vn 0.9738 -0.1600 0.1613
vn 0.9572 -0.1606 0.2407
vn 0.9346 -0.1607 0.3174
vn 0.9064 -0.1603 0.3908
vn 0.8733 -0.1597 0.4603
vn 0.8356 -0.1590 0.5258
vn 0.7938 -0.1583 0.5872
vn 0.7481 -0.1579 0.6445
vn 0.6986 -0.1578 0.6979
vn 0.9721 -0.2338 0.0203
vn 0.9681 -0.2371 0.0812
vn 0.9573 -0.2392 0.1622
vn 0.9401 -0.2401 0.2419
vn 0.9171 -0.2399 0.3185
vn 0.8888 -0.2389 0.3911
vn 0.8561 -0.2374 0.4591
vn 0.8193 -0.2357 0.5227
vn 0.7790 -0.2342 0.5817
vn 0.7352 -0.2332 0.6365
vn 0.6881 -0.2328 0.6873
vn 0.9507 -0.3095 0.0203
vn 0.9460 -0.3137 0.0813
vn 0.9347 -0.3163 0.1624
vn 0.9171 -0.3171 0.2418
vn 0.8939 -0.3162 0.3178
vn 0.8660 -0.3140 0.3891
vn 0.8341 -0.3111 0.4554
vn 0.7988 -0.3080 0.5168
vn 0.7604 -0.3053 0.5733
vn 0.7189 -0.3034 0.6254
vn 0.6743 -0.3027 0.6736
vn 0.9234 -0.3832 0.0203
vn 0.9182 -0.3877 0.0811
vn 0.9064 -0.3902 0.1618
vn 0.8887 -0.3903 0.2407
vn 0.8659 -0.3881 0.3156
vn 0.8389 -0.3843 0.3854
vn 0.8085 -0.3796 0.4497
vn 0.7751 -0.3747 0.5088
vn 0.7390 -0.3704 0.5628
vn 0.7001 -0.3674 0.6123
vn 0.6582 -0.3663 0.6578
vn 0.8905 -0.4545 0.0202
vn 0.8849 -0.4587 0.0807
vn 0.8730 -0.4603 0.1610
vn 0.8557 -0.4590 0.2389
vn 0.8338 -0.4551 0.3125
vn 0.8083 -0.4493 0.3806
vn 0.7799 -0.4423 0.4429
vn 0.7490 -0.4353 0.4995
vn 0.7158 -0.4291 0.5510
vn 0.6798 -0.4248 0.5978
vn 0.6408 -0.4230 0.6406
vn 0.8522 -0.5229 0.0200
vn 0.8466 -0.5261 0.0803
vn 0.8351 -0.5263 0.1600
vn 0.8187 -0.5230 0.2369
vn 0.7983 -0.5169 0.3091
vn 0.7747 -0.5087 0.3755
vn 0.7489 -0.4993 0.4357
vn 0.7211 -0.4898 0.4900
vn 0.6912 -0.4814 0.5389
vn 0.6588 -0.4753 0.5831
vn 0.6231 -0.4729 0.6230
vn 0.8086 -0.5880 0.0199
vn 0.8036 -0.5898 0.0799
vn 0.7931 -0.5879 0.1590
vn 0.7782 -0.5823 0.2350
vn 0.7597 -0.5737 0.3060
vn 0.7385 -0.5630 0.3710
vn 0.7155 -0.5510 0.4294
vn 0.6911 -0.5389 0.4815
vn 0.6654 -0.5278 0.5278
vn 0.6376 -0.5193 0.5690
vn 0.6059 -0.5156 0.6059
vn 0.7601 -0.6495 0.0198
vn 0.7562 -0.6495 0.0795
vn 0.7474 -0.6453 0.1582
vn 0.7344 -0.6372 0.2336
vn 0.7182 -0.6260 0.3038
vn 0.6997 -0.6126 0.3677
vn 0.6796 -0.5980 0.4249
vn 0.6587 -0.5832 0.4754
vn 0.6376 -0.5690 0.5193
vn 0.6163 -0.5568 0.5568
vn 0.5903 -0.5505 0.5903
vn 0.5774 -0.5774 0.5774
vn 0.0199 -0.0787 0.9967
vn 0.0201 -0.1567 0.9874
vn 0.0201 -0.2339 0.9721
vn 0.0201 -0.3095 0.9507
vn 0.0200 -0.3832 0.9234
vn 0.0200 -0.4545 0.8905
vn 0.0199 -0.5228 0.8522
vn 0.0198 -0.5880 0.8086
vn 0.0197 -0.6495 0.7601
vn 0.0197 -0.7070 0.7070
vn 0.0787 -0.0200 0.9967
vn 0.0795 -0.0799 0.9936
vn 0.0801 -0.1594 0.9840
vn 0.0803 -0.2378 0.9680
vn 0.0803 -0.3143 0.9459
vn 0.0802 -0.3880 0.9182
vn 0.0800 -0.4587 0.8850
vn 0.0798 -0.5259 0.8468
vn 0.0795 -0.5894 0.8039
vn 0.0793 -0.6490 0.7566
vn 0.0793 -0.7046 0.7051
vn 0.1567 -0.0203 0.9874
vn 0.1587 -0.0808 0.9840
vn 0.1600 -0.1613 0.9738
vn 0.1606 -0.2407 0.9572
vn 0.1607 -0.3174 0.9346
vn 0.1603 -0.3908 0.9064
vn 0.1597 -0.4603 0.8733
vn 0.1590 -0.5258 0.8356
vn 0.1583 -0.5872 0.7938
vn 0.1579 -0.6445 0.7481
vn 0.1578 -0.6979 0.6986
vn 0.2338 -0.0203 0.9721
vn 0.2371 -0.0812 0.9681
vn 0.2392 -0.1622 0.9573
vn 0.2401 -0.2419 0.9401
vn 0.2399 -0.3185 0.9171
vn 0.2389 -0.3911 0.8888
vn 0.2374 -0.4591 0.8561
vn 0.2357 -0.5227 0.8193
vn 0.2342 -0.5817 0.7790
vn 0.2331 -0.6365 0.7352
vn 0.2328 -0.6873 0.6881
vn 0.3095 -0.0203 0.9507
vn 0.3137 -0.0813 0.9460
vn 0.3163 -0.1624 0.9347
vn 0.3171 -0.2418 0.9171
vn 0.3162 -0.3178 0.8939
vn 0.3140 -0.3891 0.8660
vn 0.3111 -0.4554 0.8341
vn 0.3080 -0.5168 0.7988
vn 0.3053 -0.5733 0.7604
vn 0.3034 -0.6254 0.7189
vn 0.3027 -0.6736 0.6743
vn 0.3832 -0.0203 0.9234
vn 0.3877 -0.0811 0.9182
vn 0.3902 -0.1618 0.9064
vn 0.3903 -0.2407 0.8887
vn 0.3881 -0.3156 0.8659
vn 0.3843 -0.3854 0.8389
vn 0.3796 -0.4497 0.8085
vn 0.3747 -0.5088 0.7751
vn 0.3704 -0.5628 0.7390
vn 0.3674 -0.6123 0.7001
vn 0.3663 -0.6578 0.6582
vn 0.4545 -0.0202 0.8905
vn 0.4587 -0.0807 0.8849
vn 0.4603 -0.1610 0.8730
vn 0.4590 -0.2389 0.8557
vn 0.4551 -0.3125 0.8338
vn 0.4493 -0.3806 0.8083
vn 0.4423 -0.4429 0.7799
vn 0.4353 -0.4995 0.7490
vn 0.4291 -0.5510 0.7158
vn 0.4248 -0.5978 0.6798
vn 0.4230 -0.6406 0.6408
vn 0.5229 -0.0200 0.8522
vn 0.5261 -0.0803 0.8466
vn 0.5263 -0.1600 0.8351
vn 0.5230 -0.2369 0.8187
vn 0.5169 -0.3091 0.7983
vn 0.5087 -0.3755 0.7747
vn 0.4993 -0.4357 0.7489
vn 0.4898 -0.4900 0.7211
vn 0.4814 -0.5389 0.6912
vn 0.4753 -0.5831 0.6588
vn 0.4729 -0.6230 0.6231
vn 0.5880 -0.0199 0.8086
vn 0.5898 -0.0799 0.8036
vn 0.5879 -0.1590 0.7931
vn 0.5823 -0.2350 0.7782
vn 0.5737 -0.3060 0.7597
vn 0.5630 -0.3710 0.7385
vn 0.5510 -0.4294 0.7155
vn 0.5389 -0.4815 0.6911
vn 0.5278 -0.5278 0.6654
vn 0.5193 -0.5690 0.6376
vn 0.5156 -0.6059 0.6059
vn 0.6495 -0.0198 0.7601
vn 0.6495 -0.0795 0.7562
vn 0.6453 -0.1582 0.7474
vn 0.6372 -0.2336 0.7344
vn 0.6260 -0.3038 0.7182
vn 0.6126 -0.3677 0.6997
vn 0.5980 -0.4249 0.6796
vn 0.5832 -0.4754 0.6587
vn 0.5690 -0.5193 0.6376
vn 0.5568 -0.5568 0.6163
vn 0.5505 -0.5903 0.5903
vn 0.0787 -0.9967 0.0199
vn 0.1567 -0.9874 0.0201
vn 0.2339 -0.9721 0.0201
vn 0.3095 -0.9507 0.0201
vn 0.3832 -0.9234 0.0200
vn 0.4545 -0.8905 0.0200
vn 0.5228 -0.8522 0.0199
vn 0.5880 -0.8086 0.0198
vn 0.6495 -0.7601 0.0197
vn 0.7070 -0.7070 0.0197
vn 0.0200 -0.9967 0.0787
vn 0.0799 -0.9936 0.0795
vn 0.1594 -0.9840 0.0801
vn 0.2378 -0.9680 0.0803
vn 0.3143 -0.9459 0.0803
vn 0.3880 -0.9182 0.0802
vn 0.4587 -0.8850 0.0800
vn 0.5259 -0.8468 0.0798
vn 0.5894 -0.8039 0.0795
vn 0.6490 -0.7566 0.0793
vn 0.7046 -0.7051 0.0793
vn 0.0203 -0.9874 0.1567
vn 0.0808 -0.9840 0.1587
vn 0.1613 -0.9738 0.1600
vn 0.2407 -0.9572 0.1606
vn 0.3174 -0.9346 0.1607
vn 0.3908 -0.9064 0.1603
vn 0.4603 -0.8733 0.1597
vn 0.5258 -0.8356 0.1590
vn 0.5872 -0.7938 0.1583
vn 0.6445 -0.7481 0.1579
vn 0.6979 -0.6986 0.1578
vn 0.0203 -0.9721 0.2338
vn 0.0812 -0.9681 0.2371
vn 0.1622 -0.9573 0.2392
vn 0.2419 -0.9401 0.2401
vn 0.3185 -0.9171 0.2399
vn 0.3911 -0.8888 0.2389
vn 0.4591 -0.8561 0.2374
vn 0.5227 -0.8193 0.2357
vn 0.5817 -0.7790 0.2342
vn 0.6365 -0.7352 0.2331
vn 0.6873 -0.6881 0.2328
vn 0.0203 -0.9507 0.3095
vn 0.0813 -0.9460 0.3137
vn 0.1624 -0.9347 0.3163
vn 0.2418 -0.9171 0.3171
vn 0.3178 -0.8939 0.3162
vn 0.3891 -0.8660 0.3140
vn 0.4554 -0.8341 0.3111
vn 0.5168 -0.7988 0.3080
vn 0.5733 -0.7604 0.3053
vn 0.6254 -0.7189 0.3034
vn 0.6736 -0.6743 0.3027
vn 0.0203 -0.9234 0.3832
vn 0.0811 -0.9182 0.3877
vn 0.1618 -0.9064 0.3902
vn 0.2407 -0.8887 0.3903
vn 0.3156 -0.8659 0.3881
vn 0.3854 -0.8389 0.3843
vn 0.4497 -0.8085 0.3796
vn 0.5088 -0.7751 0.3747
vn 0.5628 -0.7390 0.3704
vn 0.6123 -0.7001 0.3674
vn 0.6578 -0.6582 0.3663
vn 0.0202 -0.8905 0.4545
vn 0.0807 -0.8849 0.4587
vn 0.1610 -0.8730 0.4603
vn 0.2389 -0.8557 0.4590
vn 0.3125 -0.8338 0.4551
vn 0.3806 -0.8083 0.4493
vn 0.4429 -0.7799 0.4423
vn 0.4995 -0.7490 0.4353
vn 0.5510 -0.7158 0.4291
vn 0.5978 -0.6798 0.4248
vn 0.6406 -0.6408 0.4230
vn 0.0200 -0.8522 0.5229
vn 0.0803 -0.8466 0.5261
vn 0.1600 -0.8351 0.5263
vn 0.2369 -0.8187 0.5230
vn 0.3091 -0.7983 0.5169
vn 0.3755 -0.7747 0.5087
vn 0.4357 -0.7489 0.4993
vn 0.4900 -0.7211 0.4898
vn 0.5389 -0.6912 0.4814
vn 0.5831 -0.6588 0.4753
vn 0.6230 -0.6231 0.4729
vn 0.0199 -0.8086 0.5880
vn 0.0799 -0.8036 0.5898
vn 0.1590 -0.7931 0.5879
vn 0.2350 -0.7782 0.5823
vn 0.3060 -0.7597 0.5737
vn 0.3710 -0.7385 0.5630
vn 0.4294 -0.7155 0.5510
vn 0.4815 -0.6911 0.5389
vn 0.5278 -0.6654 0.5278
vn 0.5690 -0.6376 0.5193
vn 0.6059 -0.6059 0.5156
vn 0.0198 -0.7601 0.6495
vn 0.0795 -0.7562 0.6495
vn 0.1582 -0.7474 0.6453
vn 0.2336 -0.7344 0.6372
vn 0.3038 -0.7182 0.6260
vn 0.3677 -0.6997 0.6126
vn 0.4249 -0.6796 0.5980
vn 0.4754 -0.6587 0.5832
vn 0.5193 -0.6376 0.5690
vn 0.5568 -0.6163 0.5568
vn 0.5903 -0.5903 0.5505
vn -0.0197 0.0197 -0.9996
vn -0.9996 0.0197 -0.0197
vn -0.0197 0.9996 -0.0197
vn -0.0787 0.0199 -0.9967
vn -0.1567 0.0201 -0.9874
vn -0.2339 0.0201 -0.9721
vn -0.3095 0.0201 -0.9507
vn -0.3832 0.0200 -0.9234
vn -0.4545 0.0200 -0.8905
vn -0.5228 0.0199 -0.8522
vn -0.5880 0.0198 -0.8086
vn -0.6495 0.0197 -0.7601
vn -0.7070 0.0197 -0.7070
vn -0.0200 0.0787 -0.9967
vn -0.0799 0.0795 -0.9936
vn -0.1594 0.0801 -0.9840
vn -0.2379 0.0803 -0.9680
vn -0.3143 0.0803 -0.9459
vn -0.3880 0.0802 -0.9182
vn -0.4587 0.0800 -0.8850
vn -0.5259 0.0798 -0.8468
vn -0.5894 0.0795 -0.8039
vn -0.6490 0.0793 -0.7566
vn -0.7046 0.0793 -0.7051
vn -0.0203 0.1567 -0.9874
vn -0.0808 0.1587 -0.9840
vn -0.1613 0.1600 -0.9738
vn -0.2407 0.1606 -0.9572
vn -0.3174 0.1607 -0.9346
vn -0.3908 0.1603 -0.9064
vn -0.4603 0.1597 -0.8733
vn -0.5258 0.1590 -0.8356
vn -0.5872 0.1583 -0.7938
vn -0.6445 0.1579 -0.7481
vn -0.6979 0.1578 -0.6986
vn -0.0203 0.2338 -0.9721
vn -0.0812 0.2371 -0.9681
vn -0.1622 0.2392 -0.9573
vn -0.2419 0.2401 -0.9401
vn -0.3185 0.2399 -0.9171
vn -0.3911 0.2389 -0.8888
vn -0.4591 0.2374 -0.8561
vn -0.5227 0.2357 -0.8193
vn -0.5817 0.2342 -0.7790
vn -0.6365 0.2332 -0.7352
vn -0.6873 0.2328 -0.6881
vn -0.0203 0.3095 -0.9507
vn -0.0813 0.3137 -0.9460
vn -0.1624 0.3163 -0.9347
vn -0.2418 0.3171 -0.9171
vn -0.3178 0.3162 -0.8939
vn -0.3891 0.3140 -0.8660
vn -0.4554 0.3111 -0.8341
vn -0.5168 0.3080 -0.7988
vn -0.5733 0.3053 -0.7604
vn -0.6254 0.3034 -0.7189
vn -0.6736 0.3027 -0.6743
vn -0.0203 0.3832 -0.9234
vn -0.0811 0.3877 -0.9182
vn -0.1618 0.3902 -0.9064
vn -0.2407 0.3903 -0.8887
vn -0.3156 0.3881 -0.8659
vn -0.3854 0.3843 -0.8389
vn -0.4497 0.3796 -0.8085
vn -0.5088 0.3747 -0.7751
vn -0.5628 0.3704 -0.7390
vn -0.6123 0.3675 -0.7001
vn -0.6578 0.3663 -0.6582
vn -0.0201 0.4545 -0.8905
vn -0.0807 0.4587 -0.8849
vn -0.1610 0.4603 -0.8730
vn -0.2389 0.4590 -0.8557
vn -0.3125 0.4551 -0.8338
vn -0.3806 0.4493 -0.8083
vn -0.4428 0.4424 -0.7799
vn -0.4995 0.4353 -0.7490
vn -0.5510 0.4291 -0.7158
vn -0.5978 0.4248 -0.6798
vn -0.6406 0.4230 -0.6408
vn -0.0200 0.5229 -0.8522
vn -0.0803 0.5261 -0.8466
vn -0.1600 0.5263 -0.8351
vn -0.2369 0.5230 -0.8187
vn -0.3091 0.5169 -0.7983
vn -0.3755 0.5087 -0.7747
vn -0.4357 0.4993 -0.7489
vn -0.4900 0.4898 -0.7211
vn -0.5389 0.4814 -0.6912
vn -0.5831 0.4753 -0.6588
vn -0.6230 0.4729 -0.6231
vn -0.0199 0.5880 -0.8086
vn -0.0799 0.5898 -0.8036
vn -0.1590 0.5879 -0.7931
vn -0.2350 0.5823 -0.7782
vn -0.3060 0.5738 -0.7597
vn -0.3709 0.5630 -0.7385
vn -0.4294 0.5510 -0.7155
vn -0.4815 0.5389 -0.6911
vn -0.5278 0.5278 -0.6654
vn -0.5690 0.5193 -0.6376
vn -0.6059 0.5156 -0.6059
vn -0.0198 0.6495 -0.7601
vn -0.0795 0.6495 -0.7562
vn -0.1582 0.6453 -0.7474
vn -0.2336 0.6372 -0.7344
vn -0.3038 0.6260 -0.7182
vn -0.3677 0.6126 -0.6997
vn -0.4249 0.5980 -0.6796
vn -0.4754 0.5831 -0.6587
vn -0.5193 0.5690 -0.6376
vn -0.5568 0.5568 -0.6163
vn -0.5903 0.5505 -0.5903
vn -0.5774 0.5774 -0.5774
vn -0.9967 0.0787 -0.0199
vn -0.9874 0.1567 -0.0201
vn -0.9721 0.2339 -0.0201
vn -0.9507 0.3095 -0.0201
vn -0.9234 0.3832 -0.0200
vn -0.8905 0.4545 -0.0200
vn -0.8522 0.5228 -0.0199
vn -0.8086 0.5880 -0.0198
vn -0.7601 0.6495 -0.0197
vn -0.7070 0.7070 -0.0197
vn -0.9967 0.0200 -0.0787
vn -0.9936 0.0799 -0.0795
vn -0.9840 0.1594 -0.0801
vn -0.9680 0.2379 -0.0803
vn -0.9459 0.3143 -0.0803
vn -0.9182 0.3880 -0.0802
vn -0.8850 0.4587 -0.0800
vn -0.8468 0.5259 -0.0798
vn -0.8039 0.5894 -0.0795
vn -0.7566 0.6490 -0.0793
vn -0.7051 0.7046 -0.0793
vn -0.9874 0.0203 -0.1567
vn -0.9840 0.0808 -0.1587
vn -0.9738 0.1613 -0.1600
vn -0.9572 0.2407 -0.1606
vn -0.9346 0.3174 -0.1607
vn -0.9064 0.3908 -0.1603
vn -0.8733 0.4603 -0.1597
vn -0.8356 0.5258 -0.1590
vn -0.7938 0.5872 -0.1583
vn -0.7481 0.6445 -0.1579
vn -0.6986 0.6979 -0.1578
vn -0.9721 0.0203 -0.2338
vn -0.9681 0.0812 -0.2371
vn -0.9573 0.1622 -0.2392
vn -0.9401 0.2419 -0.2401
vn -0.9171 0.3185 -0.2399
vn -0.8888 0.3911 -0.2389
vn -0.8561 0.4591 -0.2374
vn -0.8193 0.5227 -0.2357
vn -0.7790 0.5817 -0.2342
vn -0.7352 0.6365 -0.2332
vn -0.6881 0.6873 -0.2328
vn -0.9507 0.0203 -0.3095
vn -0.9460 0.0813 -0.3137
vn -0.9347 0.1624 -0.3163
vn -0.9171 0.2418 -0.3171
vn -0.8939 0.3178 -0.3162
vn -0.8660 0.3891 -0.3140
vn -0.8341 0.4554 -0.3111
vn -0.7988 0.5168 -0.3080
vn -0.7604 0.5733 -0.3053
vn -0.7189 0.6254 -0.3034
vn -0.6743 0.6736 -0.3027
vn -0.9234 0.0203 -0.3832
vn -0.9182 0.0811 -0.3877
vn -0.9064 0.1618 -0.3902
vn -0.8887 0.2407 -0.3903
vn -0.8659 0.3156 -0.3881
vn -0.8389 0.3854 -0.3843
vn -0.8085 0.4497 -0.3796
vn -0.7751 0.5088 -0.3747
vn -0.7390 0.5628 -0.3704
vn -0.7001 0.6123 -0.3675
vn -0.6582 0.6578 -0.3663
vn -0.8905 0.0201 -0.4545
vn -0.8849 0.0807 -0.4587
vn -0.8730 0.1610 -0.4603
vn -0.8557 0.2389 -0.4590
vn -0.8338 0.3125 -0.4551
vn -0.8083 0.3806 -0.4493
vn -0.7799 0.4428 -0.4424
vn -0.7490 0.4995 -0.4353
vn -0.7158 0.5510 -0.4291
vn -0.6798 0.5978 -0.4248
vn -0.6408 0.6406 -0.4230
vn -0.8522 0.0200 -0.5229
vn -0.8466 0.0803 -0.5261
vn -0.8351 0.1600 -0.5263
vn -0.8187 0.2369 -0.5230
vn -0.7983 0.3091 -0.5169
vn -0.7747 0.3755 -0.5087
vn -0.7489 0.4357 -0.4993
vn -0.7211 0.4900 -0.4898
vn -0.6912 0.5389 -0.4814
vn -0.6588 0.5831 -0.4753
vn -0.6231 0.6230 -0.4729
vn -0.8086 0.0199 -0.5880
vn -0.8036 0.0799 -0.5898
vn -0.7931 0.1590 -0.5879
vn -0.7782 0.2350 -0.5823
vn -0.7597 0.3060 -0.5738
vn -0.7385 0.3709 -0.5630
vn -0.7155 0.4294 -0.5510
vn -0.6911 0.4815 -0.5389
vn -0.6654 0.5278 -0.5278
vn -0.6376 0.5690 -0.5193
vn -0.6059 0.6059 -0.5156
vn -0.7601 0.0198 -0.6495
vn -0.7562 0.0795 -0.6495
vn -0.7474 0.1582 -0.6453
vn -0.7344 0.2336 -0.6372
vn -0.7182 0.3038 -0.6260
vn -0.6997 0.3677 -0.6126
vn -0.6796 0.4249 -0.5980
vn -0.6587 0.4754 -0.5831
vn -0.6376 0.5193 -0.5690
vn -0.6163 0.5568 -0.5568
vn -0.5903 0.5903 -0.5505
vn -0.0199 0.9967 -0.0787
vn -0.0201 0.9874 -0.1567
vn -0.0201 0.9721 -0.2339
vn -0.0201 0.9507 -0.3095
vn -0.0200 0.9234 -0.3832
vn -0.0200 0.8905 -0.4545
vn -0.0199 0.8522 -0.5228
vn -0.0198 0.8086 -0.5880
vn -0.0197 0.7601 -0.6495
vn -0.0197 0.7070 -0.7070
vn -0.0787 0.9967 -0.0200
vn -0.0795 0.9936 -0.0799
vn -0.0801 0.9840 -0.1594
vn -0.0803 0.9680 -0.2379
vn -0.0803 0.9459 -0.3143
vn -0.0802 0.9182 -0.3880
vn -0.0800 0.8850 -0.4587
vn -0.0798 0.8468 -0.5259
vn -0.0795 0.8039 -0.5894
vn -0.0793 0.7566 -0.6490
vn -0.0793 0.7051 -0.7046
vn -0.1567 0.9874 -0.0203
vn -0.1587 0.9840 -0.0808
vn -0.1600 0.9738 -0.1613
vn -0.1606 0.9572 -0.2407
vn -0.1607 0.9346 -0.3174
vn -0.1603 0.9064 -0.3908
vn -0.1597 0.8733 -0.4603
vn -0.1590 0.8356 -0.5258
vn -0.1583 0.7938 -0.5872
vn -0.1579 0.7481 -0.6445
vn -0.1578 0.6986 -0.6979
vn -0.2338 0.9721 -0.0203
vn -0.2371 0.9681 -0.0812
vn -0.2392 0.9573 -0.1622
vn -0.2401 0.9401 -0.2419
vn -0.2399 0.9171 -0.3185
vn -0.2389 0.8888 -0.3911
vn -0.2374 0.8561 -0.4591
vn -0.2357 0.8193 -0.5227
vn -0.2342 0.7790 -0.5817
vn -0.2332 0.7352 -0.6365
vn -0.2328 0.6881 -0.6873
vn -0.3095 0.9507 -0.0203
vn -0.3137 0.9460 -0.0813
vn -0.3163 0.9347 -0.1624
vn -0.3171 0.9171 -0.2418
vn -0.3162 0.8939 -0.3178
vn -0.3140 0.8660 -0.3891
vn -0.3111 0.8341 -0.4554
vn -0.3080 0.7988 -0.5168
vn -0.3053 0.7604 -0.5733
vn -0.3034 0.7189 -0.6254
vn -0.3027 0.6743 -0.6736
vn -0.3832 0.9234 -0.0203
vn -0.3877 0.9182 -0.0811
vn -0.3902 0.9064 -0.1618
vn -0.3903 0.8887 -0.2407
vn -0.3881 0.8659 -0.3156
vn -0.3843 0.8389 -0.3854
vn -0.3796 0.8085 -0.4497
vn -0.3747 0.7751 -0.5088
vn -0.3704 0.7390 -0.5628
vn -0.3675 0.7001 -0.6123
vn -0.3663 0.6582 -0.6578
vn -0.4545 0.8905 -0.0201
vn -0.4587 0.8849 -0.0807
vn -0.4603 0.8730 -0.1610
vn -0.4590 0.8557 -0.2389
vn -0.4551 0.8338 -0.3125
vn -0.4493 0.8083 -0.3806
vn -0.4424 0.7799 -0.4428
vn -0.4353 0.7490 -0.4995
vn -0.4291 0.7158 -0.5510
vn -0.4248 0.6798 -0.5978
vn -0.4230 0.6408 -0.6406
vn -0.5229 0.8522 -0.0200
vn -0.5261 0.8466 -0.0803
vn -0.5263 0.8351 -0.1600
vn -0.5230 0.8187 -0.2369
vn -0.5169 0.7983 -0.3091
vn -0.5087 0.7747 -0.3755
vn -0.4993 0.7489 -0.4357
vn -0.4898 0.7211 -0.4900
vn -0.4814 0.6912 -0.5389
vn -0.4753 0.6588 -0.5831
vn -0.4729 0.6231 -0.6230
vn -0.5880 0.8086 -0.0199
vn -0.5898 0.8036 -0.0799
vn -0.5879 0.7931 -0.1590
vn -0.5823 0.7782 -0.2350
vn -0.5738 0.7597 -0.3060
vn -0.5630 0.7385 -0.3709
vn -0.5510 0.7155 -0.4294
vn -0.5389 0.6911 -0.4815
vn -0.5278 0.6654 -0.5278
vn -0.5193 0.6376 -0.5690
vn -0.5156 0.6059 -0.6059
vn -0.6495 0.7601 -0.0198
vn -0.6495 0.7562 -0.0795
vn -0.6453 0.7474 -0.1582
vn -0.6372 0.7344 -0.2336
vn -0.6260 0.7182 -0.3038
vn -0.6126 0.6997 -0.3677
vn -0.5980 0.6796 -0.4249
vn -0.5831 0.6587 -0.4754
vn -0.5690 0.6376 -0.5193
vn -0.5568 0.6163 -0.5568
vn -0.5505 0.5903 -0.5903
vn -0.9996 -0.0197 -0.0197
vn -0.0197 -0.0197 -0.9996
vn -0.0197 -0.9996 -0.0197
vn -0.9967 -0.0199 -0.0787
vn -0.9874 -0.0201 -0.1567
vn -0.9721 -0.0201 -0.2339
vn -0.9507 -0.0201 -0.3095
vn -0.9234 -0.0200 -0.3832
vn -0.8905 -0.0200 -0.4545
vn -0.8522 -0.0199 -0.5228
vn -0.8086 -0.0198 -0.5880
vn -0.7601 -0.0197 -0.6495
vn -0.7070 -0.0197 -0.7070
vn -0.9967 -0.0787 -0.0200
vn -0.9936 -0.0795 -0.0799
vn -0.9840 -0.0801 -0.1594
vn -0.9680 -0.0803 -0.2378
vn -0.9459 -0.0803 -0.3143
vn -0.9182 -0.0802 -0.3880
vn -0.8850 -0.0800 -0.4587
vn -0.8468 -0.0798 -0.5259
vn -0.8039 -0.0795 -0.5894
vn -0.7566 -0.0793 -0.6490
vn -0.7051 -0.0793 -0.7046
vn -0.9874 -0.1567 -0.0203
vn -0.9840 -0.1587 -0.0808
vn -0.9738 -0.1600 -0.1613
vn -0.9572 -0.1606 -0.2407
vn -0.9346 -0.1607 -0.3174
vn -0.9064 -0.1603 -0.3908
vn -0.8733 -0.1597 -0.4603
vn -0.8356 -0.1590 -0.5258
vn -0.7938 -0.1583 -0.5872
vn -0.7481 -0.1579 -0.6445
vn -0.6986 -0.1578 -0.6979
vn -0.9721 -0.2338 -0.0203
vn -0.9681 -0.2371 -0.0812
vn -0.9573 -0.2392 -0.1622
vn -0.9401 -0.2401 -0.2419
vn -0.9171 -0.2399 -0.3185
vn -0.8888 -0.2389 -0.3911
vn -0.8561 -0.2374 -0.4591
vn -0.8193 -0.2357 -0.5227
vn -0.7790 -0.2342 -0.5817
vn -0.7352 -0.2332 -0.6365
vn -0.6881 -0.2328 -0.6873
vn -0.9507 -0.3095 -0.0203
vn -0.9460 -0.3137 -0.0813
vn -0.9347 -0.3163 -0.1624
vn -0.9171 -0.3171 -0.2418
vn -0.8939 -0.3162 -0.3178
vn -0.8660 -0.3140 -0.3891
vn -0.8341 -0.3111 -0.4554
vn -0.7988 -0.3080 -0.5168
vn -0.7604 -0.3053 -0.5733
vn -0.7189 -0.3034 -0.6254
vn -0.6743 -0.3027 -0.6736
vn -0.9234 -0.3832 -0.0203
vn -0.9182 -0.3877 -0.0811
vn -0.9064 -0.3902 -0.1618
vn -0.8887 -0.3903 -0.2407
vn -0.8659 -0.3881 -0.3156
vn -0.8389 -0.3843 -0.3854
vn -0.8085 -0.3796 -0.4497
vn -0.7751 -0.3747 -0.5088
vn -0.7390 -0.3704 -0.5628
vn -0.7001 -0.3674 -0.6123
vn -0.6582 -0.3663 -0.6578
vn -0.8905 -0.4545 -0.0202
vn -0.8849 -0.4587 -0.0807
vn -0.8730 -0.4603 -0.1610
vn -0.8557 -0.4590 -0.2389
vn -0.8338 -0.4551 -0.3125
vn -0.8083 -0.4493 -0.3806
vn -0.7799 -0.4423 -0.4429
vn -0.7490 -0.4353 -0.4995
vn -0.7158 -0.4291 -0.5510
vn -0.6798 -0.4248 -0.5978
vn -0.6408 -0.4230 -0.6406
vn -0.8522 -0.5229 -0.0200
vn -0.8466 -0.5261 -0.0803
vn -0.8351 -0.5263 -0.1600
vn -0.8187 -0.5230 -0.2369
vn -0.7983 -0.5169 -0.3091
vn -0.7747 -0.5087 -0.3755
vn -0.7489 -0.4993 -0.4357
vn -0.7211 -0.4898 -0.4900
vn -0.6912 -0.4814 -0.5389
vn -0.6588 -0.4753 -0.5831
vn -0.6231 -0.4729 -0.6230
vn -0.8086 -0.5880 -0.0199
vn -0.8036 -0.5898 -0.0799
vn -0.7931 -0.5879 -0.1590
vn -0.7782 -0.5823 -0.2350
vn -0.7597 -0.5737 -0.3060
vn -0.7385 -0.5630 -0.3710
vn -0.7155 -0.5510 -0.4294
vn -0.6911 -0.5389 -0.4815
vn -0.6654 -0.5278 -0.5278
vn -0.6376 -0.5193 -0.5690
vn -0.6059 -0.5156 -0.6059
vn -0.7601 -0.6495 -0.0198
vn -0.7562 -0.6495 -0.0795
vn -0.7474 -0.6453 -0.1582
vn -0.7344 -0.6372 -0.2336
vn -0.7182 -0.6260 -0.3038
vn -0.6997 -0.6126 -0.3677
vn -0.6796 -0.5980 -0.4249
vn -0.6587 -0.5832 -0.4754
vn -0.6376 -0.5690 -0.5193
vn -0.6163 -0.5568 -0.5568
vn -0.5903 -0.5505 -0.5903
vn -0.5774 -0.5774 -0.5774
vn -0.0199 -0.0787 -0.9967
vn -0.0201 -0.1567 -0.9874
vn -0.0201 -0.2339 -0.9721
vn -0.0201 -0.3095 -0.9507
vn -0.0200 -0.3832 -0.9234
vn -0.0200 -0.4545 -0.8905
vn -0.0199 -0.5228 -0.8522
vn -0.0198 -0.5880 -0.8086
vn -0.0197 -0.6495 -0.7601
vn -0.0197 -0.7070 -0.7070
vn -0.0787 -0.0200 -0.9967
vn -0.0795 -0.0799 -0.9936
vn -0.0801 -0.1594 -0.9840
vn -0.0803 -0.2378 -0.9680
vn -0.0803 -0.3143 -0.9459
vn -0.0802 -0.3880 -0.9182
vn -0.0800 -0.4587 -0.8850
vn -0.0798 -0.5259 -0.8468
vn -0.0795 -0.5894 -0.8039
vn -0.0793 -0.6490 -0.7566
vn -0.0793 -0.7046 -0.7051
vn -0.1567 -0.0203 -0.9874
vn -0.1587 -0.0808 -0.9840
vn -0.1600 -0.1613 -0.9738
vn -0.1606 -0.2407 -0.9572
vn -0.1607 -0.3174 -0.9346
vn -0.1603 -0.3908 -0.9064
vn -0.1597 -0.4603 -0.8733
vn -0.1590 -0.5258 -0.8356
vn -0.1583 -0.5872 -0.7938
vn -0.1579 -0.6445 -0.7481
vn -0.1578 -0.6979 -0.6986
vn -0.2338 -0.0203 -0.9721
vn -0.2371 -0.0812 -0.9681
vn -0.2392 -0.1622 -0.9573
vn -0.2401 -0.2419 -0.9401
vn -0.2399 -0.3185 -0.9171
vn -0.2389 -0.3911 -0.8888
vn -0.2374 -0.4591 -0.8561
vn -0.2357 -0.5227 -0.8193
vn -0.2342 -0.5817 -0.7790
vn -0.2331 -0.6365 -0.7352
vn -0.2328 -0.6873 -0.6881
vn -0.3095 -0.0203 -0.9507
vn -0.3137 -0.0813 -0.9460
vn -0.3163 -0.1624 -0.9347
vn -0.3171 -0.2418 -0.9171
vn -0.3162 -0.3178 -0.8939
vn -0.3140 -0.3891 -0.8660
vn -0.3111 -0.4554 -0.8341
vn -0.3080 -0.5168 -0.7988
vn -0.3053 -0.5733 -0.7604
vn -0.3034 -0.6254 -0.7189
vn -0.3027 -0.6736 -0.6743
vn -0.3832 -0.0203 -0.9234
vn -0.3877 -0.0811 -0.9182
vn -0.3902 -0.1618 -0.9064
vn -0.3903 -0.2407 -0.8887
vn -0.3881 -0.3156 -0.8659
vn -0.3843 -0.3854 -0.8389
vn -0.3796 -0.4497 -0.8085
vn -0.3747 -0.5088 -0.7751
vn -0.3704 -0.5628 -0.7390
vn -0.3674 -0.6123 -0.7001
vn -0.3663 -0.6578 -0.6582
vn -0.4545 -0.0202 -0.8905
vn -0.4587 -0.0807 -0.8849
vn -0.4603 -0.1610 -0.8730
vn -0.4590 -0.2389 -0.8557
vn -0.4551 -0.3125 -0.8338
vn -0.4493 -0.3806 -0.8083
vn -0.4423 -0.4429 -0.7799
vn -0.4353 -0.4995 -0.7490
vn -0.4291 -0.5510 -0.7158
vn -0.4248 -0.5978 -0.6798
vn -0.4230 -0.6406 -0.6408
vn -0.5229 -0.0200 -0.8522
vn -0.5261 -0.0803 -0.8466
vn -0.5263 -0.1600 -0.8351
vn -0.5230 -0.2369 -0.8187
vn -0.5169 -0.3091 -0.7983
vn -0.5087 -0.3755 -0.7747
vn -0.4993 -0.4357 -0.7489
vn -0.4898 -0.4900 -0.7211
vn -0.4814 -0.5389 -0.6912
vn -0.4753 -0.5831 -0.6588
vn -0.4729 -0.6230 -0.6231
vn -0.5880 -0.0199 -0.8086
vn -0.5898 -0.0799 -0.8036
vn -0.5879 -0.1590 -0.7931
vn -0.5823 -0.2350 -0.7782
vn -0.5737 -0.3060 -0.7597
vn -0.5630 -0.3710 -0.7385
vn -0.5510 -0.4294 -0.7155
vn -0.5389 -0.4815 -0.6911
vn -0.5278 -0.5278 -0.6654
vn -0.5193 -0.5690 -0.6376
vn -0.5156 -0.6059 -0.6059
vn -0.6495 -0.0198 -0.7601
vn -0.6495 -0.0795 -0.7562
vn -0.6453 -0.1582 -0.7474
vn -0.6372 -0.2336 -0.7344
vn -0.6260 -0.3038 -0.7182
vn -0.6126 -0.3677 -0.6997
vn -0.5980 -0.4249 -0.6796
vn -0.5832 -0.4754 -0.6587
vn -0.5690 -0.5193 -0.6376
vn -0.5568 -0.5568 -0.6163
vn -0.5505 -0.5903 -0.5903
vn -0.0787 -0.9967 -0.0199
vn -0.1567 -0.9874 -0.0201
vn -0.2339 -0.9721 -0.0201
vn -0.3095 -0.9507 -0.0201
vn -0.3832 -0.9234 -0.0200
vn -0.4545 -0.8905 -0.0200
vn -0.5228 -0.8522 -0.0199
vn -0.5880 -0.8086 -0.0198
vn -0.6495 -0.7601 -0.0197
vn -0.7070 -0.7070 -0.0197
vn -0.0200 -0.9967 -0.0787
vn -0.0799 -0.9936 -0.0795
vn -0.1594 -0.9840 -0.0801
vn -0.2378 -0.9680 -0.0803
vn -0.3143 -0.9459 -0.0803
vn -0.3880 -0.9182 -0.0802
vn -0.4587 -0.8850 -0.0800
vn -0.5259 -0.8468 -0.0798
vn -0.5894 -0.8039 -0.0795
vn -0.6490 -0.7566 -0.0793
vn -0.7046 -0.7051 -0.0793
vn -0.0203 -0.9874 -0.1567
vn -0.0808 -0.9840 -0.1587
vn -0.1613 -0.9738 -0.1600
vn -0.2407 -0.9572 -0.1606
vn -0.3174 -0.9346 -0.1607
vn -0.3908 -0.9064 -0.1603
vn -0.4603 -0.8733 -0.1597
vn -0.5258 -0.8356 -0.1590
vn -0.5872 -0.7938 -0.1583
vn -0.6445 -0.7481 -0.1579
vn -0.6979 -0.6986 -0.1578
vn -0.0203 -0.9721 -0.2338
vn -0.0812 -0.9681 -0.2371
vn -0.1622 -0.9573 -0.2392
vn -0.2419 -0.9401 -0.2401
vn -0.3185 -0.9171 -0.2399
vn -0.3911 -0.8888 -0.2389
vn -0.4591 -0.8561 -0.2374
vn -0.5227 -0.8193 -0.2357
vn -0.5817 -0.7790 -0.2342
vn -0.6365 -0.7352 -0.2331
vn -0.6873 -0.6881 -0.2328
vn -0.0203 -0.9507 -0.3095
vn -0.0813 -0.9460 -0.3137
vn -0.1624 -0.9347 -0.3163
vn -0.2418 -0.9171 -0.3171
vn -0.3178 -0.8939 -0.3162
vn -0.3891 -0.8660 -0.3140
vn -0.4554 -0.8341 -0.3111
vn -0.5168 -0.7988 -0.3080
vn -0.5733 -0.7604 -0.3053
vn -0.6254 -0.7189 -0.3034
vn -0.6736 -0.6743 -0.3027
vn -0.0203 -0.9234 -0.3832
vn -0.0811 -0.9182 -0.3877
vn -0.1618 -0.9064 -0.3902
vn -0.2407 -0.8887 -0.3903
vn -0.3156 -0.8659 -0.3881
vn -0.3854 -0.8389 -0.3843
vn -0.4497 -0.8085 -0.3796
vn -0.5088 -0.7751 -0.3747
vn -0.5628 -0.7390 -0.3704
vn -0.6123 -0.7001 -0.3674
vn -0.6578 -0.6582 -0.3663
vn -0.0202 -0.8905 -0.4545
vn -0.0807 -0.8849 -0.4587
vn -0.1610 -0.8730 -0.4603
vn -0.2389 -0.8557 -0.4590
vn -0.3125 -0.8338 -0.4551
vn -0.3806 -0.8083 -0.4493
vn -0.4429 -0.7799 -0.4423
vn -0.4995 -0.7490 -0.4353
vn -0.5510 -0.7158 -0.4291
vn -0.5978 -0.6798 -0.4248
vn -0.6406 -0.6408 -0.4230
vn -0.0200 -0.8522 -0.5229
vn -0.0803 -0.8466 -0.5261
vn -0.1600 -0.8351 -0.5263
vn -0.2369 -0.8187 -0.5230
vn -0.3091 -0.7983 -0.5169
vn -0.3755 -0.7747 -0.5087
vn -0.4357 -0.7489 -0.4993
vn -0.4900 -0.7211 -0.4898
vn -0.5389 -0.6912 -0.4814
vn -0.5831 -0.6588 -0.4753
vn -0.6230 -0.6231 -0.4729
vn -0.0199 -0.8086 -0.5880
vn -0.0799 -0.8036 -0.5898
vn -0.1590 -0.7931 -0.5879
vn -0.2350 -0.7782 -0.5823
vn -0.3060 -0.7597 -0.5737
vn -0.3710 -0.7385 -0.5630
vn -0.4294 -0.7155 -0.5510
vn -0.4815 -0.6911 -0.5389
vn -0.5278 -0.6654 -0.5278
vn -0.5690 -0.6376 -0.5193
vn -0.6059 -0.6059 -0.5156
vn -0.0198 -0.7601 -0.6495
vn -0.0795 -0.7562 -0.6495
vn -0.1582 -0.7474 -0.6453
vn -0.2336 -0.7344 -0.6372
vn -0.3038 -0.7182 -0.6260
vn -0.3677 -0.6997 -0.6126
vn -0.4249 -0.6796 -0.5980
vn -0.4754 -0.6587 -0.5832
vn -0.5193 -0.6376 -0.5690
vn -0.5568 -0.6163 -0.5568
vn -0.5903 -0.5903 -0.5505
vn -0.9996 0.0197 0.0197
vn -0.0197 0.0197 0.9996
vn -0.0197 0.9996 0.0197
vn -0.9967 0.0199 0.0787
vn -0.9874 0.0201 0.1567
vn -0.9721 0.0201 0.2339
vn -0.9507 0.0201 0.3095
vn -0.9234 0.0200 0.3832
vn -0.8905 0.0200 0.4545
vn -0.8522 0.0199 0.5228
vn -0.8086 0.0198 0.5880
vn -0.7601 0.0197 0.6495
vn -0.7070 0.0197 0.7070
vn -0.9967 0.0787 0.0200
vn -0.9936 0.0795 0.0799
vn -0.9840 0.0801 0.1594
vn -0.9680 0.0803 0.2378
vn -0.9459 0.0803 0.3143
vn -0.9182 0.0802 0.3880
vn -0.8850 0.0800 0.4587
vn -0.8468 0.0798 0.5259
vn -0.8039 0.0795 0.5894
vn -0.7566 0.0793 0.6490
vn -0.7051 0.0793 0.7046
vn -0.9874 0.1567 0.0203
vn -0.9840 0.1587 0.0808
vn -0.9738 0.1600 0.1613
vn -0.9572 0.1606 0.2407
vn -0.9346 0.1607 0.3174
vn -0.9064 0.1603 0.3908
vn -0.8733 0.1597 0.4603
vn -0.8356 0.1590 0.5258
vn -0.7938 0.1583 0.5872
vn -0.7481 0.1579 0.6445
vn -0.6986 0.1578 0.6979
vn -0.9721 0.2338 0.0203
vn -0.9681 0.2371 0.0812
vn -0.9573 0.2392 0.1622
vn -0.9401 0.2401 0.2419
vn -0.9171 0.2399 0.3185
vn -0.8888 0.2389 0.3911
vn -0.8561 0.2374 0.4591
vn -0.8193 0.2357 0.5227
vn -0.7790 0.2342 0.5817
vn -0.7352 0.2332 0.6365
vn -0.6881 0.2328 0.6873
vn -0.9507 0.3095 0.0203
vn -0.9460 0.3137 0.0813
vn -0.9347 0.3163 0.1624
vn -0.9171 0.3171 0.2418
vn -0.8939 0.3162 0.3178
vn -0.8660 0.3140 0.3891
vn -0.8341 0.3111 0.4554
vn -0.7988 0.3080 0.5168
vn -0.7604 0.3053 0.5733
vn -0.7189 0.3034 0.6254
vn -0.6743 0.3027 0.6736
vn -0.9234 0.3832 0.0203
vn -0.9182 0.3877 0.0811
vn -0.9064 0.3902 0.1618
vn -0.8887 0.3903 0.2407
vn -0.8659 0.3881 0.3156
vn -0.8389 0.3843 0.3854
vn -0.8085 0.3796 0.4497
vn -0.7751 0.3747 0.5088
vn -0.7390 0.3704 0.5628
vn -0.7001 0.3674 0.6123
vn -0.6582 0.3663 0.6578
vn -0.8905 0.4545 0.0202
vn -0.8849 0.4587 0.0807
vn -0.8730 0.4603 0.1610
vn -0.8557 0.4590 0.2389
vn -0.8338 0.4551 0.3125
vn -0.8083 0.4493 0.3806
vn -0.7799 0.4423 0.4429
vn -0.7490 0.4353 0.4995
vn -0.7158 0.4291 0.5510
vn -0.6798 0.4248 0.5978
vn -0.6408 0.4230 0.6406
vn -0.8522 0.5229 0.0200
vn -0.8466 0.5261 0.0803
vn -0.8351 0.5263 0.1600
vn -0.8187 0.5230 0.2369
vn -0.7983 0.5169 0.3091
vn -0.7747 0.5087 0.3755
vn -0.7489 0.4993 0.4357
vn -0.7211 0.4898 0.4900
vn -0.6912 0.4814 0.5389
vn -0.6588 0.4753 0.5831
vn -0.6231 0.4729 0.6230
vn -0.8086 0.5880 0.0199
vn -0.8036 0.5898 0.0799
vn -0.7931 0.5879 0.1590
vn -0.7782 0.5823 0.2350
vn -0.7597 0.5737 0.3060
vn -0.7385 0.5630 0.3710
vn -0.7155 0.5510 0.4294
vn -0.6911 0.5389 0.4815
vn -0.6654 0.5278 0.5278
vn -0.6376 0.5193 0.5690
vn -0.6059 0.5156 0.6059
vn -0.7601 0.6495 0.0198
vn -0.7562 0.6495 0.0795
vn -0.7474 0.6453 0.1582
vn -0.7344 0.6372 0.2336
vn -0.7182 0.6260 0.3038
vn -0.6997 0.6126 0.3677
vn -0.6796 0.5980 0.4249
vn -0.6587 0.5832 0.4754
vn -0.6376 0.5690 0.5193
vn -0.6163 0.5568 0.5568
vn -0.5903 0.5505 0.5903
vn -0.5774 0.5774 0.5774
vn -0.0199 0.0787 0.9967
vn -0.0201 0.1567 0.9874
vn -0.0201 0.2339 0.9721
vn -0.0201 0.3095 0.9507
vn -0.0200 0.3832 0.9234
vn -0.0200 0.4545 0.8905
vn -0.0199 0.5228 0.8522
vn -0.0198 0.5880 0.8086
vn -0.0197 0.6495 0.7601
vn -0.0197 0.7070 0.7070
vn -0.0787 0.0200 0.9967
vn -0.0795 0.0799 0.9936
vn -0.0801 0.1594 0.9840
vn -0.0803 0.2378 0.9680
vn -0.0803 0.3143 0.9459
vn -0.0802 0.3880 0.9182
vn -0.0800 0.4587 0.8850
vn -0.0798 0.5259 0.8468
vn -0.0795 0.5894 0.8039
vn -0.0793 0.6490 0.7566
vn -0.0793 0.7046 0.7051
vn -0.1567 0.0203 0.9874
vn -0.1587 0.0808 0.9840
vn -0.1600 0.1613 0.9738
vn -0.1606 0.2407 0.9572
vn -0.1607 0.3174 0.9346
vn -0.1603 0.3908 0.9064
vn -0.1597 0.4603 0.8733
vn -0.1590 0.5258 0.8356
vn -0.1583 0.5872 0.7938
vn -0.1579 0.6445 0.7481
vn -0.1578 0.6979 0.6986
vn -0.2338 0.0203 0.9721
vn -0.2371 0.0812 0.9681
vn -0.2392 0.1622 0.9573
vn -0.2401 0.2419 0.9401
vn -0.2399 0.3185 0.9171
vn -0.2389 0.3911 0.8888
vn -0.2374 0.4591 0.8561
vn -0.2357 0.5227 0.8193
vn -0.2342 0.5817 0.7790
vn -0.2331 0.6365 0.7352
vn -0.2328 0.6873 0.6881
vn -0.3095 0.0203 0.9507
vn -0.3137 0.0813 0.9460
vn -0.3163 0.1624 0.9347
vn -0.3171 0.2418 0.9171
vn -0.3162 0.3178 0.8939
vn -0.3140 0.3891 0.8660
vn -0.3111 0.4554 0.8341
vn -0.3080 0.5168 0.7988
vn -0.3053 0.5733 0.7604
vn -0.3034 0.6254 0.7189
vn -0.3027 0.6736 0.6743
vn -0.3832 0.0203 0.9234
vn -0.3877 0.0811 0.9182
vn -0.3902 0.1618 0.9064
vn -0.3903 0.2407 0.8887
vn -0.3881 0.3156 0.8659
vn -0.3843 0.3854 0.8389
vn -0.3796 0.4497 0.8085
vn -0.3747 0.5088 0.7751
vn -0.3704 0.5628 0.7390
vn -0.3674 0.6123 0.7001
vn -0.3663 0.6578 0.6582
vn -0.4545 0.0202 0.8905
vn -0.4587 0.0807 0.8849
vn -0.4603 0.1610 0.8730
vn -0.4590 0.2389 0.8557
vn -0.4551 0.3125 0.8338
vn -0.4493 0.3806 0.8083
vn -0.4423 0.4429 0.7799
vn -0.4353 0.4995 0.7490
vn -0.4291 0.5510 0.7158
vn -0.4248 0.5978 0.6798
vn -0.4230 0.6406 0.6408
vn -0.5229 0.0200 0.8522
vn -0.5261 0.0803 0.8466
vn -0.5263 0.1600 0.8351
vn -0.5230 0.2369 0.8187
vn -0.5169 0.3091 0.7983
vn -0.5087 0.3755 0.7747
vn -0.4993 0.4357 0.7489
vn -0.4898 0.4900 0.7211
vn -0.4814 0.5389 0.6912
vn -0.4753 0.5831 0.6588
vn -0.4729 0.6230 0.6231
vn -0.5880 0.0199 0.8086
vn -0.5898 0.0799 0.8036
vn -0.5879 0.1590 0.7931
vn -0.5823 0.2350 0.7782
vn -0.5737 0.3060 0.7597
vn -0.5630 0.3710 0.7385
vn -0.5510 0.4294 0.7155
vn -0.5389 0.4815 0.6911
vn -0.5278 0.5278 0.6654
vn -0.5193 0.5690 0.6376
vn -0.5156 0.6059 0.6059
vn -0.6495 0.0198 0.7601
vn -0.6495 0.0795 0.7562
vn -0.6453 0.1582 0.7474
vn -0.6372 0.2336 0.7344
vn -0.6260 0.3038 0.7182
vn -0.6126 0.3677 0.6997
vn -0.5980 0.4249 0.6796
vn -0.5832 0.4754 0.6587
vn -0.5690 0.5193 0.6376
vn -0.5568 0.5568 0.6163
vn -0.5505 0.5903 0.5903
vn -0.0787 0.9967 0.0199
vn -0.1567 0.9874 0.0201
vn -0.2339 0.9721 0.0201
vn -0.3095 0.9507 0.0201
vn -0.3832 0.9234 0.0200
vn -0.4545 0.8905 0.0200
vn -0.5228 0.8522 0.0199
vn -0.5880 0.8086 0.0198
vn -0.6495 0.7601 0.0197
vn -0.7070 0.7070 0.0197
vn -0.0200 0.9967 0.0787
vn -0.0799 0.9936 0.0795
vn -0.1594 0.9840 0.0801
vn -0.2378 0.9680 0.0803
vn -0.3143 0.9459 0.0803
vn -0.3880 0.9182 0.0802
vn -0.4587 0.8850 0.0800
vn -0.5259 0.8468 0.0798
vn -0.5894 0.8039 0.0795
vn -0.6490 0.7566 0.0793
vn -0.7046 0.7051 0.0793
vn -0.0203 0.9874 0.1567
vn -0.0808 0.9840 0.1587
vn -0.1613 0.9738 0.1600
vn -0.2407 0.9572 0.1606
vn -0.3174 0.9346 0.1607
vn -0.3908 0.9064 0.1603
vn -0.4603 0.8733 0.1597
vn -0.5258 0.8356 0.1590
vn -0.5872 0.7938 0.1583
vn -0.6445 0.7481 0.1579
vn -0.6979 0.6986 0.1578
vn -0.0203 0.9721 0.2338
vn -0.0812 0.9681 0.2371
vn -0.1622 0.9573 0.2392
vn -0.2419 0.9401 0.2401
vn -0.3185 0.9171 0.2399
vn -0.3911 0.8888 0.2389
vn -0.4591 0.8561 0.2374
vn -0.5227 0.8193 0.2357
vn -0.5817 0.7790 0.2342
vn -0.6365 0.7352 0.2331
vn -0.6873 0.6881 0.2328
vn -0.0203 0.9507 0.3095
vn -0.0813 0.9460 0.3137
vn -0.1624 0.9347 0.3163
vn -0.2418 0.9171 0.3171
vn -0.3178 0.8939 0.3162
vn -0.3891 0.8660 0.3140
vn -0.4554 0.8341 0.3111
vn -0.5168 0.7988 0.3080
vn -0.5733 0.7604 0.3053
vn -0.6254 0.7189 0.3034
vn -0.6736 0.6743 0.3027
vn -0.0203 0.9234 0.3832
vn -0.0811 0.9182 0.3877
vn -0.1618 0.9064 0.3902
vn -0.2407 0.8887 0.3903
vn -0.3156 0.8659 0.3881
vn -0.3854 0.8389 0.3843
vn -0.4497 0.8085 0.3796
vn -0.5088 0.7751 0.3747
vn -0.5628 0.7390 0.3704
vn -0.6123 0.7001 0.3674
vn -0.6578 0.6582 0.3663
vn -0.0202 0.8905 0.4545
vn -0.0807 0.8849 0.4587
vn -0.1610 0.8730 0.4603
vn -0.2389 0.8557 0.4590
vn -0.3125 0.8338 0.4551
vn -0.3806 0.8083 0.4493
vn -0.4429 0.7799 0.4423
vn -0.4995 0.7490 0.4353
vn -0.5510 0.7158 0.4291
vn -0.5978 0.6798 0.4248
vn -0.6406 0.6408 0.4230
vn -0.0200 0.8522 0.5229
vn -0.0803 0.8466 0.5261
vn -0.1600 0.8351 0.5263
vn -0.2369 0.8187 0.5230
vn -0.3091 0.7983 0.5169
vn -0.3755 0.7747 0.5087
vn -0.4357 0.7489 0.4993
vn -0.4900 0.7211 0.4898
vn -0.5389 0.6912 0.4814
vn -0.5831 0.6588 0.4753
vn -0.6230 0.6231 0.4729
vn -0.0199 0.8086 0.5880
vn -0.0799 0.8036 0.5898
vn -0.1590 0.7931 0.5879
vn -0.2350 0.7782 0.5823
vn -0.3060 0.7597 0.5737
vn -0.3710 0.7385 0.5630
vn -0.4294 0.7155 0.5510
vn -0.4815 0.6911 0.5389
vn -0.5278 0.6654 0.5278
vn -0.5690 0.6376 0.5193
vn -0.6059 0.6059 0.5156
vn -0.0198 0.7601 0.6495
vn -0.0795 0.7562 0.6495
vn -0.1582 0.7474 0.6453
vn -0.2336 0.7344 0.6372
vn -0.3038 0.7182 0.6260
vn -0.3677 0.6997 0.6126
vn -0.4249 0.6796 0.5980
vn -0.4754 0.6587 0.5832
vn -0.5193 0.6376 0.5690
vn -0.5568 0.6163 0.5568
vn -0.5903 0.5903 0.5505
vn -0.0197 -0.9996 0.0197
vn -0.0197 -0.0197 0.9996
vn -0.9996 -0.0197 0.0197
vn -0.0199 -0.9967 0.0787
vn -0.0201 -0.9874 0.1567
vn -0.0201 -0.9721 0.2339
vn -0.0201 -0.9507 0.3095
vn -0.0200 -0.9234 0.3832
vn -0.0200 -0.8905 0.4545
vn -0.0199 -0.8522 0.5228
vn -0.0198 -0.8086 0.5880
vn -0.0197 -0.7601 0.6495
vn -0.0197 -0.7070 0.7070
vn -0.0787 -0.9967 0.0200
vn -0.0795 -0.9936 0.0799
vn -0.0801 -0.9840 0.1594
vn -0.0803 -0.9680 0.2379
vn -0.0803 -0.9459 0.3143
vn -0.0802 -0.9182 0.3880
vn -0.0800 -0.8850 0.4587
vn -0.0798 -0.8468 0.5259
vn -0.0795 -0.8039 0.5894
vn -0.0793 -0.7566 0.6490
vn -0.0793 -0.7051 0.7046
vn -0.1567 -0.9874 0.0203
vn -0.1587 -0.9840 0.0808
vn -0.1600 -0.9738 0.1613
vn -0.1606 -0.9572 0.2407
vn -0.1607 -0.9346 0.3174
vn -0.1603 -0.9064 0.3908
vn -0.1597 -0.8733 0.4603
vn -0.1590 -0.8356 0.5258
vn -0.1583 -0.7938 0.5872
vn -0.1579 -0.7481 0.6445
vn -0.1578 -0.6986 0.6979
vn -0.2338 -0.9721 0.0203
vn -0.2371 -0.9681 0.0812
vn -0.2392 -0.9573 0.1622
vn -0.2401 -0.9401 0.2419
vn -0.2399 -0.9171 0.3185
vn -0.2389 -0.8888 0.3911
vn -0.2374 -0.8561 0.4591
vn -0.2357 -0.8193 0.5227
vn -0.2342 -0.7790 0.5817
vn -0.2332 -0.7352 0.6365
vn -0.2328 -0.6881 0.6873
vn -0.3095 -0.9507 0.0203
vn -0.3137 -0.9460 0.0813
vn -0.3163 -0.9347 0.1624
vn -0.3171 -0.9171 0.2418
vn -0.3162 -0.8939 0.3178
vn -0.3140 -0.8660 0.3891
vn -0.3111 -0.8341 0.4554
vn -0.3080 -0.7988 0.5168
vn -0.3053 -0.7604 0.5733
vn -0.3034 -0.7189 0.6254
vn -0.3027 -0.6743 0.6736
vn -0.3832 -0.9234 0.0203
vn -0.3877 -0.9182 0.0811
vn -0.3902 -0.9064 0.1618
vn -0.3903 -0.8887 0.2407
vn -0.3881 -0.8659 0.3156
vn -0.3843 -0.8389 0.3854
vn -0.3796 -0.8085 0.4497
vn -0.3747 -0.7751 0.5088
vn -0.3704 -0.7390 0.5628
vn -0.3675 -0.7001 0.6123
vn -0.3663 -0.6582 0.6578
vn -0.4545 -0.8905 0.0201
vn -0.4587 -0.8849 0.0807
vn -0.4603 -0.8730 0.1610
vn -0.4590 -0.8557 0.2389
vn -0.4551 -0.8338 0.3125
vn -0.4493 -0.8083 0.3806
vn -0.4424 -0.7799 0.4428
vn -0.4353 -0.7490 0.4995
vn -0.4291 -0.7158 0.5510
vn -0.4248 -0.6798 0.5978
vn -0.4230 -0.6408 0.6406
vn -0.5229 -0.8522 0.0200
vn -0.5261 -0.8466 0.0803
vn -0.5263 -0.8351 0.1600
vn -0.5230 -0.8187 0.2369
vn -0.5169 -0.7983 0.3091
vn -0.5087 -0.7747 0.3755
vn -0.4993 -0.7489 0.4357
vn -0.4898 -0.7211 0.4900
vn -0.4814 -0.6912 0.5389
vn -0.4753 -0.6588 0.5831
vn -0.4729 -0.6231 0.6230
vn -0.5880 -0.8086 0.0199
vn -0.5898 -0.8036 0.0799
vn -0.5879 -0.7931 0.1590
vn -0.5823 -0.7782 0.2350
vn -0.5738 -0.7597 0.3060
vn -0.5630 -0.7385 0.3709
vn -0.5510 -0.7155 0.4294
vn -0.5389 -0.6911 0.4815
vn -0.5278 -0.6654 0.5278
vn -0.5193 -0.6376 0.5690
vn -0.5156 -0.6059 0.6059
vn -0.6495 -0.7601 0.0198
vn -0.6495 -0.7562 0.0795
vn -0.6453 -0.7474 0.1582
vn -0.6372 -0.7344 0.2336
vn -0.6260 -0.7182 0.3038
vn -0.6126 -0.6997 0.3677
vn -0.5980 -0.6796 0.4249
vn -0.5831 -0.6587 0.4754
vn -0.5690 -0.6376 0.5193
vn -0.5568 -0.6163 0.5568
vn -0.5505 -0.5903 0.5903
vn -0.5774 -0.5774 0.5774
vn -0.0787 -0.0199 0.9967
vn -0.1567 -0.0201 0.9874
vn -0.2339 -0.0201 0.9721
vn -0.3095 -0.0201 0.9507
vn -0.3832 -0.0200 0.9234
vn -0.4545 -0.0200 0.8905
vn -0.5228 -0.0199 0.8522
vn -0.5880 -0.0198 0.8086
vn -0.6495 -0.0197 0.7601
vn -0.7070 -0.0197 0.7070
vn -0.0200 -0.0787 0.9967
vn -0.0799 -0.0795 0.9936
vn -0.1594 -0.0801 0.9840
vn -0.2379 -0.0803 0.9680
vn -0.3143 -0.0803 0.9459
vn -0.3880 -0.0802 0.9182
vn -0.4587 -0.0800 0.8850
vn -0.5259 -0.0798 0.8468
vn -0.5894 -0.0795 0.8039
vn -0.6490 -0.0793 0.7566
vn -0.7046 -0.0793 0.7051
vn -0.0203 -0.1567 0.9874
vn -0.0808 -0.1587 0.9840
vn -0.1613 -0.1600 0.9738
vn -0.2407 -0.1606 0.9572
vn -0.3174 -0.1607 0.9346
vn -0.3908 -0.1603 0.9064
vn -0.4603 -0.1597 0.8733
vn -0.5258 -0.1590 0.8356
vn -0.5872 -0.1583 0.7938
vn -0.6445 -0.1579 0.7481
vn -0.6979 -0.1578 0.6986
vn -0.0203 -0.2338 0.9721
vn -0.0812 -0.2371 0.9681
vn -0.1622 -0.2392 0.9573
vn -0.2419 -0.2401 0.9401
vn -0.3185 -0.2399 0.9171
vn -0.3911 -0.2389 0.8888
vn -0.4591 -0.2374 0.8561
vn -0.5227 -0.2357 0.8193
vn -0.5817 -0.2342 0.7790
vn -0.6365 -0.2332 0.7352
vn -0.6873 -0.2328 0.6881
vn -0.0203 -0.3095 0.9507
vn -0.0813 -0.3137 0.9460
vn -0.1624 -0.3163 0.9347
vn -0.2418 -0.3171 0.9171
vn -0.3178 -0.3162 0.8939
vn -0.3891 -0.3140 0.8660
vn -0.4554 -0.3111 0.8341
vn -0.5168 -0.3080 0.7988
vn -0.5733 -0.3053 0.7604
vn -0.6254 -0.3034 0.7189
vn -0.6736 -0.3027 0.6743
vn -0.0203 -0.3832 0.9234
vn -0.0811 -0.3877 0.9182
vn -0.1618 -0.3902 0.9064
vn -0.2407 -0.3903 0.8887
vn -0.3156 -0.3881 0.8659
vn -0.3854 -0.3843 0.8389
vn -0.4497 -0.3796 0.8085
vn -0.5088 -0.3747 0.7751
vn -0.5628 -0.3704 0.7390
vn -0.6123 -0.3675 0.7001
vn -0.6578 -0.3663 0.6582
vn -0.0201 -0.4545 0.8905
vn -0.0807 -0.4587 0.8849
vn -0.1610 -0.4603 0.8730
vn -0.2389 -0.4590 0.8557
vn -0.3125 -0.4551 0.8338
vn -0.3806 -0.4493 0.8083
vn -0.4428 -0.4424 0.7799
vn -0.4995 -0.4353 0.7490
vn -0.5510 -0.4291 0.7158
vn -0.5978 -0.4248 0.6798
vn -0.6406 -0.4230 0.6408
vn -0.0200 -0.5229 0.8522
vn -0.0803 -0.5261 0.8466
vn -0.1600 -0.5263 0.8351
vn -0.2369 -0.5230 0.8187
vn -0.3091 -0.5169 0.7983
vn -0.3755 -0.5087 0.7747
vn -0.4357 -0.4993 0.7489
vn -0.4900 -0.4898 0.7211
vn -0.5389 -0.4814 0.6912
vn -0.5831 -0.4753 0.6588
vn -0.6230 -0.4729 0.6231
vn -0.0199 -0.5880 0.8086
vn -0.0799 -0.5898 0.8036
vn -0.1590 -0.5879 0.7931
vn -0.2350 -0.5823 0.7782
vn -0.3060 -0.5738 0.7597
vn -0.3709 -0.5630 0.7385
vn -0.4294 -0.5510 0.7155
vn -0.4815 -0.5389 0.6911
vn -0.5278 -0.5278 0.6654
vn -0.5690 -0.5193 0.6376
vn -0.6059 -0.5156 0.6059
vn -0.0198 -0.6495 0.7601
vn -0.0795 -0.6495 0.7562
vn -0.1582 -0.6453 0.7474
vn -0.2336 -0.6372 0.7344
vn -0.3038 -0.6260 0.7182
vn -0.3677 -0.6126 0.6997
vn -0.4249 -0.5980 0.6796
vn -0.4754 -0.5831 0.6587
vn -0.5193 -0.5690 0.6376
vn -0.5568 -0.5568 0.6163
vn -0.5903 -0.5505 0.5903
vn -0.9967 -0.0787 0.0199
vn -0.9874 -0.1567 0.0201
vn -0.9721 -0.2339 0.0201
vn -0.9507 -0.3095 0.0201
vn -0.9234 -0.3832 0.0200
vn -0.8905 -0.4545 0.0200
vn -0.8522 -0.5228 0.0199
vn -0.8086 -0.5880 0.0198
vn -0.7601 -0.6495 0.0197
vn -0.7070 -0.7070 0.0197
vn -0.9967 -0.0200 0.0787
vn -0.9936 -0.0799 0.0795
vn -0.9840 -0.1594 0.0801
vn -0.9680 -0.2379 0.0803
vn -0.9459 -0.3143 0.0803
vn -0.9182 -0.3880 0.0802
vn -0.8850 -0.4587 0.0800
vn -0.8468 -0.5259 0.0798
vn -0.8039 -0.5894 0.0795
vn -0.7566 -0.6490 0.0793
vn -0.7051 -0.7046 0.0793
vn -0.9874 -0.0203 0.1567
vn -0.9840 -0.0808 0.1587
vn -0.9738 -0.1613 0.1600
vn -0.9572 -0.2407 0.1606
vn -0.9346 -0.3174 0.1607
vn -0.9064 -0.3908 0.1603
vn -0.8733 -0.4603 0.1597
vn -0.8356 -0.5258 0.1590
vn -0.7938 -0.5872 0.1583
vn -0.7481 -0.6445 0.1579
vn -0.6986 -0.6979 0.1578
vn -0.9721 -0.0203 0.2338
vn -0.9681 -0.0812 0.2371
vn -0.9573 -0.1622 0.2392
vn -0.9401 -0.2419 0.2401
vn -0.9171 -0.3185 0.2399
vn -0.8888 -0.3911 0.2389
vn -0.8561 -0.4591 0.2374
vn -0.8193 -0.5227 0.2357
vn -0.7790 -0.5817 0.2342
vn -0.7352 -0.6365 0.2332
vn -0.6881 -0.6873 0.2328
vn -0.9507 -0.0203 0.3095
vn -0.9460 -0.0813 0.3137
vn -0.9347 -0.1624 0.3163
vn -0.9171 -0.2418 0.3171
vn -0.8939 -0.3178 0.3162
vn -0.8660 -0.3891 0.3140
vn -0.8341 -0.4554 0.3111
vn -0.7988 -0.5168 0.3080
vn -0.7604 -0.5733 0.3053
vn -0.7189 -0.6254 0.3034
vn -0.6743 -0.6736 0.3027
vn -0.9234 -0.0203 0.3832
vn -0.9182 -0.0811 0.3877
vn -0.9064 -0.1618 0.3902
vn -0.8887 -0.2407 0.3903
vn -0.8659 -0.3156 0.3881
vn -0.8389 -0.3854 0.3843
vn -0.8085 -0.4497 0.3796
vn -0.7751 -0.5088 0.3747
vn -0.7390 -0.5628 0.3704
vn -0.7001 -0.6123 0.3675
vn -0.6582 -0.6578 0.3663
vn -0.8905 -0.0201 0.4545
vn -0.8849 -0.0807 0.4587
vn -0.8730 -0.1610 0.4603
vn -0.8557 -0.2389 0.4590
vn -0.8338 -0.3125 0.4551
vn -0.8083 -0.3806 0.4493
vn -0.7799 -0.4428 0.4424
vn -0.7490 -0.4995 0.4353
vn -0.7158 -0.5510 0.4291
vn -0.6798 -0.5978 0.4248
vn -0.6408 -0.6406 0.4230
vn -0.8522 -0.0200 0.5229
vn -0.8466 -0.0803 0.5261
vn -0.8351 -0.1600 0.5263
vn -0.8187 -0.2369 0.5230
vn -0.7983 -0.3091 0.5169
vn -0.7747 -0.3755 0.5087
vn -0.7489 -0.4357 0.4993
vn -0.7211 -0.4900 0.4898
vn -0.6912 -0.5389 0.4814
vn -0.6588 -0.5831 0.4753
vn -0.6231 -0.6230 0.4729
vn -0.8086 -0.0199 0.5880
vn -0.8036 -0.0799 0.5898
vn -0.7931 -0.1590 0.5879
vn -0.7782 -0.2350 0.5823
vn -0.7597 -0.3060 0.5738
vn -0.7385 -0.3709 0.5630
vn -0.7155 -0.4294 0.5510
vn -0.6911 -0.4815 0.5389
vn -0.6654 -0.5278 0.5278
vn -0.6376 -0.5690 0.5193
vn -0.6059 -0.6059 0.5156
vn -0.7601 -0.0198 0.6495
vn -0.7562 -0.0795 0.6495
vn -0.7474 -0.1582 0.6453
vn -0.7344 -0.2336 0.6372
vn -0.7182 -0.3038 0.6260
vn -0.6997 -0.3677 0.6126
vn -0.6796 -0.4249 0.5980
vn -0.6587 -0.4754 0.5831
vn -0.6376 -0.5193 0.5690
vn -0.6163 -0.5568 0.5568
vn -0.5903 -0.5903 0.5505
vt 0.612500 0.487500
vt 0.613481 0.487500
vt 0.613494 0.488487
vt 0.612500 0.488481
vt 0.614455 0.487500
vt 0.614492 0.488491
vt 0.615418 0.487500
vt 0.615474 0.488494
vt 0.616363 0.487500
vt 0.616430 0.488497
vt 0.617284 0.487500
vt 0.617353 0.488500
vt 0.618175 0.487500
vt 0.618236 0.488501
vt 0.619031 0.487500
vt 0.619076 0.488501
vt 0.619847 0.487500
vt 0.619869 0.488501
vt 0.620618 0.487500
vt 0.620613 0.488501
vt 0.631250 0.493750
vt 0.630749 0.494251
vt 0.613502 0.489480
vt 0.612500 0.489455
vt 0.614515 0.489496
vt 0.615511 0.489505
vt 0.616473 0.489508
vt 0.617391 0.489507
vt 0.618260 0.489504
vt 0.619078 0.489498
vt 0.619844 0.489493
vt 0.620557 0.489489
vt 0.630256 0.494744
vt 0.613507 0.490463
vt 0.612500 0.490418
vt 0.614527 0.490491
vt 0.615529 0.490504
vt 0.616490 0.490505
vt 0.617398 0.490495
vt 0.618248 0.490480
vt 0.619041 0.490462
vt 0.619776 0.490445
vt 0.620456 0.490435
vt 0.629784 0.495216
vt 0.613509 0.491422
vt 0.612500 0.491363
vt 0.614531 0.491458
vt 0.615531 0.491470
vt 0.616483 0.491461
vt 0.617377 0.491437
vt 0.618204 0.491404
vt 0.618969 0.491368
vt 0.619672 0.491336
vt 0.620318 0.491314
vt 0.629347 0.495653
vt 0.613509 0.492349
vt 0.612500 0.492284
vt 0.614527 0.492384
vt 0.615519 0.492388
vt 0.616458 0.492364
vt 0.617333 0.492319
vt 0.618135 0.492264
vt 0.618870 0.492205
vt 0.619541 0.492153
vt 0.620153 0.492118
vt 0.628949 0.496051
vt 0.613508 0.493237
vt 0.612500 0.493175
vt 0.614521 0.493261
vt 0.615500 0.493247
vt 0.616423 0.493200
vt 0.617276 0.493129
vt 0.618051 0.493045
vt 0.618756 0.492958
vt 0.619394 0.492883
vt 0.619973 0.492832
vt 0.628595 0.496405
vt 0.613507 0.494080
vt 0.612500 0.494031
vt 0.614511 0.494085
vt 0.615478 0.494046
vt 0.616383 0.493971
vt 0.617215 0.493869
vt 0.617964 0.493754
vt 0.618640 0.493638
vt 0.619246 0.493536
vt 0.619789 0.493465
vt 0.628283 0.496717
vt 0.613505 0.494875
vt 0.612500 0.494847
vt 0.614502 0.494853
vt 0.615457 0.494784
vt 0.616346 0.494677
vt 0.617160 0.494543
vt 0.617887 0.494395
vt 0.618538 0.494246
vt 0.619112 0.494112
vt 0.619617 0.494014
vt 0.628015 0.496985
vt 0.613503 0.495620
vt 0.612500 0.495618
vt 0.614494 0.495568
vt 0.615440 0.495466
vt 0.616319 0.495326
vt 0.617121 0.495157
vt 0.617834 0.494975
vt 0.618466 0.494790
vt 0.619014 0.494617
vt 0.619479 0.494479
vt 0.627795 0.497205
vt 0.613501 0.500000
vt 0.612500 0.500000
vt 0.614489 0.500000
vt 0.615431 0.500000
vt 0.616306 0.500000
vt 0.617103 0.500000
vt 0.617810 0.500000
vt 0.618434 0.500000
vt 0.618971 0.500000
vt 0.619410 0.500000
vt 0.623239 0.500000
vt 0.637500 0.512500
vt 0.636519 0.512500
vt 0.636506 0.511513
vt 0.637500 0.511519
vt 0.635545 0.512500
vt 0.635508 0.511509
vt 0.634582 0.512500
vt 0.634526 0.511506
vt 0.633637 0.512500
vt 0.633570 0.511503
vt 0.632716 0.512500
vt 0.632647 0.511500
vt 0.631825 0.512500
vt 0.631764 0.511499
vt 0.630969 0.512500
vt 0.630924 0.511499
vt 0.630153 0.512500
vt 0.630131 0.511499
vt 0.629382 0.512500
vt 0.629387 0.511499
vt 0.625000 0.512500
vt 0.625000 0.511499
vt 0.636498 0.510520
vt 0.637500 0.510545
vt 0.635485 0.510504
vt 0.634489 0.510495
vt 0.633527 0.510492
vt 0.632609 0.510493
vt 0.631740 0.510496
vt 0.630922 0.510502
vt 0.630156 0.510507
vt 0.629443 0.510511
vt 0.625000 0.510511
vt 0.636494 0.509537
vt 0.637500 0.509582
vt 0.635473 0.509509
vt 0.634471 0.509496
vt 0.633510 0.509495
vt 0.632602 0.509505
vt 0.631752 0.509520
vt 0.630959 0.509538
vt 0.630224 0.509555
vt 0.629544 0.509565
vt 0.625000 0.509569
vt 0.636491 0.508578
vt 0.637500 0.508637
vt 0.635469 0.508542
vt 0.634469 0.508530
vt 0.633517 0.508539
vt 0.632623 0.508563
vt 0.631796 0.508596
vt 0.631031 0.508632
vt 0.630328 0.508664
vt 0.629682 0.508686
vt 0.625000 0.508694
vt 0.636491 0.507651
vt 0.637500 0.507716
vt 0.635473 0.507616
vt 0.634481 0.507612
vt 0.633542 0.507636
vt 0.632667 0.507681
vt 0.631865 0.507736
vt 0.631130 0.507795
vt 0.630459 0.507847
vt 0.629847 0.507882
vt 0.625000 0.507897
vt 0.636492 0.506763
vt 0.637500 0.506825
vt 0.635479 0.506739
vt 0.634500 0.506753
vt 0.633577 0.506800
vt 0.632724 0.506871
vt 0.631949 0.506955
vt 0.631244 0.507042
vt 0.630606 0.507117
vt 0.630027 0.507168
vt 0.625000 0.507190
vt 0.636493 0.505920
vt 0.637500 0.505969
vt 0.635489 0.505916
vt 0.634522 0.505954
vt 0.633618 0.506029
vt 0.632785 0.506131
vt 0.632036 0.506246
vt 0.631360 0.506362
vt 0.630754 0.506464
vt 0.630211 0.506535
vt 0.625000 0.506566
vt 0.636495 0.505125
vt 0.637500 0.505153
vt 0.635498 0.505147
vt 0.634543 0.505216
vt 0.633654 0.505322
vt 0.632840 0.505457
vt 0.632113 0.505605
vt 0.631462 0.505754
vt 0.630888 0.505888
vt 0.630383 0.505986
vt 0.625000 0.506029
vt 0.636497 0.504380
vt 0.637500 0.504382
vt 0.635506 0.504432
vt 0.634560 0.504534
vt 0.633681 0.504674
vt 0.632879 0.504843
vt 0.632166 0.505025
vt 0.631534 0.505210
vt 0.630986 0.505383
vt 0.630521 0.505521
vt 0.625000 0.505590
vt 0.612500 0.512500
vt 0.612500 0.511519
vt 0.613487 0.511506
vt 0.613481 0.512500
vt 0.612500 0.510545
vt 0.613491 0.510508
vt 0.612500 0.509582
vt 0.613494 0.509526
vt 0.612500 0.508637
vt 0.613497 0.508570
vt 0.612500 0.507716
vt 0.613499 0.507647
vt 0.612500 0.506825
vt 0.613501 0.506764
vt 0.612500 0.505969
vt 0.613501 0.505924
vt 0.612500 0.505153
vt 0.613501 0.505131
vt 0.612500 0.504382
vt 0.613501 0.504387
vt 0.614480 0.511498
vt 0.614455 0.512500
vt 0.614496 0.510485
vt 0.614505 0.509489
vt 0.614508 0.508527
vt 0.614507 0.507609
vt 0.614504 0.506740
vt 0.614498 0.505922
vt 0.614493 0.505156
vt 0.614489 0.504443
vt 0.615463 0.511494
vt 0.615418 0.512500
vt 0.615491 0.510473
vt 0.615504 0.509471
vt 0.615505 0.508510
vt 0.615495 0.507602
vt 0.615480 0.506752
vt 0.615462 0.505959
vt 0.615446 0.505224
vt 0.615435 0.504544
vt 0.616422 0.511491
vt 0.616363 0.512500
vt 0.616458 0.510469
vt 0.616470 0.509469
vt 0.616461 0.508517
vt 0.616437 0.507623
vt 0.616404 0.506796
vt 0.616368 0.506031
vt 0.616336 0.505328
vt 0.616314 0.504682
vt 0.617349 0.511491
vt 0.617284 0.512500
vt 0.617384 0.510473
vt 0.617388 0.509481
vt 0.617364 0.508542
vt 0.617319 0.507667
vt 0.617264 0.506865
vt 0.617205 0.506130
vt 0.617153 0.505459
vt 0.617118 0.504847
vt 0.618237 0.511492
vt 0.618175 0.512500
vt 0.618261 0.510479
vt 0.618247 0.509500
vt 0.618200 0.508577
vt 0.618129 0.507724
vt 0.618045 0.506949
vt 0.617958 0.506244
vt 0.617883 0.505606
vt 0.617832 0.505027
vt 0.619080 0.511493
vt 0.619031 0.512500
vt 0.619085 0.510489
vt 0.619046 0.509522
vt 0.618971 0.508618
vt 0.618869 0.507785
vt 0.618754 0.507036
vt 0.618638 0.506360
vt 0.618536 0.505754
vt 0.618465 0.505211
vt 0.619875 0.511495
vt 0.619847 0.512500
vt 0.619853 0.510498
vt 0.619784 0.509543
vt 0.619677 0.508654
vt 0.619543 0.507840
vt 0.619395 0.507113
vt 0.619246 0.506462
vt 0.619112 0.505888
vt 0.619014 0.505383
vt 0.620620 0.511497
vt 0.620618 0.512500
vt 0.620568 0.510506
vt 0.620466 0.509560
vt 0.620326 0.508681
vt 0.620157 0.507879
vt 0.619974 0.507166
vt 0.619790 0.506534
vt 0.619617 0.505986
vt 0.619479 0.505521
vt 0.362500 0.512500
vt 0.362500 0.511519
vt 0.363487 0.511506
vt 0.363481 0.512500
vt 0.362500 0.510545
vt 0.363491 0.510508
vt 0.362500 0.509582
vt 0.363494 0.509526
vt 0.362500 0.508637
vt 0.363497 0.508570
vt 0.362500 0.507716
vt 0.363499 0.507647
vt 0.362500 0.506825
vt 0.363501 0.506764
vt 0.362500 0.505969
vt 0.363501 0.505924
vt 0.362500 0.505153
vt 0.363501 0.505131
vt 0.362500 0.504382
vt 0.363501 0.504387
vt 0.368750 0.493750
vt 0.369251 0.494251
vt 0.364480 0.511498
vt 0.364455 0.512500
vt 0.364496 0.510485
vt 0.364505 0.509489
vt 0.364508 0.508527
vt 0.364507 0.507609
vt 0.364504 0.506740
vt 0.364498 0.505922
vt 0.364493 0.505156
vt 0.364489 0.504443
vt 0.369744 0.494744
vt 0.365463 0.511494
vt 0.365418 0.512500
vt 0.365491 0.510473
vt 0.365504 0.509471
vt 0.365505 0.508510
vt 0.365495 0.507602
vt 0.365480 0.506752
vt 0.365462 0.505959
vt 0.365445 0.505224
vt 0.365435 0.504544
vt 0.370216 0.495216
vt 0.366422 0.511491
vt 0.366363 0.512500
vt 0.366458 0.510469
vt 0.366470 0.509469
vt 0.366461 0.508517
vt 0.366437 0.507623
vt 0.366404 0.506796
vt 0.366368 0.506031
vt 0.366336 0.505328
vt 0.366314 0.504682
vt 0.370653 0.495653
vt 0.367349 0.511491
vt 0.367284 0.512500
vt 0.367384 0.510473
vt 0.367388 0.509481
vt 0.367364 0.508542
vt 0.367319 0.507667
vt 0.367264 0.506865
vt 0.367205 0.506130
vt 0.367153 0.505459
vt 0.367118 0.504847
vt 0.371051 0.496051
vt 0.368237 0.511492
vt 0.368175 0.512500
vt 0.368261 0.510479
vt 0.368247 0.509500
vt 0.368200 0.508577
vt 0.368129 0.507724
vt 0.368045 0.506949
vt 0.367958 0.506244
vt 0.367883 0.505606
vt 0.367832 0.505027
vt 0.371405 0.496405
vt 0.369080 0.511493
vt 0.369031 0.512500
vt 0.369085 0.510489
vt 0.369046 0.509522
vt 0.368971 0.508618
vt 0.368869 0.507785
vt 0.368754 0.507036
vt 0.368638 0.506360
vt 0.368536 0.505754
vt 0.368465 0.505211
vt 0.371717 0.496717
vt 0.369875 0.511495
vt 0.369847 0.512500
vt 0.369853 0.510498
vt 0.369784 0.509543
vt 0.369677 0.508654
vt 0.369543 0.507840
vt 0.369395 0.507113
vt 0.369246 0.506462
vt 0.369112 0.505888
vt 0.369014 0.505383
vt 0.371985 0.496985
vt 0.370620 0.511497
vt 0.370618 0.512500
vt 0.370568 0.510506
vt 0.370466 0.509560
vt 0.370326 0.508681
vt 0.370157 0.507879
vt 0.369975 0.507166
vt 0.369790 0.506534
vt 0.369617 0.505986
vt 0.369479 0.505521
vt 0.372205 0.497205
vt 0.375000 0.511499
vt 0.375000 0.512500
vt 0.375000 0.510511
vt 0.375000 0.509569
vt 0.375000 0.508694
vt 0.375000 0.507897
vt 0.375000 0.507190
vt 0.375000 0.506566
vt 0.375000 0.506029
vt 0.375000 0.505590
vt 0.375000 0.501761
vt 0.387500 0.487500
vt 0.387500 0.488481
vt 0.386513 0.488494
vt 0.386519 0.487500
vt 0.387500 0.489455
vt 0.386509 0.489492
vt 0.387500 0.490418
vt 0.386506 0.490474
vt 0.387500 0.491363
vt 0.386503 0.491430
vt 0.387500 0.492284
vt 0.386500 0.492353
vt 0.387500 0.493175
vt 0.386499 0.493236
vt 0.387500 0.494031
vt 0.386499 0.494076
vt 0.387500 0.494847
vt 0.386499 0.494869
vt 0.387500 0.495618
vt 0.386499 0.495613
vt 0.387500 0.500000
vt 0.386499 0.500000
vt 0.385520 0.488502
vt 0.385545 0.487500
vt 0.385504 0.489515
vt 0.385495 0.490511
vt 0.385492 0.491473
vt 0.385493 0.492391
vt 0.385496 0.493260
vt 0.385502 0.494078
vt 0.385507 0.494844
vt 0.385511 0.495557
vt 0.385511 0.500000
vt 0.384537 0.488507
vt 0.384582 0.487500
vt 0.384509 0.489527
vt 0.384496 0.490529
vt 0.384495 0.491490
vt 0.384505 0.492398
vt 0.384520 0.493248
vt 0.384538 0.494041
vt 0.384555 0.494776
vt 0.384565 0.495456
vt 0.384569 0.500000
vt 0.383578 0.488509
vt 0.383637 0.487500
vt 0.383542 0.489531
vt 0.383530 0.490531
vt 0.383539 0.491483
vt 0.383563 0.492377
vt 0.383596 0.493204
vt 0.383632 0.493969
vt 0.383664 0.494672
vt 0.383686 0.495318
vt 0.383694 0.500000
vt 0.382651 0.488509
vt 0.382716 0.487500
vt 0.382616 0.489527
vt 0.382612 0.490519
vt 0.382636 0.491458
vt 0.382681 0.492333
vt 0.382736 0.493135
vt 0.382795 0.493870
vt 0.382847 0.494541
vt 0.382882 0.495153
vt 0.382897 0.500000
vt 0.381763 0.488508
vt 0.381825 0.487500
vt 0.381739 0.489521
vt 0.381753 0.490500
vt 0.381800 0.491423
vt 0.381871 0.492276
vt 0.381955 0.493051
vt 0.382042 0.493756
vt 0.382117 0.494394
vt 0.382168 0.494973
vt 0.382190 0.500000
vt 0.380920 0.488507
vt 0.380969 0.487500
vt 0.380915 0.489511
vt 0.380954 0.490478
vt 0.381029 0.491382
vt 0.381131 0.492215
vt 0.381246 0.492964
vt 0.381362 0.493640
vt 0.381464 0.494246
vt 0.381535 0.494789
vt 0.381566 0.500000
vt 0.380125 0.488505
vt 0.380153 0.487500
vt 0.380147 0.489502
vt 0.380215 0.490457
vt 0.380323 0.491346
vt 0.380457 0.492160
vt 0.380605 0.492887
vt 0.380754 0.493538
vt 0.380888 0.494112
vt 0.380986 0.494617
vt 0.381029 0.500000
vt 0.379380 0.488503
vt 0.379382 0.487500
vt 0.379432 0.489494
vt 0.379534 0.490440
vt 0.379674 0.491319
vt 0.379843 0.492121
vt 0.380025 0.492834
vt 0.380210 0.493466
vt 0.380383 0.494014
vt 0.380521 0.494479
vt 0.380590 0.500000
vt 0.387500 0.512500
vt 0.386519 0.512500
vt 0.386506 0.511513
vt 0.387500 0.511519
vt 0.385545 0.512500
vt 0.385508 0.511509
vt 0.384582 0.512500
vt 0.384526 0.511506
vt 0.383637 0.512500
vt 0.383570 0.511503
vt 0.382716 0.512500
vt 0.382647 0.511500
vt 0.381825 0.512500
vt 0.381764 0.511499
vt 0.380969 0.512500
vt 0.380924 0.511499
vt 0.380153 0.512500
vt 0.380131 0.511499
vt 0.379382 0.512500
vt 0.379387 0.511499
vt 0.386498 0.510520
vt 0.387500 0.510545
vt 0.385485 0.510504
vt 0.384489 0.510495
vt 0.383527 0.510492
vt 0.382609 0.510493
vt 0.381740 0.510496
vt 0.380922 0.510502
vt 0.380156 0.510507
vt 0.379443 0.510511
vt 0.386494 0.509537
vt 0.387500 0.509582
vt 0.385473 0.509509
vt 0.384471 0.509496
vt 0.383510 0.509495
vt 0.382602 0.509505
vt 0.381752 0.509520
vt 0.380959 0.509538
vt 0.380224 0.509555
vt 0.379544 0.509565
vt 0.386491 0.508578
vt 0.387500 0.508637
vt 0.385469 0.508542
vt 0.384469 0.508530
vt 0.383517 0.508539
vt 0.382623 0.508563
vt 0.381796 0.508596
vt 0.381031 0.508632
vt 0.380328 0.508664
vt 0.379682 0.508686
vt 0.386491 0.507651
vt 0.387500 0.507716
vt 0.385473 0.507616
vt 0.384481 0.507612
vt 0.383542 0.507636
vt 0.382667 0.507681
vt 0.381865 0.507736
vt 0.381130 0.507795
vt 0.380460 0.507847
vt 0.379847 0.507882
vt 0.386492 0.506763
vt 0.387500 0.506825
vt 0.385479 0.506739
vt 0.384500 0.506753
vt 0.383577 0.506800
vt 0.382724 0.506871
vt 0.381949 0.506955
vt 0.381244 0.507042
vt 0.380606 0.507117
vt 0.380027 0.507168
vt 0.386493 0.505920
vt 0.387500 0.505969
vt 0.385489 0.505916
vt 0.384522 0.505954
vt 0.383618 0.506029
vt 0.382785 0.506131
vt 0.382036 0.506246
vt 0.381360 0.506362
vt 0.380754 0.506464
vt 0.380211 0.506535
vt 0.386495 0.505125
vt 0.387500 0.505153
vt 0.385498 0.505147
vt 0.384543 0.505216
vt 0.383654 0.505322
vt 0.382840 0.505457
vt 0.382113 0.505605
vt 0.381462 0.505754
vt 0.380888 0.505888
vt 0.380383 0.505986
vt 0.386497 0.504380
vt 0.387500 0.504382
vt 0.385506 0.504432
vt 0.384560 0.504534
vt 0.383681 0.504674
vt 0.382879 0.504843
vt 0.382166 0.505025
vt 0.381534 0.505210
vt 0.380986 0.505383
vt 0.380521 0.505521
vt 0.612500 0.737500
vt 0.613481 0.737500
vt 0.613494 0.738487
vt 0.612500 0.738481
vt 0.614455 0.737500
vt 0.614492 0.738491
vt 0.615418 0.737500
vt 0.615474 0.738494
vt 0.616363 0.737500
vt 0.616430 0.738497
vt 0.617284 0.737500
vt 0.617353 0.738500
vt 0.618175 0.737500
vt 0.618236 0.738501
vt 0.619031 0.737500
vt 0.619076 0.738501
vt 0.619847 0.737500
vt 0.619869 0.738501
vt 0.620618 0.737500
vt 0.620613 0.738501
vt 0.625000 0.737500
vt 0.625000 0.738501
vt 0.613502 0.739480
vt 0.612500 0.739455
vt 0.614515 0.739496
vt 0.615511 0.739505
vt 0.616473 0.739508
vt 0.617391 0.739507
vt 0.618260 0.739504
vt 0.619078 0.739498
vt 0.619844 0.739493
vt 0.620557 0.739489
vt 0.625000 0.739489
vt 0.613507 0.740463
vt 0.612500 0.740418
vt 0.614527 0.740491
vt 0.615529 0.740504
vt 0.616490 0.740505
vt 0.617398 0.740494
vt 0.618248 0.740480
vt 0.619041 0.740462
vt 0.619776 0.740445
vt 0.620456 0.740435
vt 0.625000 0.740431
vt 0.613509 0.741422
vt 0.612500 0.741363
vt 0.614531 0.741458
vt 0.615531 0.741470
vt 0.616483 0.741461
vt 0.617377 0.741437
vt 0.618204 0.741404
vt 0.618969 0.741368
vt 0.619672 0.741336
vt 0.620318 0.741314
vt 0.625000 0.741306
vt 0.613509 0.742349
vt 0.612500 0.742284
vt 0.614527 0.742384
vt 0.615519 0.742388
vt 0.616458 0.742364
vt 0.617333 0.742319
vt 0.618135 0.742264
vt 0.618870 0.742205
vt 0.619541 0.742153
vt 0.620153 0.742118
vt 0.625000 0.742103
vt 0.613508 0.743237
vt 0.612500 0.743175
vt 0.614521 0.743261
vt 0.615500 0.743247
vt 0.616423 0.743200
vt 0.617276 0.743129
vt 0.618051 0.743045
vt 0.618756 0.742958
vt 0.619394 0.742883
vt 0.619973 0.742832
vt 0.625000 0.742810
vt 0.613507 0.744080
vt 0.612500 0.744031
vt 0.614511 0.744085
vt 0.615478 0.744046
vt 0.616383 0.743971
vt 0.617215 0.743869
vt 0.617964 0.743754
vt 0.618640 0.743638
vt 0.619246 0.743536
vt 0.619789 0.743465
vt 0.625000 0.743434
vt 0.613505 0.744875
vt 0.612500 0.744847
vt 0.614502 0.744853
vt 0.615457 0.744784
vt 0.616346 0.744677
vt 0.617160 0.744543
vt 0.617887 0.744395
vt 0.618538 0.744246
vt 0.619112 0.744112
vt 0.619617 0.744014
vt 0.625000 0.743971
vt 0.613503 0.745620
vt 0.612500 0.745618
vt 0.614494 0.745568
vt 0.615440 0.745466
vt 0.616319 0.745326
vt 0.617121 0.745157
vt 0.617834 0.744975
vt 0.618466 0.744790
vt 0.619014 0.744617
vt 0.619479 0.744479
vt 0.625000 0.744410
vt 0.613501 0.750000
vt 0.612500 0.750000
vt 0.614489 0.750000
vt 0.615431 0.750000
vt 0.616306 0.750000
vt 0.617103 0.750000
vt 0.617810 0.750000
vt 0.618434 0.750000
vt 0.618971 0.750000
vt 0.619410 0.750000
vt 0.625000 0.748239
vt 0.637500 0.737500
vt 0.637500 0.738481
vt 0.636513 0.738494
vt 0.636519 0.737500
vt 0.637500 0.739455
vt 0.636509 0.739492
vt 0.637500 0.740418
vt 0.636506 0.740474
vt 0.637500 0.741363
vt 0.636503 0.741430
vt 0.637500 0.742283
vt 0.636500 0.742353
vt 0.637500 0.743175
vt 0.636499 0.743236
vt 0.637500 0.744031
vt 0.636499 0.744076
vt 0.637500 0.744847
vt 0.636499 0.744869
vt 0.637500 0.745618
vt 0.636499 0.745613
vt 0.631250 0.756250
vt 0.630749 0.755749
vt 0.635520 0.738502
vt 0.635545 0.737500
vt 0.635504 0.739515
vt 0.635495 0.740511
vt 0.635492 0.741473
vt 0.635493 0.742391
vt 0.635496 0.743260
vt 0.635502 0.744078
vt 0.635507 0.744844
vt 0.635511 0.745557
vt 0.630256 0.755256
vt 0.634537 0.738507
vt 0.634582 0.737500
vt 0.634509 0.739527
vt 0.634496 0.740529
vt 0.634495 0.741490
vt 0.634505 0.742398
vt 0.634520 0.743248
vt 0.634538 0.744041
vt 0.634555 0.744776
vt 0.634565 0.745456
vt 0.629784 0.754784
vt 0.633578 0.738509
vt 0.633637 0.737500
vt 0.633542 0.739531
vt 0.633530 0.740531
vt 0.633539 0.741483
vt 0.633563 0.742377
vt 0.633596 0.743204
vt 0.633632 0.743969
vt 0.633664 0.744672
vt 0.633686 0.745318
vt 0.629347 0.754347
vt 0.632651 0.738509
vt 0.632716 0.737500
vt 0.632616 0.739527
vt 0.632612 0.740519
vt 0.632636 0.741458
vt 0.632681 0.742333
vt 0.632736 0.743135
vt 0.632795 0.743870
vt 0.632847 0.744541
vt 0.632882 0.745153
vt 0.628949 0.753949
vt 0.631763 0.738508
vt 0.631825 0.737500
vt 0.631739 0.739521
vt 0.631753 0.740500
vt 0.631800 0.741423
vt 0.631871 0.742276
vt 0.631955 0.743051
vt 0.632042 0.743756
vt 0.632117 0.744394
vt 0.632168 0.744973
vt 0.628595 0.753595
vt 0.630920 0.738507
vt 0.630969 0.737500
vt 0.630916 0.739511
vt 0.630954 0.740478
vt 0.631029 0.741382
vt 0.631131 0.742215
vt 0.631246 0.742964
vt 0.631362 0.743640
vt 0.631464 0.744246
vt 0.631535 0.744789
vt 0.628283 0.753283
vt 0.630125 0.738505
vt 0.630153 0.737500
vt 0.630147 0.739502
vt 0.630215 0.740457
vt 0.630323 0.741346
vt 0.630457 0.742160
vt 0.630605 0.742887
vt 0.630754 0.743538
vt 0.630888 0.744112
vt 0.630986 0.744617
vt 0.628015 0.753015
vt 0.629380 0.738503
vt 0.629382 0.737500
vt 0.629432 0.739494
vt 0.629534 0.740440
vt 0.629674 0.741319
vt 0.629843 0.742121
vt 0.630025 0.742834
vt 0.630210 0.743466
vt 0.630383 0.744014
vt 0.630521 0.744479
vt 0.627795 0.752795
vt 0.612500 0.762500
vt 0.612500 0.761519
vt 0.613487 0.761506
vt 0.613481 0.762500
vt 0.612500 0.760545
vt 0.613491 0.760508
vt 0.612500 0.759582
vt 0.613494 0.759526
vt 0.612500 0.758637
vt 0.613497 0.758570
vt 0.612500 0.757716
vt 0.613499 0.757647
vt 0.612500 0.756825
vt 0.613501 0.756764
vt 0.612500 0.755969
vt 0.613501 0.755924
vt 0.612500 0.755153
vt 0.613501 0.755131
vt 0.612500 0.754382
vt 0.613501 0.754387
vt 0.614480 0.761498
vt 0.614455 0.762500
vt 0.614496 0.760485
vt 0.614505 0.759489
vt 0.614508 0.758527
vt 0.614507 0.757609
vt 0.614504 0.756740
vt 0.614498 0.755922
vt 0.614493 0.755156
vt 0.614489 0.754443
vt 0.615463 0.761494
vt 0.615418 0.762500
vt 0.615491 0.760473
vt 0.615504 0.759471
vt 0.615505 0.758510
vt 0.615495 0.757602
vt 0.615480 0.756752
vt 0.615462 0.755959
vt 0.615446 0.755224
vt 0.615435 0.754544
vt 0.616422 0.761491
vt 0.616363 0.762500
vt 0.616458 0.760469
vt 0.616470 0.759469
vt 0.616461 0.758517
vt 0.616437 0.757623
vt 0.616404 0.756796
vt 0.616368 0.756031
vt 0.616336 0.755328
vt 0.616314 0.754682
vt 0.617349 0.761491
vt 0.617284 0.762500
vt 0.617384 0.760473
vt 0.617388 0.759481
vt 0.617364 0.758542
vt 0.617319 0.757667
vt 0.617264 0.756865
vt 0.617205 0.756130
vt 0.617153 0.755460
vt 0.617118 0.754847
vt 0.618237 0.761492
vt 0.618175 0.762500
vt 0.618261 0.760479
vt 0.618247 0.759500
vt 0.618200 0.758577
vt 0.618129 0.757724
vt 0.618045 0.756949
vt 0.617958 0.756244
vt 0.617883 0.755606
vt 0.617832 0.755027
vt 0.619080 0.761493
vt 0.619031 0.762500
vt 0.619085 0.760489
vt 0.619046 0.759522
vt 0.618971 0.758618
vt 0.618869 0.757785
vt 0.618754 0.757036
vt 0.618638 0.756360
vt 0.618536 0.755754
vt 0.618465 0.755211
vt 0.619875 0.761495
vt 0.619847 0.762500
vt 0.619853 0.760498
vt 0.619784 0.759543
vt 0.619677 0.758654
vt 0.619543 0.757840
vt 0.619395 0.757113
vt 0.619246 0.756462
vt 0.619112 0.755888
vt 0.619014 0.755383
vt 0.620620 0.761497
vt 0.620618 0.762500
vt 0.620568 0.760506
vt 0.620466 0.759560
vt 0.620326 0.758681
vt 0.620157 0.757879
vt 0.619974 0.757166
vt 0.619790 0.756534
vt 0.619617 0.755986
vt 0.619479 0.755521
vt 0.387500 0.737500
vt 0.387500 0.738481
vt 0.386513 0.738494
vt 0.386519 0.737500
vt 0.387500 0.739455
vt 0.386509 0.739492
vt 0.387500 0.740418
vt 0.386506 0.740474
vt 0.387500 0.741363
vt 0.386503 0.741430
vt 0.387500 0.742283
vt 0.386500 0.742353
vt 0.387500 0.743175
vt 0.386499 0.743236
vt 0.387500 0.744031
vt 0.386499 0.744076
vt 0.387500 0.744847
vt 0.386499 0.744869
vt 0.387500 0.745618
vt 0.386499 0.745613
vt 0.387500 0.750000
vt 0.386499 0.750000
vt 0.385520 0.738502
vt 0.385545 0.737500
vt 0.385504 0.739515
vt 0.385495 0.740511
vt 0.385492 0.741473
vt 0.385493 0.742391
vt 0.385496 0.743260
vt 0.385502 0.744078
vt 0.385507 0.744844
vt 0.385511 0.745557
vt 0.385511 0.750000
vt 0.384537 0.738507
vt 0.384582 0.737500
vt 0.384509 0.739527
vt 0.384496 0.740529
vt 0.384495 0.741490
vt 0.384505 0.742398
vt 0.384520 0.743248
vt 0.384538 0.744041
vt 0.384555 0.744776
vt 0.384565 0.745456
vt 0.384569 0.750000
vt 0.383578 0.738509
vt 0.383637 0.737500
vt 0.383542 0.739531
vt 0.383530 0.740531
vt 0.383539 0.741483
vt 0.383563 0.742377
vt 0.383596 0.743204
vt 0.383632 0.743969
vt 0.383664 0.744672
vt 0.383686 0.745318
vt 0.383694 0.750000
vt 0.382651 0.738509
vt 0.382716 0.737500
vt 0.382616 0.739527
vt 0.382612 0.740519
vt 0.382636 0.741458
vt 0.382681 0.742333
vt 0.382736 0.743135
vt 0.382795 0.743870
vt 0.382847 0.744541
vt 0.382882 0.745153
vt 0.382897 0.750000
vt 0.381763 0.738508
vt 0.381825 0.737500
vt 0.381739 0.739521
vt 0.381753 0.740500
vt 0.381800 0.741423
vt 0.381871 0.742276
vt 0.381955 0.743051
vt 0.382042 0.743756
vt 0.382117 0.744394
vt 0.382168 0.744973
vt 0.382190 0.750000
vt 0.380920 0.738507
vt 0.380969 0.737500
vt 0.380915 0.739511
vt 0.380954 0.740478
vt 0.381029 0.741382
vt 0.381131 0.742215
vt 0.381246 0.742964
vt 0.381362 0.743640
vt 0.381464 0.744246
vt 0.381535 0.744789
vt 0.381566 0.750000
vt 0.380125 0.738505
vt 0.380153 0.737500
vt 0.380147 0.739502
vt 0.380215 0.740457
vt 0.380323 0.741346
vt 0.380457 0.742160
vt 0.380605 0.742887
vt 0.380754 0.743538
vt 0.380888 0.744112
vt 0.380986 0.744617
vt 0.381029 0.750000
vt 0.379380 0.738503
vt 0.379382 0.737500
vt 0.379432 0.739494
vt 0.379534 0.740440
vt 0.379674 0.741319
vt 0.379843 0.742121
vt 0.380025 0.742834
vt 0.380210 0.743466
vt 0.380383 0.744014
vt 0.380521 0.744479
vt 0.380590 0.750000
vt 0.375000 0.738501
vt 0.375000 0.737500
vt 0.375000 0.739489
vt 0.375000 0.740431
vt 0.375000 0.741306
vt 0.375000 0.742103
vt 0.375000 0.742810
vt 0.375000 0.743434
vt 0.375000 0.743971
vt 0.375000 0.744410
vt 0.376761 0.750000
vt 0.387500 0.762500
vt 0.386519 0.762500
vt 0.386506 0.761513
vt 0.387500 0.761519
vt 0.385545 0.762500
vt 0.385508 0.761509
vt 0.384582 0.762500
vt 0.384526 0.761506
vt 0.383637 0.762500
vt 0.383570 0.761503
vt 0.382716 0.762500
vt 0.382647 0.761500
vt 0.381825 0.762500
vt 0.381764 0.761499
vt 0.380969 0.762500
vt 0.380924 0.761499
vt 0.380153 0.762500
vt 0.380131 0.761499
vt 0.379382 0.762500
vt 0.379387 0.761499
vt 0.368750 0.756250
vt 0.369251 0.755749
vt 0.386498 0.760520
vt 0.387500 0.760545
vt 0.385485 0.760504
vt 0.384489 0.760495
vt 0.383527 0.760492
vt 0.382609 0.760493
vt 0.381740 0.760496
vt 0.380922 0.760502
vt 0.380156 0.760507
vt 0.379443 0.760511
vt 0.369744 0.755256
vt 0.386494 0.759537
vt 0.387500 0.759582
vt 0.385473 0.759509
vt 0.384471 0.759496
vt 0.383510 0.759495
vt 0.382602 0.759505
vt 0.381752 0.759520
vt 0.380959 0.759538
vt 0.380224 0.759555
vt 0.379544 0.759565
vt 0.370216 0.754784
vt 0.386491 0.758578
vt 0.387500 0.758637
vt 0.385469 0.758542
vt 0.384469 0.758530
vt 0.383517 0.758539
vt 0.382623 0.758563
vt 0.381796 0.758596
vt 0.381031 0.758632
vt 0.380328 0.758664
vt 0.379682 0.758686
vt 0.370653 0.754347
vt 0.386491 0.757651
vt 0.387500 0.757716
vt 0.385473 0.757616
vt 0.384481 0.757612
vt 0.383542 0.757636
vt 0.382667 0.757680
vt 0.381865 0.757736
vt 0.381130 0.757795
vt 0.380460 0.757847
vt 0.379847 0.757882
vt 0.371051 0.753948
vt 0.386492 0.756763
vt 0.387500 0.756825
vt 0.385479 0.756739
vt 0.384500 0.756753
vt 0.383577 0.756800
vt 0.382724 0.756871
vt 0.381949 0.756955
vt 0.381244 0.757042
vt 0.380606 0.757117
vt 0.380027 0.757168
vt 0.371405 0.753595
vt 0.386493 0.755920
vt 0.387500 0.755969
vt 0.385489 0.755916
vt 0.384522 0.755954
vt 0.383618 0.756029
vt 0.382785 0.756131
vt 0.382036 0.756246
vt 0.381360 0.756362
vt 0.380754 0.756464
vt 0.380211 0.756535
vt 0.371717 0.753283
vt 0.386495 0.755125
vt 0.387500 0.755153
vt 0.385498 0.755147
vt 0.384543 0.755216
vt 0.383654 0.755322
vt 0.382840 0.755457
vt 0.382113 0.755605
vt 0.381462 0.755754
vt 0.380888 0.755888
vt 0.380383 0.755986
vt 0.371985 0.753015
vt 0.386497 0.754380
vt 0.387500 0.754382
vt 0.385506 0.754432
vt 0.384560 0.754534
vt 0.383681 0.754674
vt 0.382879 0.754843
vt 0.382166 0.755025
vt 0.381534 0.755210
vt 0.380986 0.755383
vt 0.380521 0.755521
vt 0.372205 0.752795
vt 0.362500 0.737500
vt 0.363481 0.737500
vt 0.363494 0.738487
vt 0.362500 0.738481
vt 0.364455 0.737500
vt 0.364492 0.738491
vt 0.365418 0.737500
vt 0.365474 0.738494
vt 0.366363 0.737500
vt 0.366430 0.738497
vt 0.367284 0.737500
vt 0.367353 0.738500
vt 0.368175 0.737500
vt 0.368236 0.738501
vt 0.369031 0.737500
vt 0.369076 0.738501
vt 0.369847 0.737500
vt 0.369869 0.738501
vt 0.370618 0.737500
vt 0.370613 0.738501
vt 0.363502 0.739480
vt 0.362500 0.739455
vt 0.364515 0.739496
vt 0.365511 0.739505
vt 0.366473 0.739508
vt 0.367391 0.739507
vt 0.368260 0.739504
vt 0.369078 0.739498
vt 0.369844 0.739493
vt 0.370557 0.739489
vt 0.363506 0.740463
vt 0.362500 0.740418
vt 0.364527 0.740491
vt 0.365529 0.740504
vt 0.366490 0.740505
vt 0.367398 0.740494
vt 0.368248 0.740480
vt 0.369041 0.740462
vt 0.369776 0.740445
vt 0.370456 0.740435
vt 0.363509 0.741422
vt 0.362500 0.741363
vt 0.364531 0.741458
vt 0.365531 0.741470
vt 0.366483 0.741461
vt 0.367377 0.741437
vt 0.368204 0.741404
vt 0.368969 0.741368
vt 0.369672 0.741336
vt 0.370318 0.741314
vt 0.363509 0.742349
vt 0.362500 0.742284
vt 0.364527 0.742384
vt 0.365519 0.742388
vt 0.366458 0.742364
vt 0.367333 0.742319
vt 0.368135 0.742264
vt 0.368870 0.742205
vt 0.369541 0.742153
vt 0.370153 0.742118
vt 0.363508 0.743237
vt 0.362500 0.743175
vt 0.364521 0.743261
vt 0.365500 0.743247
vt 0.366423 0.743200
vt 0.367276 0.743129
vt 0.368051 0.743045
vt 0.368756 0.742958
vt 0.369394 0.742883
vt 0.369973 0.742832
vt 0.363507 0.744080
vt 0.362500 0.744031
vt 0.364511 0.744085
vt 0.365478 0.744046
vt 0.366382 0.743971
vt 0.367215 0.743869
vt 0.367964 0.743754
vt 0.368640 0.743638
vt 0.369246 0.743536
vt 0.369789 0.743465
vt 0.363505 0.744875
vt 0.362500 0.744847
vt 0.364502 0.744853
vt 0.365457 0.744784
vt 0.366346 0.744677
vt 0.367160 0.744543
vt 0.367887 0.744395
vt 0.368538 0.744246
vt 0.369112 0.744112
vt 0.369617 0.744014
vt 0.363503 0.745620
vt 0.362500 0.745618
vt 0.364494 0.745568
vt 0.365440 0.745466
vt 0.366319 0.745326
vt 0.367121 0.745157
vt 0.367834 0.744975
vt 0.368466 0.744790
vt 0.369014 0.744617
vt 0.369479 0.744479
vt 0.612500 0.262500
vt 0.612500 0.261519
vt 0.613487 0.261506
vt 0.613481 0.262500
vt 0.612500 0.260545
vt 0.613491 0.260508
vt 0.612500 0.259582
vt 0.613494 0.259526
vt 0.612500 0.258637
vt 0.613497 0.258570
vt 0.612500 0.257716
vt 0.613499 0.257647
vt 0.612500 0.256825
vt 0.613501 0.256764
vt 0.612500 0.255969
vt 0.613501 0.255924
vt 0.612500 0.255153
vt 0.613501 0.255131
vt 0.612500 0.254382
vt 0.613501 0.254387
vt 0.612500 0.250000
vt 0.613501 0.250000
vt 0.614480 0.261498
vt 0.614455 0.262500
vt 0.614496 0.260485
vt 0.614505 0.259489
vt 0.614508 0.258527
vt 0.614507 0.257609
vt 0.614504 0.256740
vt 0.614498 0.255922
vt 0.614493 0.255156
vt 0.614489 0.254443
vt 0.614489 0.250000
vt 0.615463 0.261494
vt 0.615418 0.262500
vt 0.615491 0.260473
vt 0.615504 0.259471
vt 0.615505 0.258510
vt 0.615495 0.257602
vt 0.615480 0.256752
vt 0.615462 0.255959
vt 0.615446 0.255224
vt 0.615435 0.254544
vt 0.615431 0.250000
vt 0.616422 0.261491
vt 0.616363 0.262500
vt 0.616458 0.260469
vt 0.616470 0.259469
vt 0.616461 0.258517
vt 0.616437 0.257623
vt 0.616404 0.256796
vt 0.616368 0.256031
vt 0.616336 0.255328
vt 0.616314 0.254682
vt 0.616306 0.250000
vt 0.617349 0.261491
vt 0.617284 0.262500
vt 0.617384 0.260473
vt 0.617388 0.259481
vt 0.617364 0.258542
vt 0.617319 0.257667
vt 0.617264 0.256865
vt 0.617205 0.256130
vt 0.617153 0.255460
vt 0.617118 0.254847
vt 0.617103 0.250000
vt 0.618237 0.261492
vt 0.618175 0.262500
vt 0.618261 0.260479
vt 0.618247 0.259500
vt 0.618200 0.258577
vt 0.618129 0.257724
vt 0.618045 0.256949
vt 0.617958 0.256244
vt 0.617883 0.255606
vt 0.617832 0.255027
vt 0.617810 0.250000
vt 0.619080 0.261493
vt 0.619031 0.262500
vt 0.619085 0.260489
vt 0.619046 0.259522
vt 0.618971 0.258618
vt 0.618869 0.257785
vt 0.618754 0.257036
vt 0.618638 0.256360
vt 0.618536 0.255754
vt 0.618465 0.255211
vt 0.618434 0.250000
vt 0.619875 0.261495
vt 0.619847 0.262500
vt 0.619853 0.260498
vt 0.619784 0.259543
vt 0.619677 0.258654
vt 0.619543 0.257840
vt 0.619395 0.257113
vt 0.619246 0.256462
vt 0.619112 0.255888
vt 0.619014 0.255383
vt 0.618971 0.250000
vt 0.620620 0.261497
vt 0.620618 0.262500
vt 0.620568 0.260506
vt 0.620466 0.259560
vt 0.620326 0.258681
vt 0.620157 0.257879
vt 0.619974 0.257166
vt 0.619790 0.256534
vt 0.619617 0.255986
vt 0.619479 0.255521
vt 0.619410 0.250000
vt 0.625000 0.261499
vt 0.625000 0.262500
vt 0.625000 0.260511
vt 0.625000 0.259569
vt 0.625000 0.258694
vt 0.625000 0.257897
vt 0.625000 0.257190
vt 0.625000 0.256566
vt 0.625000 0.256029
vt 0.625000 0.255590
vt 0.622358 0.247358
vt 0.612500 0.237500
vt 0.613481 0.237500
vt 0.613494 0.238487
vt 0.612500 0.238481
vt 0.614455 0.237500
vt 0.614492 0.238491
vt 0.615418 0.237500
vt 0.615474 0.238494
vt 0.616363 0.237500
vt 0.616430 0.238497
vt 0.617284 0.237500
vt 0.617353 0.238500
vt 0.618175 0.237500
vt 0.618236 0.238501
vt 0.619031 0.237500
vt 0.619076 0.238501
vt 0.619847 0.237500
vt 0.619869 0.238501
vt 0.620618 0.237500
vt 0.620613 0.238501
vt 0.625000 0.237500
vt 0.625000 0.238501
vt 0.613502 0.239480
vt 0.612500 0.239455
vt 0.614515 0.239496
vt 0.615511 0.239505
vt 0.616473 0.239508
vt 0.617391 0.239507
vt 0.618260 0.239504
vt 0.619078 0.239498
vt 0.619844 0.239493
vt 0.620557 0.239489
vt 0.625000 0.239489
vt 0.613507 0.240463
vt 0.612500 0.240418
vt 0.614527 0.240491
vt 0.615529 0.240504
vt 0.616490 0.240505
vt 0.617398 0.240495
vt 0.618248 0.240480
vt 0.619041 0.240462
vt 0.619776 0.240446
vt 0.620456 0.240435
vt 0.625000 0.240431
vt 0.613509 0.241422
vt 0.612500 0.241363
vt 0.614531 0.241458
vt 0.615531 0.241470
vt 0.616483 0.241461
vt 0.617377 0.241437
vt 0.618204 0.241404
vt 0.618969 0.241368
vt 0.619672 0.241336
vt 0.620318 0.241314
vt 0.625000 0.241306
vt 0.613509 0.242349
vt 0.612500 0.242284
vt 0.614527 0.242384
vt 0.615519 0.242388
vt 0.616458 0.242364
vt 0.617333 0.242319
vt 0.618135 0.242264
vt 0.618870 0.242205
vt 0.619541 0.242153
vt 0.620153 0.242118
vt 0.625000 0.242103
vt 0.613508 0.243237
vt 0.612500 0.243175
vt 0.614521 0.243261
vt 0.615500 0.243247
vt 0.616423 0.243200
vt 0.617276 0.243129
vt 0.618051 0.243045
vt 0.618756 0.242958
vt 0.619394 0.242883
vt 0.619973 0.242832
vt 0.625000 0.242810
vt 0.613507 0.244080
vt 0.612500 0.244031
vt 0.614511 0.244085
vt 0.615478 0.244046
vt 0.616383 0.243971
vt 0.617215 0.243869
vt 0.617964 0.243754
vt 0.618640 0.243638
vt 0.619246 0.243536
vt 0.619789 0.243465
vt 0.625000 0.243434
vt 0.613505 0.244875
vt 0.612500 0.244847
vt 0.614502 0.244853
vt 0.615457 0.244784
vt 0.616346 0.244677
vt 0.617160 0.244543
vt 0.617887 0.244395
vt 0.618538 0.244246
vt 0.619112 0.244112
vt 0.619617 0.244014
vt 0.625000 0.243971
vt 0.613503 0.245620
vt 0.612500 0.245618
vt 0.614494 0.245568
vt 0.615440 0.245466
vt 0.616319 0.245326
vt 0.617121 0.245157
vt 0.617834 0.244975
vt 0.618466 0.244790
vt 0.619014 0.244617
vt 0.619479 0.244479
vt 0.625000 0.244410
vt 0.862500 0.512500
vt 0.862500 0.511519
vt 0.863487 0.511506
vt 0.863481 0.512500
vt 0.862500 0.510545
vt 0.863491 0.510508
vt 0.862500 0.509582
vt 0.863494 0.509526
vt 0.862500 0.508637
vt 0.863497 0.508570
vt 0.862500 0.507716
vt 0.863499 0.507647
vt 0.862500 0.506825
vt 0.863501 0.506764
vt 0.862500 0.505969
vt 0.863501 0.505924
vt 0.862500 0.505153
vt 0.863501 0.505131
vt 0.862500 0.504382
vt 0.863501 0.504387
vt 0.862500 0.500000
vt 0.863501 0.500000
vt 0.864480 0.511498
vt 0.864455 0.512500
vt 0.864496 0.510485
vt 0.864505 0.509489
vt 0.864508 0.508527
vt 0.864507 0.507609
vt 0.864504 0.506740
vt 0.864498 0.505922
vt 0.864493 0.505156
vt 0.864489 0.504443
vt 0.864489 0.500000
vt 0.865463 0.511494
vt 0.865418 0.512500
vt 0.865491 0.510473
vt 0.865504 0.509471
vt 0.865504 0.508510
vt 0.865495 0.507602
vt 0.865480 0.506752
vt 0.865462 0.505959
vt 0.865445 0.505224
vt 0.865435 0.504544
vt 0.865431 0.500000
vt 0.866422 0.511491
vt 0.866363 0.512500
vt 0.866458 0.510469
vt 0.866470 0.509469
vt 0.866461 0.508517
vt 0.866437 0.507623
vt 0.866404 0.506796
vt 0.866368 0.506031
vt 0.866336 0.505328
vt 0.866314 0.504682
vt 0.866306 0.500000
vt 0.867349 0.511491
vt 0.867284 0.512500
vt 0.867384 0.510473
vt 0.867388 0.509481
vt 0.867364 0.508542
vt 0.867319 0.507667
vt 0.867264 0.506865
vt 0.867205 0.506130
vt 0.867153 0.505459
vt 0.867118 0.504847
vt 0.867103 0.500000
vt 0.868237 0.511492
vt 0.868175 0.512500
vt 0.868261 0.510479
vt 0.868247 0.509500
vt 0.868200 0.508577
vt 0.868129 0.507724
vt 0.868045 0.506949
vt 0.867958 0.506244
vt 0.867883 0.505606
vt 0.867832 0.505027
vt 0.867810 0.500000
vt 0.869080 0.511493
vt 0.869031 0.512500
vt 0.869085 0.510489
vt 0.869046 0.509522
vt 0.868971 0.508618
vt 0.868869 0.507785
vt 0.868754 0.507036
vt 0.868638 0.506360
vt 0.868536 0.505754
vt 0.868465 0.505211
vt 0.868434 0.500000
vt 0.869875 0.511495
vt 0.869847 0.512500
vt 0.869853 0.510498
vt 0.869784 0.509543
vt 0.869677 0.508654
vt 0.869543 0.507840
vt 0.869395 0.507113
vt 0.869246 0.506462
vt 0.869112 0.505888
vt 0.869014 0.505383
vt 0.868971 0.500000
vt 0.870620 0.511497
vt 0.870618 0.512500
vt 0.870568 0.510506
vt 0.870466 0.509560
vt 0.870326 0.508681
vt 0.870157 0.507879
vt 0.869975 0.507166
vt 0.869790 0.506534
vt 0.869617 0.505986
vt 0.869479 0.505521
vt 0.869410 0.500000
vt 0.875000 0.511499
vt 0.875000 0.512500
vt 0.875000 0.510511
vt 0.875000 0.509569
vt 0.875000 0.508694
vt 0.875000 0.507897
vt 0.875000 0.507190
vt 0.875000 0.506566
vt 0.875000 0.506029
vt 0.875000 0.505590
vt 0.869717 0.500000
vt 0.387500 0.237500
vt 0.387500 0.238481
vt 0.386513 0.238494
vt 0.386519 0.237500
vt 0.387500 0.239455
vt 0.386509 0.239492
vt 0.387500 0.240418
vt 0.386506 0.240474
vt 0.387500 0.241363
vt 0.386503 0.241430
vt 0.387500 0.242284
vt 0.386500 0.242353
vt 0.387500 0.243175
vt 0.386499 0.243236
vt 0.387500 0.244031
vt 0.386499 0.244076
vt 0.387500 0.244847
vt 0.386499 0.244869
vt 0.387500 0.245618
vt 0.386499 0.245613
vt 0.387500 0.250000
vt 0.386499 0.250000
vt 0.385520 0.238502
vt 0.385545 0.237500
vt 0.385504 0.239515
vt 0.385495 0.240511
vt 0.385492 0.241473
vt 0.385493 0.242391
vt 0.385496 0.243260
vt 0.385502 0.244078
vt 0.385507 0.244844
vt 0.385511 0.245557
vt 0.385511 0.250000
vt 0.384537 0.238507
vt 0.384582 0.237500
vt 0.384509 0.239527
vt 0.384496 0.240529
vt 0.384495 0.241490
vt 0.384505 0.242398
vt 0.384520 0.243248
vt 0.384538 0.244041
vt 0.384555 0.244776
vt 0.384565 0.245456
vt 0.384569 0.250000
vt 0.383578 0.238509
vt 0.383637 0.237500
vt 0.383542 0.239531
vt 0.383530 0.240531
vt 0.383539 0.241483
vt 0.383563 0.242377
vt 0.383596 0.243204
vt 0.383632 0.243969
vt 0.383664 0.244672
vt 0.383686 0.245318
vt 0.383694 0.250000
vt 0.382651 0.238509
vt 0.382716 0.237500
vt 0.382616 0.239527
vt 0.382612 0.240519
vt 0.382636 0.241458
vt 0.382681 0.242333
vt 0.382736 0.243135
vt 0.382795 0.243870
vt 0.382847 0.244540
vt 0.382882 0.245153
vt 0.382897 0.250000
vt 0.381763 0.238508
vt 0.381825 0.237500
vt 0.381739 0.239521
vt 0.381753 0.240500
vt 0.381800 0.241423
vt 0.381871 0.242276
vt 0.381955 0.243051
vt 0.382042 0.243756
vt 0.382117 0.244394
vt 0.382168 0.244973
vt 0.382190 0.250000
vt 0.380920 0.238507
vt 0.380969 0.237500
vt 0.380915 0.239511
vt 0.380954 0.240478
vt 0.381029 0.241382
vt 0.381131 0.242215
vt 0.381246 0.242964
vt 0.381362 0.243640
vt 0.381464 0.244246
vt 0.381535 0.244789
vt 0.381566 0.250000
vt 0.380125 0.238505
vt 0.380153 0.237500
vt 0.380147 0.239502
vt 0.380215 0.240457
vt 0.380323 0.241346
vt 0.380457 0.242160
vt 0.380605 0.242887
vt 0.380754 0.243538
vt 0.380888 0.244112
vt 0.380986 0.244617
vt 0.381029 0.250000
vt 0.379380 0.238503
vt 0.379382 0.237500
vt 0.379432 0.239494
vt 0.379534 0.240440
vt 0.379674 0.241319
vt 0.379843 0.242121
vt 0.380025 0.242834
vt 0.380210 0.243466
vt 0.380383 0.244014
vt 0.380521 0.244479
vt 0.380590 0.250000
vt 0.375000 0.238501
vt 0.375000 0.237500
vt 0.375000 0.239489
vt 0.375000 0.240431
vt 0.375000 0.241306
vt 0.375000 0.242103
vt 0.375000 0.242810
vt 0.375000 0.243434
vt 0.375000 0.243971
vt 0.375000 0.244410
vt 0.377642 0.252642
vt 0.387500 0.262500
vt 0.386519 0.262500
vt 0.386506 0.261513
vt 0.387500 0.261519
vt 0.385545 0.262500
vt 0.385508 0.261509
vt 0.384582 0.262500
vt 0.384526 0.261506
vt 0.383637 0.262500
vt 0.383570 0.261503
vt 0.382716 0.262500
vt 0.382647 0.261500
vt 0.381825 0.262500
vt 0.381764 0.261499
vt 0.380969 0.262500
vt 0.380924 0.261499
vt 0.380153 0.262500
vt 0.380131 0.261499
vt 0.379382 0.262500
vt 0.379387 0.261499
vt 0.375000 0.262500
vt 0.375000 0.261499
vt 0.386498 0.260520
vt 0.387500 0.260545
vt 0.385485 0.260504
vt 0.384489 0.260495
vt 0.383527 0.260492
vt 0.382609 0.260493
vt 0.381740 0.260496
vt 0.380922 0.260502
vt 0.380156 0.260507
vt 0.379443 0.260511
vt 0.375000 0.260511
vt 0.386494 0.259537
vt 0.387500 0.259582
vt 0.385473 0.259509
vt 0.384471 0.259496
vt 0.383510 0.259495
vt 0.382602 0.259505
vt 0.381752 0.259520
vt 0.380959 0.259538
vt 0.380224 0.259554
vt 0.379544 0.259565
vt 0.375000 0.259569
vt 0.386491 0.258578
vt 0.387500 0.258637
vt 0.385469 0.258542
vt 0.384469 0.258530
vt 0.383517 0.258539
vt 0.382623 0.258563
vt 0.381796 0.258596
vt 0.381031 0.258632
vt 0.380328 0.258664
vt 0.379682 0.258686
vt 0.375000 0.258694
vt 0.386491 0.257651
vt 0.387500 0.257716
vt 0.385473 0.257616
vt 0.384481 0.257612
vt 0.383542 0.257636
vt 0.382667 0.257681
vt 0.381865 0.257736
vt 0.381130 0.257795
vt 0.380460 0.257847
vt 0.379847 0.257882
vt 0.375000 0.257897
vt 0.386492 0.256763
vt 0.387500 0.256825
vt 0.385479 0.256739
vt 0.384500 0.256753
vt 0.383577 0.256800
vt 0.382724 0.256871
vt 0.381949 0.256955
vt 0.381244 0.257042
vt 0.380606 0.257117
vt 0.380027 0.257168
vt 0.375000 0.257190
vt 0.386493 0.255920
vt 0.387500 0.255969
vt 0.385489 0.255915
vt 0.384522 0.255954
vt 0.383618 0.256029
vt 0.382785 0.256131
vt 0.382036 0.256246
vt 0.381360 0.256362
vt 0.380754 0.256464
vt 0.380211 0.256535
vt 0.375000 0.256566
vt 0.386495 0.255125
vt 0.387500 0.255153
vt 0.385498 0.255147
vt 0.384543 0.255216
vt 0.383654 0.255322
vt 0.382840 0.255457
vt 0.382113 0.255605
vt 0.381462 0.255754
vt 0.380888 0.255888
vt 0.380383 0.255986
vt 0.375000 0.256029
vt 0.386497 0.254380
vt 0.387500 0.254382
vt 0.385506 0.254432
vt 0.384560 0.254534
vt 0.383681 0.254674
vt 0.382879 0.254843
vt 0.382166 0.255025
vt 0.381534 0.255210
vt 0.380986 0.255383
vt 0.380521 0.255521
vt 0.375000 0.255590
vt 0.137500 0.512500
vt 0.136519 0.512500
vt 0.136506 0.511513
vt 0.137500 0.511519
vt 0.135545 0.512500
vt 0.135508 0.511509
vt 0.134582 0.512500
vt 0.134526 0.511506
vt 0.133637 0.512500
vt 0.133570 0.511503
vt 0.132716 0.512500
vt 0.132647 0.511500
vt 0.131825 0.512500
vt 0.131764 0.511499
vt 0.130969 0.512500
vt 0.130924 0.511499
vt 0.130153 0.512500
vt 0.130131 0.511499
vt 0.129382 0.512500
vt 0.129387 0.511499
vt 0.125000 0.512500
vt 0.125000 0.511499
vt 0.136498 0.510520
vt 0.137500 0.510545
vt 0.135485 0.510504
vt 0.134489 0.510495
vt 0.133527 0.510492
vt 0.132609 0.510493
vt 0.131740 0.510496
vt 0.130922 0.510502
vt 0.130156 0.510507
vt 0.129443 0.510511
vt 0.125000 0.510511
vt 0.136494 0.509537
vt 0.137500 0.509582
vt 0.135473 0.509509
vt 0.134471 0.509496
vt 0.133510 0.509495
vt 0.132602 0.509505
vt 0.131752 0.509520
vt 0.130959 0.509538
vt 0.130224 0.509555
vt 0.129544 0.509565
vt 0.125000 0.509569
vt 0.136491 0.508578
vt 0.137500 0.508637
vt 0.135469 0.508542
vt 0.134469 0.508530
vt 0.133517 0.508539
vt 0.132623 0.508563
vt 0.131796 0.508596
vt 0.131031 0.508632
vt 0.130328 0.508664
vt 0.129682 0.508686
vt 0.125000 0.508694
vt 0.136491 0.507651
vt 0.137500 0.507716
vt 0.135473 0.507616
vt 0.134481 0.507612
vt 0.133542 0.507636
vt 0.132667 0.507681
vt 0.131865 0.507736
vt 0.131130 0.507795
vt 0.130460 0.507847
vt 0.129847 0.507882
vt 0.125000 0.507897
vt 0.136492 0.506763
vt 0.137500 0.506825
vt 0.135479 0.506739
vt 0.134500 0.506753
vt 0.133577 0.506800
vt 0.132724 0.506871
vt 0.131949 0.506955
vt 0.131244 0.507042
vt 0.130606 0.507117
vt 0.130027 0.507168
vt 0.125000 0.507190
vt 0.136493 0.505920
vt 0.137500 0.505969
vt 0.135489 0.505916
vt 0.134522 0.505954
vt 0.133618 0.506029
vt 0.132785 0.506131
vt 0.132036 0.506246
vt 0.131360 0.506362
vt 0.130754 0.506464
vt 0.130211 0.506535
vt 0.125000 0.506566
vt 0.136495 0.505125
vt 0.137500 0.505153
vt 0.135498 0.505147
vt 0.134543 0.505216
vt 0.133654 0.505322
vt 0.132840 0.505457
vt 0.132113 0.505605
vt 0.131462 0.505754
vt 0.130888 0.505888
vt 0.130383 0.505986
vt 0.125000 0.506029
vt 0.136497 0.504380
vt 0.137500 0.504382
vt 0.135506 0.504432
vt 0.134560 0.504534
vt 0.133681 0.504674
vt 0.132879 0.504843
vt 0.132166 0.505025
vt 0.131534 0.505210
vt 0.130986 0.505383
vt 0.130521 0.505521
vt 0.125000 0.505590
vt 0.136499 0.500000
vt 0.137500 0.500000
vt 0.135511 0.500000
vt 0.134569 0.500000
vt 0.133694 0.500000
vt 0.132897 0.500000
vt 0.132190 0.500000
vt 0.131566 0.500000
vt 0.131029 0.500000
vt 0.130590 0.500000
vt 0.125000 0.505283
vt 0.612500 0.012500
vt 0.612500 0.011519
vt 0.613487 0.011506
vt 0.613481 0.012500
vt 0.612500 0.010545
vt 0.613491 0.010508
vt 0.612500 0.009582
vt 0.613494 0.009526
vt 0.612500 0.008637
vt 0.613497 0.008570
vt 0.612500 0.007716
vt 0.613499 0.007647
vt 0.612500 0.006825
vt 0.613501 0.006764
vt 0.612500 0.005969
vt 0.613501 0.005924
vt 0.612500 0.005153
vt 0.613501 0.005131
vt 0.612500 0.004382
vt 0.613501 0.004387
vt 0.612500 0.000000
vt 0.613501 0.000000
vt 0.614480 0.011498
vt 0.614455 0.012500
vt 0.614496 0.010485
vt 0.614505 0.009489
vt 0.614508 0.008527
vt 0.614507 0.007609
vt 0.614504 0.006740
vt 0.614498 0.005922
vt 0.614493 0.005156
vt 0.614489 0.004443
vt 0.614489 0.000000
vt 0.615463 0.011494
vt 0.615418 0.012500
vt 0.615491 0.010473
vt 0.615504 0.009471
vt 0.615505 0.008510
vt 0.615495 0.007602
vt 0.615480 0.006752
vt 0.615462 0.005959
vt 0.615446 0.005224
vt 0.615435 0.004544
vt 0.615431 0.000000
vt 0.616422 0.011491
vt 0.616363 0.012500
vt 0.616458 0.010469
vt 0.616470 0.009469
vt 0.616461 0.008517
vt 0.616437 0.007623
vt 0.616404 0.006796
vt 0.616368 0.006031
vt 0.616336 0.005328
vt 0.616314 0.004682
vt 0.616306 0.000000
vt 0.617349 0.011491
vt 0.617284 0.012500
vt 0.617384 0.010473
vt 0.617388 0.009481
vt 0.617364 0.008542
vt 0.617319 0.007667
vt 0.617264 0.006865
vt 0.617205 0.006130
vt 0.617153 0.005460
vt 0.617118 0.004847
vt 0.617103 0.000000
vt 0.618237 0.011492
vt 0.618175 0.012500
vt 0.618261 0.010479
vt 0.618247 0.009500
vt 0.618200 0.008577
vt 0.618129 0.007724
vt 0.618045 0.006949
vt 0.617958 0.006244
vt 0.617883 0.005606
vt 0.617832 0.005027
vt 0.617810 0.000000
vt 0.619080 0.011493
vt 0.619031 0.012500
vt 0.619085 0.010489
vt 0.619046 0.009522
vt 0.618971 0.008618
vt 0.618869 0.007785
vt 0.618754 0.007036
vt 0.618638 0.006360
vt 0.618536 0.005754
vt 0.618465 0.005211
vt 0.618434 0.000000
vt 0.619875 0.011495
vt 0.619847 0.012500
vt 0.619853 0.010498
vt 0.619784 0.009543
vt 0.619677 0.008654
vt 0.619543 0.007840
vt 0.619395 0.007113
vt 0.619246 0.006462
vt 0.619112 0.005888
vt 0.619014 0.005383
vt 0.618971 0.000000
vt 0.620620 0.011497
vt 0.620618 0.012500
vt 0.620568 0.010506
vt 0.620466 0.009560
vt 0.620326 0.008681
vt 0.620157 0.007879
vt 0.619974 0.007166
vt 0.619790 0.006534
vt 0.619617 0.005986
vt 0.619479 0.005521
vt 0.619410 0.000000
vt 0.625000 0.011499
vt 0.625000 0.012500
vt 0.625000 0.010511
vt 0.625000 0.009569
vt 0.625000 0.008694
vt 0.625000 0.007897
vt 0.625000 0.007190
vt 0.625000 0.006566
vt 0.625000 0.006029
vt 0.625000 0.005590
vt 0.619717 0.000000
vt 0.612500 0.987500
vt 0.613481 0.987500
vt 0.613494 0.988487
vt 0.612500 0.988481
vt 0.614455 0.987500
vt 0.614492 0.988491
vt 0.615418 0.987500
vt 0.615474 0.988494
vt 0.616363 0.987500
vt 0.616430 0.988497
vt 0.617284 0.987500
vt 0.617353 0.988500
vt 0.618175 0.987500
vt 0.618236 0.988501
vt 0.619031 0.987500
vt 0.619076 0.988501
vt 0.619847 0.987500
vt 0.619869 0.988501
vt 0.620618 0.987500
vt 0.620613 0.988501
vt 0.625000 0.987500
vt 0.625000 0.988501
vt 0.613502 0.989480
vt 0.612500 0.989455
vt 0.614515 0.989496
vt 0.615511 0.989505
vt 0.616473 0.989508
vt 0.617391 0.989507
vt 0.618260 0.989504
vt 0.619078 0.989498
vt 0.619844 0.989493
vt 0.620557 0.989489
vt 0.625000 0.989489
vt 0.613507 0.990463
vt 0.612500 0.990418
vt 0.614527 0.990491
vt 0.615529 0.990504
vt 0.616490 0.990505
vt 0.617398 0.990495
vt 0.618248 0.990480
vt 0.619041 0.990462
vt 0.619776 0.990445
vt 0.620456 0.990435
vt 0.625000 0.990431
vt 0.613509 0.991422
vt 0.612500 0.991363
vt 0.614531 0.991458
vt 0.615531 0.991470
vt 0.616483 0.991461
vt 0.617377 0.991437
vt 0.618204 0.991404
vt 0.618969 0.991368
vt 0.619672 0.991336
vt 0.620318 0.991314
vt 0.625000 0.991306
vt 0.613509 0.992349
vt 0.612500 0.992284
vt 0.614527 0.992384
vt 0.615519 0.992388
vt 0.616458 0.992364
vt 0.617333 0.992319
vt 0.618135 0.992264
vt 0.618870 0.992205
vt 0.619541 0.992153
vt 0.620153 0.992118
vt 0.625000 0.992103
vt 0.613508 0.993237
vt 0.612500 0.993175
vt 0.614521 0.993261
vt 0.615500 0.993247
vt 0.616423 0.993200
vt 0.617276 0.993129
vt 0.618051 0.993045
vt 0.618756 0.992958
vt 0.619394 0.992883
vt 0.619973 0.992832
vt 0.625000 0.992810
vt 0.613507 0.994080
vt 0.612500 0.994031
vt 0.614511 0.994085
vt 0.615478 0.994046
vt 0.616383 0.993971
vt 0.617215 0.993869
vt 0.617964 0.993754
vt 0.618640 0.993638
vt 0.619246 0.993536
vt 0.619789 0.993465
vt 0.625000 0.993434
vt 0.613505 0.994875
vt 0.612500 0.994847
vt 0.614502 0.994853
vt 0.615457 0.994784
vt 0.616346 0.994677
vt 0.617160 0.994543
vt 0.617887 0.994395
vt 0.618538 0.994246
vt 0.619112 0.994112
vt 0.619617 0.994014
vt 0.625000 0.993971
vt 0.613503 0.995620
vt 0.612500 0.995618
vt 0.614494 0.995568
vt 0.615440 0.995466
vt 0.616319 0.995326
vt 0.617121 0.995157
vt 0.617834 0.994975
vt 0.618466 0.994790
vt 0.619014 0.994617
vt 0.619479 0.994479
vt 0.625000 0.994410
vt 0.613501 1.000000
vt 0.612500 1.000000
vt 0.614489 1.000000
vt 0.615431 1.000000
vt 0.616306 1.000000
vt 0.617103 1.000000
vt 0.617810 1.000000
vt 0.618434 1.000000
vt 0.618971 1.000000
vt 0.619410 1.000000
vt 0.625000 0.994717
vt 0.862500 0.737500
vt 0.863481 0.737500
vt 0.863494 0.738487
vt 0.862500 0.738481
vt 0.864455 0.737500
vt 0.864492 0.738491
vt 0.865418 0.737500
vt 0.865474 0.738494
vt 0.866363 0.737500
vt 0.866430 0.738497
vt 0.867284 0.737500
vt 0.867353 0.738500
vt 0.868175 0.737500
vt 0.868236 0.738501
vt 0.869031 0.737500
vt 0.869076 0.738501
vt 0.869847 0.737500
vt 0.869869 0.738501
vt 0.870618 0.737500
vt 0.870613 0.738501
vt 0.875000 0.737500
vt 0.875000 0.738501
vt 0.863502 0.739480
vt 0.862500 0.739455
vt 0.864515 0.739496
vt 0.865511 0.739505
vt 0.866473 0.739508
vt 0.867391 0.739507
vt 0.868260 0.739504
vt 0.869078 0.739498
vt 0.869844 0.739493
vt 0.870557 0.739489
vt 0.875000 0.739489
vt 0.863506 0.740463
vt 0.862500 0.740418
vt 0.864527 0.740491
vt 0.865529 0.740504
vt 0.866490 0.740505
vt 0.867398 0.740494
vt 0.868248 0.740480
vt 0.869041 0.740462
vt 0.869776 0.740445
vt 0.870456 0.740435
vt 0.875000 0.740431
vt 0.863509 0.741422
vt 0.862500 0.741363
vt 0.864531 0.741458
vt 0.865531 0.741470
vt 0.866483 0.741461
vt 0.867377 0.741437
vt 0.868204 0.741404
vt 0.868969 0.741368
vt 0.869672 0.741336
vt 0.870318 0.741314
vt 0.875000 0.741306
vt 0.863509 0.742349
vt 0.862500 0.742284
vt 0.864527 0.742384
vt 0.865519 0.742388
vt 0.866458 0.742364
vt 0.867333 0.742319
vt 0.868135 0.742264
vt 0.868870 0.742205
vt 0.869541 0.742153
vt 0.870153 0.742118
vt 0.875000 0.742103
vt 0.863508 0.743237
vt 0.862500 0.743175
vt 0.864520 0.743261
vt 0.865500 0.743247
vt 0.866423 0.743200
vt 0.867276 0.743129
vt 0.868051 0.743045
vt 0.868756 0.742958
vt 0.869394 0.742883
vt 0.869973 0.742832
vt 0.875000 0.742810
vt 0.863507 0.744080
vt 0.862500 0.744031
vt 0.864511 0.744085
vt 0.865478 0.744046
vt 0.866382 0.743971
vt 0.867215 0.743869
vt 0.867964 0.743754
vt 0.868640 0.743638
vt 0.869246 0.743536
vt 0.869789 0.743465
vt 0.875000 0.743434
vt 0.863505 0.744875
vt 0.862500 0.744847
vt 0.864502 0.744853
vt 0.865457 0.744784
vt 0.866346 0.744677
vt 0.867160 0.744543
vt 0.867887 0.744395
vt 0.868538 0.744246
vt 0.869112 0.744112
vt 0.869617 0.744014
vt 0.875000 0.743971
vt 0.863503 0.745620
vt 0.862500 0.745618
vt 0.864494 0.745568
vt 0.865440 0.745466
vt 0.866319 0.745326
vt 0.867121 0.745157
vt 0.867834 0.744975
vt 0.868466 0.744790
vt 0.869014 0.744617
vt 0.869479 0.744479
vt 0.875000 0.744410
vt 0.863501 0.750000
vt 0.862500 0.750000
vt 0.864489 0.750000
vt 0.865431 0.750000
vt 0.866306 0.750000
vt 0.867103 0.750000
vt 0.867810 0.750000
vt 0.868434 0.750000
vt 0.868971 0.750000
vt 0.869410 0.750000
vt 0.875000 0.744717
vt 0.137500 0.737500
vt 0.137500 0.738481
vt 0.136513 0.738494
vt 0.136519 0.737500
vt 0.137500 0.739455
vt 0.136509 0.739492
vt 0.137500 0.740418
vt 0.136506 0.740474
vt 0.137500 0.741363
vt 0.136503 0.741430
vt 0.137500 0.742283
vt 0.136500 0.742353
vt 0.137500 0.743175
vt 0.136499 0.743236
vt 0.137500 0.744031
vt 0.136499 0.744076
vt 0.137500 0.744847
vt 0.136499 0.744869
vt 0.137500 0.745618
vt 0.136499 0.745613
vt 0.137500 0.750000
vt 0.136499 0.750000
vt 0.135520 0.738502
vt 0.135545 0.737500
vt 0.135504 0.739515
vt 0.135495 0.740511
vt 0.135492 0.741473
vt 0.135493 0.742391
vt 0.135496 0.743260
vt 0.135502 0.744078
vt 0.135507 0.744844
vt 0.135511 0.745557
vt 0.135511 0.750000
vt 0.134537 0.738507
vt 0.134582 0.737500
vt 0.134509 0.739527
vt 0.134496 0.740529
vt 0.134495 0.741490
vt 0.134505 0.742398
vt 0.134520 0.743248
vt 0.134538 0.744041
vt 0.134554 0.744776
vt 0.134565 0.745456
vt 0.134569 0.750000
vt 0.133578 0.738509
vt 0.133637 0.737500
vt 0.133542 0.739531
vt 0.133530 0.740531
vt 0.133539 0.741483
vt 0.133563 0.742377
vt 0.133596 0.743204
vt 0.133632 0.743969
vt 0.133664 0.744672
vt 0.133686 0.745318
vt 0.133694 0.750000
vt 0.132651 0.738509
vt 0.132716 0.737500
vt 0.132616 0.739527
vt 0.132612 0.740519
vt 0.132636 0.741458
vt 0.132681 0.742333
vt 0.132736 0.743135
vt 0.132795 0.743870
vt 0.132847 0.744541
vt 0.132882 0.745153
vt 0.132897 0.750000
vt 0.131763 0.738508
vt 0.131825 0.737500
vt 0.131739 0.739521
vt 0.131753 0.740500
vt 0.131800 0.741423
vt 0.131871 0.742276
vt 0.131955 0.743051
vt 0.132042 0.743756
vt 0.132117 0.744394
vt 0.132168 0.744973
vt 0.132190 0.750000
vt 0.130920 0.738507
vt 0.130969 0.737500
vt 0.130915 0.739511
vt 0.130954 0.740478
vt 0.131029 0.741382
vt 0.131131 0.742215
vt 0.131246 0.742964
vt 0.131362 0.743640
vt 0.131464 0.744246
vt 0.131535 0.744789
vt 0.131566 0.750000
vt 0.130125 0.738505
vt 0.130153 0.737500
vt 0.130147 0.739502
vt 0.130216 0.740457
vt 0.130323 0.741346
vt 0.130457 0.742160
vt 0.130605 0.742887
vt 0.130754 0.743538
vt 0.130888 0.744112
vt 0.130986 0.744617
vt 0.131029 0.750000
vt 0.129380 0.738503
vt 0.129382 0.737500
vt 0.129432 0.739494
vt 0.129534 0.740440
vt 0.129674 0.741319
vt 0.129843 0.742121
vt 0.130025 0.742834
vt 0.130210 0.743466
vt 0.130383 0.744014
vt 0.130521 0.744479
vt 0.130590 0.750000
vt 0.125000 0.738501
vt 0.125000 0.737500
vt 0.125000 0.739489
vt 0.125000 0.740431
vt 0.125000 0.741306
vt 0.125000 0.742103
vt 0.125000 0.742810
vt 0.125000 0.743434
vt 0.125000 0.743971
vt 0.125000 0.744410
vt 0.130283 0.750000
vt 0.387500 0.987500
vt 0.387500 0.988481
vt 0.386513 0.988494
vt 0.386519 0.987500
vt 0.387500 0.989455
vt 0.386509 0.989492
vt 0.387500 0.990418
vt 0.386506 0.990474
vt 0.387500 0.991363
vt 0.386503 0.991430
vt 0.387500 0.992284
vt 0.386500 0.992353
vt 0.387500 0.993175
vt 0.386499 0.993236
vt 0.387500 0.994031
vt 0.386499 0.994076
vt 0.387500 0.994847
vt 0.386499 0.994869
vt 0.387500 0.995618
vt 0.386499 0.995613
vt 0.387500 1.000000
vt 0.386499 1.000000
vt 0.385520 0.988502
vt 0.385545 0.987500
vt 0.385504 0.989515
vt 0.385495 0.990511
vt 0.385492 0.991473
vt 0.385493 0.992391
vt 0.385496 0.993260
vt 0.385502 0.994078
vt 0.385507 0.994844
vt 0.385511 0.995557
vt 0.385511 1.000000
vt 0.384537 0.988507
vt 0.384582 0.987500
vt 0.384509 0.989527
vt 0.384496 0.990529
vt 0.384495 0.991490
vt 0.384505 0.992398
vt 0.384520 0.993248
vt 0.384538 0.994041
vt 0.384555 0.994776
vt 0.384565 0.995456
vt 0.384569 1.000000
vt 0.383578 0.988509
vt 0.383637 0.987500
vt 0.383542 0.989531
vt 0.383530 0.990531
vt 0.383539 0.991483
vt 0.383563 0.992377
vt 0.383596 0.993204
vt 0.383632 0.993969
vt 0.383664 0.994672
vt 0.383686 0.995318
vt 0.383694 1.000000
vt 0.382651 0.988509
vt 0.382716 0.987500
vt 0.382616 0.989527
vt 0.382612 0.990519
vt 0.382636 0.991458
vt 0.382681 0.992333
vt 0.382736 0.993135
vt 0.382795 0.993870
vt 0.382847 0.994541
vt 0.382882 0.995153
vt 0.382897 1.000000
vt 0.381763 0.988508
vt 0.381825 0.987500
vt 0.381739 0.989520
vt 0.381753 0.990500
vt 0.381800 0.991423
vt 0.381871 0.992276
vt 0.381955 0.993051
vt 0.382042 0.993756
vt 0.382117 0.994394
vt 0.382168 0.994973
vt 0.382190 1.000000
vt 0.380920 0.988507
vt 0.380969 0.987500
vt 0.380915 0.989511
vt 0.380954 0.990478
vt 0.381029 0.991382
vt 0.381131 0.992215
vt 0.381246 0.992964
vt 0.381362 0.993640
vt 0.381464 0.994246
vt 0.381535 0.994789
vt 0.381566 1.000000
vt 0.380125 0.988505
vt 0.380153 0.987500
vt 0.380147 0.989502
vt 0.380215 0.990457
vt 0.380323 0.991346
vt 0.380457 0.992160
vt 0.380605 0.992887
vt 0.380754 0.993538
vt 0.380888 0.994112
vt 0.380986 0.994617
vt 0.381029 1.000000
vt 0.379380 0.988503
vt 0.379382 0.987500
vt 0.379432 0.989494
vt 0.379534 0.990440
vt 0.379674 0.991319
vt 0.379843 0.992121
vt 0.380025 0.992834
vt 0.380210 0.993466
vt 0.380383 0.994014
vt 0.380521 0.994479
vt 0.380590 1.000000
vt 0.375000 0.988501
vt 0.375000 0.987500
vt 0.375000 0.989489
vt 0.375000 0.990431
vt 0.375000 0.991306
vt 0.375000 0.992103
vt 0.375000 0.992810
vt 0.375000 0.993434
vt 0.375000 0.993971
vt 0.375000 0.994410
vt 0.380283 1.000000
vt 0.387500 0.012500
vt 0.386519 0.012500
vt 0.386506 0.011513
vt 0.387500 0.011519
vt 0.385545 0.012500
vt 0.385508 0.011509
vt 0.384582 0.012500
vt 0.384526 0.011506
vt 0.383637 0.012500
vt 0.383570 0.011503
vt 0.382716 0.012500
vt 0.382647 0.011500
vt 0.381825 0.012500
vt 0.381764 0.011499
vt 0.380969 0.012500
vt 0.380924 0.011499
vt 0.380153 0.012500
vt 0.380131 0.011499
vt 0.379382 0.012500
vt 0.379387 0.011499
vt 0.375000 0.012500
vt 0.375000 0.011499
vt 0.386498 0.010520
vt 0.387500 0.010545
vt 0.385485 0.010504
vt 0.384489 0.010495
vt 0.383527 0.010492
vt 0.382609 0.010493
vt 0.381740 0.010496
vt 0.380922 0.010502
vt 0.380156 0.010507
vt 0.379443 0.010511
vt 0.375000 0.010511
vt 0.386494 0.009537
vt 0.387500 0.009582
vt 0.385473 0.009509
vt 0.384471 0.009496
vt 0.383510 0.009495
vt 0.382602 0.009505
vt 0.381752 0.009520
vt 0.380959 0.009538
vt 0.380224 0.009554
vt 0.379544 0.009565
vt 0.375000 0.009569
vt 0.386491 0.008578
vt 0.387500 0.008637
vt 0.385469 0.008542
vt 0.384469 0.008530
vt 0.383517 0.008539
vt 0.382623 0.008563
vt 0.381796 0.008596
vt 0.381031 0.008632
vt 0.380328 0.008664
vt 0.379682 0.008686
vt 0.375000 0.008694
vt 0.386491 0.007651
vt 0.387500 0.007716
vt 0.385473 0.007616
vt 0.384481 0.007612
vt 0.383542 0.007636
vt 0.382667 0.007681
vt 0.381865 0.007736
vt 0.381130 0.007795
vt 0.380460 0.007847
vt 0.379847 0.007882
vt 0.375000 0.007897
vt 0.386492 0.006763
vt 0.387500 0.006825
vt 0.385479 0.006739
vt 0.384500 0.006753
vt 0.383577 0.006800
vt 0.382724 0.006871
vt 0.381949 0.006955
vt 0.381244 0.007042
vt 0.380606 0.007117
vt 0.380027 0.007168
vt 0.375000 0.007190
vt 0.386493 0.005920
vt 0.387500 0.005969
vt 0.385489 0.005915
vt 0.384522 0.005954
vt 0.383618 0.006029
vt 0.382785 0.006131
vt 0.382036 0.006246
vt 0.381360 0.006362
vt 0.380754 0.006464
vt 0.380211 0.006535
vt 0.375000 0.006566
vt 0.386495 0.005125
vt 0.387500 0.005153
vt 0.385498 0.005147
vt 0.384543 0.005216
vt 0.383654 0.005323
vt 0.382840 0.005457
vt 0.382113 0.005605
vt 0.381462 0.005754
vt 0.380888 0.005888
vt 0.380383 0.005986
vt 0.375000 0.006029
vt 0.386497 0.004380
vt 0.387500 0.004382
vt 0.385506 0.004432
vt 0.384560 0.004534
vt 0.383681 0.004674
vt 0.382879 0.004843
vt 0.382166 0.005025
vt 0.381534 0.005210
vt 0.380986 0.005383
vt 0.380521 0.005521
vt 0.375000 0.005590
vt 0.386499 0.000000
vt 0.387500 0.000000
vt 0.385511 0.000000
vt 0.384569 0.000000
vt 0.383694 0.000000
vt 0.382897 0.000000
vt 0.382190 0.000000
vt 0.381566 0.000000
vt 0.381029 0.000000
vt 0.380590 0.000000
vt 0.375000 0.005283
s 1
usemtl Material
f 1/1/1 4/2/4 15/3/15 14/4/14
f 4/2/4 5/5/5 16/6/16 15/3/15
f 5/5/5 6/7/6 17/8/17 16/6/16
f 6/7/6 7/9/7 18/10/18 17/8/17
f 7/9/7 8/11/8 19/12/19 18/10/18
f 8/11/8 9/13/9 20/14/20 19/12/19
f 9/13/9 10/15/10 21/16/21 20/14/20
f 10/15/10 11/17/11 22/18/22 21/16/21
f 11/17/11 12/19/12 23/20/23 22/18/22
f 12/19/12 13/21/13 24/22/24 23/20/23
f 14/4/14 15/3/15 26/23/26 25/24/25
f 15/3/15 16/6/16 27/25/27 26/23/26
f 16/6/16 17/8/17 28/26/28 27/25/27
f 17/8/17 18/10/18 29/27/29 28/26/28
f 18/10/18 19/12/19 30/28/30 29/27/29
f 19/12/19 20/14/20 31/29/31 30/28/30
f 20/14/20 21/16/21 32/30/32 31/29/31
f 21/16/21 22/18/22 33/31/33 32/30/32
f 22/18/22 23/20/23 34/32/34 33/31/33
f 23/20/23 24/22/24 35/33/35 34/32/34
f 25/24/25 26/23/26 37/34/37 36/35/36
f 26/23/26 27/25/27 38/36/38 37/34/37
f 27/25/27 28/26/28 39/37/39 38/36/38
f 28/26/28 29/27/29 40/38/40 39/37/39
f 29/27/29 30/28/30 41/39/41 40/38/40
f 30/28/30 31/29/31 42/40/42 41/39/41
f 31/29/31 32/30/32 43/41/43 42/40/42
f 32/30/32 33/31/33 44/42/44 43/41/43
f 33/31/33 34/32/34 45/43/45 44/42/44
f 34/32/34 35/33/35 46/44/46 45/43/45
f 36/35/36 37/34/37 48/45/48 47/46/47
f 37/34/37 38/36/38 49/47/49 48/45/48
f 38/36/38 39/37/39 50/48/50 49/47/49
f 39/37/39 40/38/40 51/49/51 50/48/50
f 40/38/40 41/39/41 52/50/52 51/49/51
f 41/39/41 42/40/42 53/51/53 52/50/52
f 42/40/42 43/41/43 54/52/54 53/51/53
f 43/41/43 44/42/44 55/53/55 54/52/54
f 44/42/44 45/43/45 56/54/56 55/53/55
f 45/43/45 46/44/46 57/55/57 56/54/56
f 47/46/47 48/45/48 59/56/59 58/57/58
f 48/45/48 49/47/49 60/58/60 59/56/59
f 49/47/49 50/48/50 61/59/61 60/58/60
f 50/48/50 51/49/51 62/60/62 61/59/61
f 51/49/51 52/50/52 63/61/63 62/60/62
f 52/50/52 53/51/53 64/62/64 63/61/63
f 53/51/53 54/52/54 65/63/65 64/62/64
f 54/52/54 55/53/55 66/64/66 65/63/65
f 55/53/55 56/54/56 67/65/67 66/64/66
f 56/54/56 57/55/57 68/66/68 67/65/67
f 58/57/58 59/56/59 70/67/70 69/68/69
f 59/56/59 60/58/60 71/69/71 70/67/70
f 60/58/60 61/59/61 72/70/72 71/69/71
f 61/59/61 62/60/62 73/71/73 72/70/72
f 62/60/62 63/61/63 74/72/74 73/71/73
f 63/61/63 64/62/64 75/73/75 74/72/74
f 64/62/64 65/63/65 76/74/76 75/73/75
f 65/63/65 66/64/66 77/75/77 76/74/76
f 66/64/66 67/65/67 78/76/78 77/75/77
f 67/65/67 68/66/68 79/77/79 78/76/78
f 69/68/69 70/67/70 81/78/81 80/79/80
f 70/67/70 71/69/71 82/80/82 81/78/81
f 71/69/71 72/70/72 83/81/83 82/80/82
f 72/70/72 73/71/73 84/82/84 83/81/83
f 73/71/73 74/72/74 85/83/85 84/82/84
f 74/72/74 75/73/75 86/84/86 85/83/85
f 75/73/75 76/74/76 87/85/87 86/84/86
f 76/74/76 77/75/77 88/86/88 87/85/87
f 77/75/77 78/76/78 89/87/89 88/86/88
f 78/76/78 79/77/79 90/88/90 89/87/89
f 80/79/80 81/78/81 92/89/92 91/90/91
f 81/78/81 82/80/82 93/91/93 92/89/92
f 82/80/82 83/81/83 94/92/94 93/91/93
f 83/81/83 84/82/84 95/93/95 94/92/94
f 84/82/84 85/83/85 96/94/96 95/93/95
f 85/83/85 86/84/86 97/95/97 96/94/96
f 86/84/86 87/85/87 98/96/98 97/95/97
f 87/85/87 88/86/88 99/97/99 98/96/98
f 88/86/88 89/87/89 100/98/100 99/97/99
f 89/87/89 90/88/90 101/99/101 100/98/100
f 91/90/91 92/89/92 103/100/103 102/101/102
f 92/89/92 93/91/93 104/102/104 103/100/103
f 93/91/93 94/92/94 105/103/105 104/102/104
f 94/92/94 95/93/95 106/104/106 105/103/105
f 95/93/95 96/94/96 107/105/107 106/104/106
f 96/94/96 97/95/97 108/106/108 107/105/107
f 97/95/97 98/96/98 109/107/109 108/106/108
f 98/96/98 99/97/99 110/108/110 109/107/109
f 99/97/99 100/98/100 111/109/111 110/108/110
f 100/98/100 101/99/101 112/110/112 111/109/111
f 102/101/102 103/100/103 243/111/243 232/112/232
f 103/100/103 104/102/104 254/113/254 243/111/243
f 104/102/104 105/103/105 265/114/265 254/113/254
f 105/103/105 106/104/106 276/115/276 265/114/265
f 106/104/106 107/105/107 287/116/287 276/115/276
f 107/105/107 108/106/108 298/117/298 287/116/287
f 108/106/108 109/107/109 309/118/309 298/117/298
f 109/107/109 110/108/110 320/119/320 309/118/309
f 110/108/110 111/109/111 331/120/331 320/119/320
f 111/109/111 112/110/112 113/121/113 331/120/331
f 2/122/2 114/123/114 125/124/125 124/125/124
f 114/123/114 115/126/115 126/127/126 125/124/125
f 115/126/115 116/128/116 127/129/127 126/127/126
f 116/128/116 117/130/117 128/131/128 127/129/127
f 117/130/117 118/132/118 129/133/129 128/131/128
f 118/132/118 119/134/119 130/135/130 129/133/129
f 119/134/119 120/136/120 131/137/131 130/135/130
f 120/136/120 121/138/121 132/139/132 131/137/131
f 121/138/121 122/140/122 133/141/133 132/139/132
f 122/140/122 123/142/123 134/143/134 133/141/133
f 124/125/124 125/124/125 136/144/136 135/145/135
f 125/124/125 126/127/126 137/146/137 136/144/136
f 126/127/126 127/129/127 138/147/138 137/146/137
f 127/129/127 128/131/128 139/148/139 138/147/138
f 128/131/128 129/133/129 140/149/140 139/148/139
f 129/133/129 130/135/130 141/150/141 140/149/140
f 130/135/130 131/137/131 142/151/142 141/150/141
f 131/137/131 132/139/132 143/152/143 142/151/142
f 132/139/132 133/141/133 144/153/144 143/152/143
f 133/141/133 134/143/134 145/154/145 144/153/144
f 135/145/135 136/144/136 147/155/147 146/156/146
f 136/144/136 137/146/137 148/157/148 147/155/147
f 137/146/137 138/147/138 149/158/149 148/157/148
f 138/147/138 139/148/139 150/159/150 149/158/149
f 139/148/139 140/149/140 151/160/151 150/159/150
f 140/149/140 141/150/141 152/161/152 151/160/151
f 141/150/141 142/151/142 153/162/153 152/161/152
f 142/151/142 143/152/143 154/163/154 153/162/153
f 143/152/143 144/153/144 155/164/155 154/163/154
f 144/153/144 145/154/145 156/165/156 155/164/155
f 146/156/146 147/155/147 158/166/158 157/167/157
f 147/155/147 148/157/148 159/168/159 158/166/158
f 148/157/148 149/158/149 160/169/160 159/168/159
f 149/158/149 150/159/150 161/170/161 160/169/160
f 150/159/150 151/160/151 162/171/162 161/170/161
f 151/160/151 152/161/152 163/172/163 162/171/162
f 152/161/152 153/162/153 164/173/164 163/172/163
f 153/162/153 154/163/154 165/174/165 164/173/164
f 154/163/154 155/164/155 166/175/166 165/174/165
f 155/164/155 156/165/156 167/176/167 166/175/166
f 157/167/157 158/166/158 169/177/169 168/178/168
f 158/166/158 159/168/159 170/179/170 169/177/169
f 159/168/159 160/169/160 171/180/171 170/179/170
f 160/169/160 161/170/161 172/181/172 171/180/171
f 161/170/161 162/171/162 173/182/173 172/181/172
f 162/171/162 163/172/163 174/183/174 173/182/173
f 163/172/163 164/173/164 175/184/175 174/183/174
f 164/173/164 165/174/165 176/185/176 175/184/175
f 165/174/165 166/175/166 177/186/177 176/185/176
f 166/175/166 167/176/167 178/187/178 177/186/177
f 168/178/168 169/177/169 180/188/180 179/189/179
f 169/177/169 170/179/170 181/190/181 180/188/180
f 170/179/170 171/180/171 182/191/182 181/190/181
f 171/180/171 172/181/172 183/192/183 182/191/182
f 172/181/172 173/182/173 184/193/184 183/192/183
f 173/182/173 174/183/174 185/194/185 184/193/184
f 174/183/174 175/184/175 186/195/186 185/194/185
f 175/184/175 176/185/176 187/196/187 186/195/186
f 176/185/176 177/186/177 188/197/188 187/196/187
f 177/186/177 178/187/178 189/198/189 188/197/188
f 179/189/179 180/188/180 191/199/191 190/200/190
f 180/188/180 181/190/181 192/201/192 191/199/191
f 181/190/181 182/191/182 193/202/193 192/201/192
f 182/191/182 183/192/183 194/203/194 193/202/193
f 183/192/183 184/193/184 195/204/195 194/203/194
f 184/193/184 185/194/185 196/205/196 195/204/195
f 185/194/185 186/195/186 197/206/197 196/205/196
f 186/195/186 187/196/187 198/207/198 197/206/197
f 187/196/187 188/197/188 199/208/199 198/207/198
f 188/197/188 189/198/189 200/209/200 199/208/199
f 190/200/190 191/199/191 202/210/202 201/211/201
f 191/199/191 192/201/192 203/212/203 202/210/202
f 192/201/192 193/202/193 204/213/204 203/212/203
f 193/202/193 194/203/194 205/214/205 204/213/204
f 194/203/194 195/204/195 206/215/206 205/214/205
f 195/204/195 196/205/196 207/216/207 206/215/206
f 196/205/196 197/206/197 208/217/208 207/216/207
f 197/206/197 198/207/198 209/218/209 208/217/208
f 198/207/198 199/208/199 210/219/210 209/218/209
f 199/208/199 200/209/200 211/220/211 210/219/210
f 201/211/201 202/210/202 213/221/213 212/222/212
f 202/210/202 203/212/203 214/223/214 213/221/213
f 203/212/203 204/213/204 215/224/215 214/223/214
f 204/213/204 205/214/205 216/225/216 215/224/215
f 205/214/205 206/215/206 217/226/217 216/225/216
f 206/215/206 207/216/207 218/227/218 217/226/217
f 207/216/207 208/217/208 219/228/219 218/227/218
f 208/217/208 209/218/209 220/229/220 219/228/219
f 209/218/209 210/219/210 221/230/221 220/229/220
f 210/219/210 211/220/211 222/231/222 221/230/221
f 212/222/212 213/221/213 24/22/24 13/21/13
f 213/221/213 214/223/214 35/33/35 24/22/24
f 214/223/214 215/224/215 46/44/46 35/33/35
f 215/224/215 216/225/216 57/55/57 46/44/46
f 216/225/216 217/226/217 68/66/68 57/55/57
f 217/226/217 218/227/218 79/77/79 68/66/68
f 218/227/218 219/228/219 90/88/90 79/77/79
f 219/228/219 220/229/220 101/99/101 90/88/90
f 220/229/220 221/230/221 112/110/112 101/99/101
f 221/230/221 222/231/222 113/121/113 112/110/112
f 3/232/3 223/233/223 234/234/234 233/235/233
f 223/233/223 224/236/224 235/237/235 234/234/234
f 224/236/224 225/238/225 236/239/236 235/237/235
f 225/238/225 226/240/226 237/241/237 236/239/236
f 226/240/226 227/242/227 238/243/238 237/241/237
f 227/242/227 228/244/228 239/245/239 238/243/238
f 228/244/228 229/246/229 240/247/240 239/245/239
f 229/246/229 230/248/230 241/249/241 240/247/240
f 230/248/230 231/250/231 242/251/242 241/249/241
f 231/250/231 232/112/232 243/111/243 242/251/242
f 233/235/233 234/234/234 245/252/245 244/253/244
f 234/234/234 235/237/235 246/254/246 245/252/245
f 235/237/235 236/239/236 247/255/247 246/254/246
f 236/239/236 237/241/237 248/256/248 247/255/247
f 237/241/237 238/243/238 249/257/249 248/256/248
f 238/243/238 239/245/239 250/258/250 249/257/249
f 239/245/239 240/247/240 251/259/251 250/258/250
f 240/247/240 241/249/241 252/260/252 251/259/251
f 241/249/241 242/251/242 253/261/253 252/260/252
f 242/251/242 243/111/243 254/113/254 253/261/253
f 244/253/244 245/252/245 256/262/256 255/263/255
f 245/252/245 246/254/246 257/264/257 256/262/256
f 246/254/246 247/255/247 258/265/258 257/264/257
f 247/255/247 248/256/248 259/266/259 258/265/258
f 248/256/248 249/257/249 260/267/260 259/266/259
f 249/257/249 250/258/250 261/268/261 260/267/260
f 250/258/250 251/259/251 262/269/262 261/268/261
f 251/259/251 252/260/252 263/270/263 262/269/262
f 252/260/252 253/261/253 264/271/264 263/270/263
f 253/261/253 254/113/254 265/114/265 264/271/264
f 255/263/255 256/262/256 267/272/267 266/273/266
f 256/262/256 257/264/257 268/274/268 267/272/267
f 257/264/257 258/265/258 269/275/269 268/274/268
f 258/265/258 259/266/259 270/276/270 269/275/269
f 259/266/259 260/267/260 271/277/271 270/276/270
f 260/267/260 261/268/261 272/278/272 271/277/271
f 261/268/261 262/269/262 273/279/273 272/278/272
f 262/269/262 263/270/263 274/280/274 273/279/273
f 263/270/263 264/271/264 275/281/275 274/280/274
f 264/271/264 265/114/265 276/115/276 275/281/275
f 266/273/266 267/272/267 278/282/278 277/283/277
f 267/272/267 268/274/268 279/284/279 278/282/278
f 268/274/268 269/275/269 280/285/280 279/284/279
f 269/275/269 270/276/270 281/286/281 280/285/280
f 270/276/270 271/277/271 282/287/282 281/286/281
f 271/277/271 272/278/272 283/288/283 282/287/282
f 272/278/272 273/279/273 284/289/284 283/288/283
f 273/279/273 274/280/274 285/290/285 284/289/284
f 274/280/274 275/281/275 286/291/286 285/290/285
f 275/281/275 276/115/276 287/116/287 286/291/286
f 277/283/277 278/282/278 289/292/289 288/293/288
f 278/282/278 279/284/279 290/294/290 289/292/289
f 279/284/279 280/285/280 291/295/291 290/294/290
f 280/285/280 281/286/281 292/296/292 291/295/291
f 281/286/281 282/287/282 293/297/293 292/296/292
f 282/287/282 283/288/283 294/298/294 293/297/293
f 283/288/283 284/289/284 295/299/295 294/298/294
f 284/289/284 285/290/285 296/300/296 295/299/295
f 285/290/285 286/291/286 297/301/297 296/300/296
f 286/291/286 287/116/287 298/117/298 297/301/297
f 288/293/288 289/292/289 300/302/300 299/303/299
f 289/292/289 290/294/290 301/304/301 300/302/300
f 290/294/290 291/295/291 302/305/302 301/304/301
f 291/295/291 292/296/292 303/306/303 302/305/302
f 292/296/292 293/297/293 304/307/304 303/306/303
f 293/297/293 294/298/294 305/308/305 304/307/304
f 294/298/294 295/299/295 306/309/306 305/308/305
f 295/299/295 296/300/296 307/310/307 306/309/306
f 296/300/296 297/301/297 308/311/308 307/310/307
f 297/301/297 298/117/298 309/118/309 308/311/308
f 299/303/299 300/302/300 311/312/311 310/313/310
f 300/302/300 301/304/301 312/314/312 311/312/311
f 301/304/301 302/305/302 313/315/313 312/314/312
f 302/305/302 303/306/303 314/316/314 313/315/313
f 303/306/303 304/307/304 315/317/315 314/316/314
f 304/307/304 305/308/305 316/318/316 315/317/315
f 305/308/305 306/309/306 317/319/317 316/318/316
f 306/309/306 307/310/307 318/320/318 317/319/317
f 307/310/307 308/311/308 319/321/319 318/320/318
f 308/311/308 309/118/309 320/119/320 319/321/319
f 310/313/310 311/312/311 322/322/322 321/323/321
f 311/312/311 312/314/312 323/324/323 322/322/322
f 312/314/312 313/315/313 324/325/324 323/324/323
f 313/315/313 314/316/314 325/326/325 324/325/324
f 314/316/314 315/317/315 326/327/326 325/326/325
f 315/317/315 316/318/316 327/328/327 326/327/326
f 316/318/316 317/319/317 328/329/328 327/328/327
f 317/319/317 318/320/318 329/330/329 328/329/328
f 318/320/318 319/321/319 330/331/330 329/330/329
f 319/321/319 320/119/320 331/120/331 330/331/330
f 321/323/321 322/322/322 134/143/134 123/142/123
f 322/322/322 323/324/323 145/154/145 134/143/134
f 323/324/323 324/325/324 156/165/156 145/154/145
f 324/325/324 325/326/325 167/176/167 156/165/156
f 325/326/325 326/327/326 178/187/178 167/176/167
f 326/327/326 327/328/327 189/198/189 178/187/178
f 327/328/327 328/329/328 200/209/200 189/198/189
f 328/329/328 329/330/329 211/220/211 200/209/200
f 329/330/329 330/331/330 222/231/222 211/220/211
f 330/331/330 331/120/331 113/121/113 222/231/222
f 332/332/332 335/333/335 346/334/346 345/335/345
f 335/333/335 336/336/336 347/337/347 346/334/346
f 336/336/336 337/338/337 348/339/348 347/337/347
f 337/338/337 338/340/338 349/341/349 348/339/348
f 338/340/338 339/342/339 350/343/350 349/341/349
f 339/342/339 340/344/340 351/345/351 350/343/350
f 340/344/340 341/346/341 352/347/352 351/345/351
f 341/346/341 342/348/342 353/349/353 352/347/352
f 342/348/342 343/350/343 354/351/354 353/349/353
f 343/350/343 344/352/344 355/353/355 354/351/354
f 345/335/345 346/334/346 357/354/357 356/355/356
f 346/334/346 347/337/347 358/356/358 357/354/357
f 347/337/347 348/339/348 359/357/359 358/356/358
f 348/339/348 349/341/349 360/358/360 359/357/359
f 349/341/349 350/343/350 361/359/361 360/358/360
f 350/343/350 351/345/351 362/360/362 361/359/361
f 351/345/351 352/347/352 363/361/363 362/360/362
f 352/347/352 353/349/353 364/362/364 363/361/363
f 353/349/353 354/351/354 365/363/365 364/362/364
f 354/351/354 355/353/355 366/364/366 365/363/365
f 356/355/356 357/354/357 368/365/368 367/366/367
f 357/354/357 358/356/358 369/367/369 368/365/368
f 358/356/358 359/357/359 370/368/370 369/367/369
f 359/357/359 360/358/360 371/369/371 370/368/370
f 360/358/360 361/359/361 372/370/372 371/369/371
f 361/359/361 362/360/362 373/371/373 372/370/372
f 362/360/362 363/361/363 374/372/374 373/371/373
f 363/361/363 364/362/364 375/373/375 374/372/374
f 364/362/364 365/363/365 376/374/376 375/373/375
f 365/363/365 366/364/366 377/375/377 376/374/376
f 367/366/367 368/365/368 379/376/379 378/377/378
f 368/365/368 369/367/369 380/378/380 379/376/379
f 369/367/369 370/368/370 381/379/381 380/378/380
f 370/368/370 371/369/371 382/380/382 381/379/381
f 371/369/371 372/370/372 383/381/383 382/380/382
f 372/370/372 373/371/373 384/382/384 383/381/383
f 373/371/373 374/372/374 385/383/385 384/382/384
f 374/372/374 375/373/375 386/384/386 385/383/385
f 375/373/375 376/374/376 387/385/387 386/384/386
f 376/374/376 377/375/377 388/386/388 387/385/387
f 378/377/378 379/376/379 390/387/390 389/388/389
f 379/376/379 380/378/380 391/389/391 390/387/390
f 380/378/380 381/379/381 392/390/392 391/389/391
f 381/379/381 382/380/382 393/391/393 392/390/392
f 382/380/382 383/381/383 394/392/394 393/391/393
f 383/381/383 384/382/384 395/393/395 394/392/394
f 384/382/384 385/383/385 396/394/396 395/393/395
f 385/383/385 386/384/386 397/395/397 396/394/396
f 386/384/386 387/385/387 398/396/398 397/395/397
f 387/385/387 388/386/388 399/397/399 398/396/398
f 389/388/389 390/387/390 401/398/401 400/399/400
f 390/387/390 391/389/391 402/400/402 401/398/401
f 391/389/391 392/390/392 403/401/403 402/400/402
f 392/390/392 393/391/393 404/402/404 403/401/403
f 393/391/393 394/392/394 405/403/405 404/402/404
f 394/392/394 395/393/395 406/404/406 405/403/405
f 395/393/395 396/394/396 407/405/407 406/404/406
f 396/394/396 397/395/397 408/406/408 407/405/407
f 397/395/397 398/396/398 409/407/409 408/406/408
f 398/396/398 399/397/399 410/408/410 409/407/409
f 400/399/400 401/398/401 412/409/412 411/410/411
f 401/398/401 402/400/402 413/411/413 412/409/412
f 402/400/402 403/401/403 414/412/414 413/411/413
f 403/401/403 404/402/404 415/413/415 414/412/414
f 404/402/404 405/403/405 416/414/416 415/413/415
f 405/403/405 406/404/406 417/415/417 416/414/416
f 406/404/406 407/405/407 418/416/418 417/415/417
f 407/405/407 408/406/408 419/417/419 418/416/418
f 408/406/408 409/407/409 420/418/420 419/417/419
f 409/407/409 410/408/410 421/419/421 420/418/420
f 411/410/411 412/409/412 423/420/423 422/421/422
f 412/409/412 413/411/413 424/422/424 423/420/423
f 413/411/413 414/412/414 425/423/425 424/422/424
f 414/412/414 415/413/415 426/424/426 425/423/425
f 415/413/415 416/414/416 427/425/427 426/424/426
f 416/414/416 417/415/417 428/426/428 427/425/427
f 417/415/417 418/416/418 429/427/429 428/426/428
f 418/416/418 419/417/419 430/428/430 429/427/429
f 419/417/419 420/418/420 431/429/431 430/428/430
f 420/418/420 421/419/421 432/430/432 431/429/431
f 422/421/422 423/420/423 434/431/434 433/432/433
f 423/420/423 424/422/424 435/433/435 434/431/434
f 424/422/424 425/423/425 436/434/436 435/433/435
f 425/423/425 426/424/426 437/435/437 436/434/436
f 426/424/426 427/425/427 438/436/438 437/435/437
f 427/425/427 428/426/428 439/437/439 438/436/438
f 428/426/428 429/427/429 440/438/440 439/437/439
f 429/427/429 430/428/430 441/439/441 440/438/440
f 430/428/430 431/429/431 442/440/442 441/439/441
f 431/429/431 432/430/432 443/441/443 442/440/442
f 433/432/433 434/431/434 574/442/574 563/443/563
f 434/431/434 435/433/435 585/444/585 574/442/574
f 435/433/435 436/434/436 596/445/596 585/444/585
f 436/434/436 437/435/437 607/446/607 596/445/596
f 437/435/437 438/436/438 618/447/618 607/446/607
f 438/436/438 439/437/439 629/448/629 618/447/618
f 439/437/439 440/438/440 640/449/640 629/448/629
f 440/438/440 441/439/441 651/450/651 640/449/640
f 441/439/441 442/440/442 662/451/662 651/450/651
f 442/440/442 443/441/443 444/452/444 662/451/662
f 333/453/333 445/454/445 456/455/456 455/456/455
f 445/454/445 446/457/446 457/458/457 456/455/456
f 446/457/446 447/459/447 458/460/458 457/458/457
f 447/459/447 448/461/448 459/462/459 458/460/458
f 448/461/448 449/463/449 460/464/460 459/462/459
f 449/463/449 450/465/450 461/466/461 460/464/460
f 450/465/450 451/467/451 462/468/462 461/466/461
f 451/467/451 452/469/452 463/470/463 462/468/462
f 452/469/452 453/471/453 464/472/464 463/470/463
f 453/471/453 454/473/454 465/474/465 464/472/464
f 455/456/455 456/455/456 467/475/467 466/476/466
f 456/455/456 457/458/457 468/477/468 467/475/467
f 457/458/457 458/460/458 469/478/469 468/477/468
f 458/460/458 459/462/459 470/479/470 469/478/469
f 459/462/459 460/464/460 471/480/471 470/479/470
f 460/464/460 461/466/461 472/481/472 471/480/471
f 461/466/461 462/468/462 473/482/473 472/481/472
f 462/468/462 463/470/463 474/483/474 473/482/473
f 463/470/463 464/472/464 475/484/475 474/483/474
f 464/472/464 465/474/465 476/485/476 475/484/475
f 466/476/466 467/475/467 478/486/478 477/487/477
f 467/475/467 468/477/468 479/488/479 478/486/478
f 468/477/468 469/478/469 480/489/480 479/488/479
f 469/478/469 470/479/470 481/490/481 480/489/480
f 470/479/470 471/480/471 482/491/482 481/490/481
f 471/480/471 472/481/472 483/492/483 482/491/482
f 472/481/472 473/482/473 484/493/484 483/492/483
f 473/482/473 474/483/474 485/494/485 484/493/484
f 474/483/474 475/484/475 486/495/486 485/494/485
f 475/484/475 476/485/476 487/496/487 486/495/486
f 477/487/477 478/486/478 489/497/489 488/498/488
f 478/486/478 479/488/479 490/499/490 489/497/489
f 479/488/479 480/489/480 491/500/491 490/499/490
f 480/489/480 481/490/481 492/501/492 491/500/491
f 481/490/481 482/491/482 493/502/493 492/501/492
f 482/491/482 483/492/483 494/503/494 493/502/493
f 483/492/483 484/493/484 495/504/495 494/503/494
f 484/493/484 485/494/485 496/505/496 495/504/495
f 485/494/485 486/495/486 497/506/497 496/505/496
f 486/495/486 487/496/487 498/507/498 497/506/497
f 488/498/488 489/497/489 500/508/500 499/509/499
f 489/497/489 490/499/490 501/510/501 500/508/500
f 490/499/490 491/500/491 502/511/502 501/510/501
f 491/500/491 492/501/492 503/512/503 502/511/502
f 492/501/492 493/502/493 504/513/504 503/512/503
f 493/502/493 494/503/494 505/514/505 504/513/504
f 494/503/494 495/504/495 506/515/506 505/514/505
f 495/504/495 496/505/496 507/516/507 506/515/506
f 496/505/496 497/506/497 508/517/508 507/516/507
f 497/506/497 498/507/498 509/518/509 508/517/508
f 499/509/499 500/508/500 511/519/511 510/520/510
f 500/508/500 501/510/501 512/521/512 511/519/511
f 501/510/501 502/511/502 513/522/513 512/521/512
f 502/511/502 503/512/503 514/523/514 513/522/513
f 503/512/503 504/513/504 515/524/515 514/523/514
f 504/513/504 505/514/505 516/525/516 515/524/515
f 505/514/505 506/515/506 517/526/517 516/525/516
f 506/515/506 507/516/507 518/527/518 517/526/517
f 507/516/507 508/517/508 519/528/519 518/527/518
f 508/517/508 509/518/509 520/529/520 519/528/519
f 510/520/510 511/519/511 522/530/522 521/531/521
f 511/519/511 512/521/512 523/532/523 522/530/522
f 512/521/512 513/522/513 524/533/524 523/532/523
f 513/522/513 514/523/514 525/534/525 524/533/524
f 514/523/514 515/524/515 526/535/526 525/534/525
f 515/524/515 516/525/516 527/536/527 526/535/526
f 516/525/516 517/526/517 528/537/528 527/536/527
f 517/526/517 518/527/518 529/538/529 528/537/528
f 518/527/518 519/528/519 530/539/530 529/538/529
f 519/528/519 520/529/520 531/540/531 530/539/530
f 521/531/521 522/530/522 533/541/533 532/542/532
f 522/530/522 523/532/523 534/543/534 533/541/533
f 523/532/523 524/533/524 535/544/535 534/543/534
f 524/533/524 525/534/525 536/545/536 535/544/535
f 525/534/525 526/535/526 537/546/537 536/545/536
f 526/535/526 527/536/527 538/547/538 537/546/537
f 527/536/527 528/537/528 539/548/539 538/547/538
f 528/537/528 529/538/529 540/549/540 539/548/539
f 529/538/529 530/539/530 541/550/541 540/549/540
f 530/539/530 531/540/531 542/551/542 541/550/541
f 532/542/532 533/541/533 544/552/544 543/553/543
f 533/541/533 534/543/534 545/554/545 544/552/544
f 534/543/534 535/544/535 546/555/546 545/554/545
f 535/544/535 536/545/536 547/556/547 546/555/546
f 536/545/536 537/546/537 548/557/548 547/556/547
f 537/546/537 538/547/538 549/558/549 548/557/548
f 538/547/538 539/548/539 550/559/550 549/558/549
f 539/548/539 540/549/540 551/560/551 550/559/550
f 540/549/540 541/550/541 552/561/552 551/560/551
f 541/550/541 542/551/542 553/562/553 552/561/552
f 543/553/543 544/552/544 355/353/355 344/352/344
f 544/552/544 545/554/545 366/364/366 355/353/355
f 545/554/545 546/555/546 377/375/377 366/364/366
f 546/555/546 547/556/547 388/386/388 377/375/377
f 547/556/547 548/557/548 399/397/399 388/386/388
f 548/557/548 549/558/549 410/408/410 399/397/399
f 549/558/549 550/559/550 421/419/421 410/408/410
f 550/559/550 551/560/551 432/430/432 421/419/421
f 551/560/551 552/561/552 443/441/443 432/430/432
f 552/561/552 553/562/553 444/452/444 443/441/443
f 334/563/334 554/564/554 565/565/565 564/566/564
f 554/564/554 555/567/555 566/568/566 565/565/565
f 555/567/555 556/569/556 567/570/567 566/568/566
f 556/569/556 557/571/557 568/572/568 567/570/567
f 557/571/557 558/573/558 569/574/569 568/572/568
f 558/573/558 559/575/559 570/576/570 569/574/569
f 559/575/559 560/577/560 571/578/571 570/576/570
f 560/577/560 561/579/561 572/580/572 571/578/571
f 561/579/561 562/581/562 573/582/573 572/580/572
f 562/581/562 563/443/563 574/442/574 573/582/573
f 564/566/564 565/565/565 576/583/576 575/584/575
f 565/565/565 566/568/566 577/585/577 576/583/576
f 566/568/566 567/570/567 578/586/578 577/585/577
f 567/570/567 568/572/568 579/587/579 578/586/578
f 568/572/568 569/574/569 580/588/580 579/587/579
f 569/574/569 570/576/570 581/589/581 580/588/580
f 570/576/570 571/578/571 582/590/582 581/589/581
f 571/578/571 572/580/572 583/591/583 582/590/582
f 572/580/572 573/582/573 584/592/584 583/591/583
f 573/582/573 574/442/574 585/444/585 584/592/584
f 575/584/575 576/583/576 587/593/587 586/594/586
f 576/583/576 577/585/577 588/595/588 587/593/587
f 577/585/577 578/586/578 589/596/589 588/595/588
f 578/586/578 579/587/579 590/597/590 589/596/589
f 579/587/579 580/588/580 591/598/591 590/597/590
f 580/588/580 581/589/581 592/599/592 591/598/591
f 581/589/581 582/590/582 593/600/593 592/599/592
f 582/590/582 583/591/583 594/601/594 593/600/593
f 583/591/583 584/592/584 595/602/595 594/601/594
f 584/592/584 585/444/585 596/445/596 595/602/595
f 586/594/586 587/593/587 598/603/598 597/604/597
f 587/593/587 588/595/588 599/605/599 598/603/598
f 588/595/588 589/596/589 600/606/600 599/605/599
f 589/596/589 590/597/590 601/607/601 600/606/600
f 590/597/590 591/598/591 602/608/602 601/607/601
f 591/598/591 592/599/592 603/609/603 602/608/602
f 592/599/592 593/600/593 604/610/604 603/609/603
f 593/600/593 594/601/594 605/611/605 604/610/604
f 594/601/594 595/602/595 606/612/606 605/611/605
f 595/602/595 596/445/596 607/446/607 606/612/606
f 597/604/597 598/603/598 609/613/609 608/614/608
f 598/603/598 599/605/599 610/615/610 609/613/609
f 599/605/599 600/606/600 611/616/611 610/615/610
f 600/606/600 601/607/601 612/617/612 611/616/611
f 601/607/601 602/608/602 613/618/613 612/617/612
f 602/608/602 603/609/603 614/619/614 613/618/613
f 603/609/603 604/610/604 615/620/615 614/619/614
f 604/610/604 605/611/605 616/621/616 615/620/615
f 605/611/605 606/612/606 617/622/617 616/621/616
f 606/612/606 607/446/607 618/447/618 617/622/617
f 608/614/608 609/613/609 620/623/620 619/624/619
f 609/613/609 610/615/610 621/625/621 620/623/620
f 610/615/610 611/616/611 622/626/622 621/625/621
f 611/616/611 612/617/612 623/627/623 622/626/622
f 612/617/612 613/618/613 624/628/624 623/627/623
f 613/618/613 614/619/614 625/629/625 624/628/624
f 614/619/614 615/620/615 626/630/626 625/629/625
f 615/620/615 616/621/616 627/631/627 626/630/626
f 616/621/616 617/622/617 628/632/628 627/631/627
f 617/622/617 618/447/618 629/448/629 628/632/628
f 619/624/619 620/623/620 631/633/631 630/634/630
f 620/623/620 621/625/621 632/635/632 631/633/631
f 621/625/621 622/626/622 633/636/633 632/635/632
f 622/626/622 623/627/623 634/637/634 633/636/633
f 623/627/623 624/628/624 635/638/635 634/637/634
f 624/628/624 625/629/625 636/639/636 635/638/635
f 625/629/625 626/630/626 637/640/637 636/639/636
f 626/630/626 627/631/627 638/641/638 637/640/637
f 627/631/627 628/632/628 639/642/639 638/641/638
f 628/632/628 629/448/629 640/449/640 639/642/639
f 630/634/630 631/633/631 642/643/642 641/644/641
f 631/633/631 632/635/632 643/645/643 642/643/642
f 632/635/632 633/636/633 644/646/644 643/645/643
f 633/636/633 634/637/634 645/647/645 644/646/644
f 634/637/634 635/638/635 646/648/646 645/647/645
f 635/638/635 636/639/636 647/649/647 646/648/646
f 636/639/636 637/640/637 648/650/648 647/649/647
f 637/640/637 638/641/638 649/651/649 648/650/648
f 638/641/638 639/642/639 650/652/650 649/651/649
f 639/642/639 640/449/640 651/450/651 650/652/650
f 641/644/641 642/643/642 653/653/653 652/654/652
f 642/643/642 643/645/643 654/655/654 653/653/653
f 643/645/643 644/646/644 655/656/655 654/655/654
f 644/646/644 645/647/645 656/657/656 655/656/655
f 645/647/645 646/648/646 657/658/657 656/657/656
f 646/648/646 647/649/647 658/659/658 657/658/657
f 647/649/647 648/650/648 659/660/659 658/659/658
f 648/650/648 649/651/649 660/661/660 659/660/659
f 649/651/649 650/652/650 661/662/661 660/661/660
f 650/652/650 651/450/651 662/451/662 661/662/661
f 652/654/652 653/653/653 465/474/465 454/473/454
f 653/653/653 654/655/654 476/485/476 465/474/465
f 654/655/654 655/656/655 487/496/487 476/485/476
f 655/656/655 656/657/656 498/507/498 487/496/487
f 656/657/656 657/658/657 509/518/509 498/507/498
f 657/658/657 658/659/658 520/529/520 509/518/509
f 658/659/658 659/660/659 531/540/531 520/529/520
f 659/660/659 660/661/660 542/551/542 531/540/531
f 660/661/660 661/662/661 553/562/553 542/551/542
f 661/662/661 662/451/662 444/452/444 553/562/553
f 663/663/663 666/664/666 677/665/677 676/666/676
f 666/664/666 667/667/667 678/668/678 677/665/677
f 667/667/667 668/669/668 679/670/679 678/668/678
f 668/669/668 669/671/669 680/672/680 679/670/679
f 669/671/669 670/673/670 681/674/681 680/672/680
f 670/673/670 671/675/671 682/676/682 681/674/681
f 671/675/671 672/677/672 683/678/683 682/676/682
f 672/677/672 673/679/673 684/680/684 683/678/683
f 673/679/673 674/681/674 685/682/685 684/680/684
f 674/681/674 675/683/675 686/684/686 685/682/685
f 676/666/676 677/665/677 688/685/688 687/686/687
f 677/665/677 678/668/678 689/687/689 688/685/688
f 678/668/678 679/670/679 690/688/690 689/687/689
f 679/670/679 680/672/680 691/689/691 690/688/690
f 680/672/680 681/674/681 692/690/692 691/689/691
f 681/674/681 682/676/682 693/691/693 692/690/692
f 682/676/682 683/678/683 694/692/694 693/691/693
f 683/678/683 684/680/684 695/693/695 694/692/694
f 684/680/684 685/682/685 696/694/696 695/693/695
f 685/682/685 686/684/686 697/695/697 696/694/696
f 687/686/687 688/685/688 699/696/699 698/697/698
f 688/685/688 689/687/689 700/698/700 699/696/699
f 689/687/689 690/688/690 701/699/701 700/698/700
f 690/688/690 691/689/691 702/700/702 701/699/701
f 691/689/691 692/690/692 703/701/703 702/700/702
f 692/690/692 693/691/693 704/702/704 703/701/703
f 693/691/693 694/692/694 705/703/705 704/702/704
f 694/692/694 695/693/695 706/704/706 705/703/705
f 695/693/695 696/694/696 707/705/707 706/704/706
f 696/694/696 697/695/697 708/706/708 707/705/707
f 698/697/698 699/696/699 710/707/710 709/708/709
f 699/696/699 700/698/700 711/709/711 710/707/710
f 700/698/700 701/699/701 712/710/712 711/709/711
f 701/699/701 702/700/702 713/711/713 712/710/712
f 702/700/702 703/701/703 714/712/714 713/711/713
f 703/701/703 704/702/704 715/713/715 714/712/714
f 704/702/704 705/703/705 716/714/716 715/713/715
f 705/703/705 706/704/706 717/715/717 716/714/716
f 706/704/706 707/705/707 718/716/718 717/715/717
f 707/705/707 708/706/708 719/717/719 718/716/718
f 709/708/709 710/707/710 721/718/721 720/719/720
f 710/707/710 711/709/711 722/720/722 721/718/721
f 711/709/711 712/710/712 723/721/723 722/720/722
f 712/710/712 713/711/713 724/722/724 723/721/723
f 713/711/713 714/712/714 725/723/725 724/722/724
f 714/712/714 715/713/715 726/724/726 725/723/725
f 715/713/715 716/714/716 727/725/727 726/724/726
f 716/714/716 717/715/717 728/726/728 727/725/727
f 717/715/717 718/716/718 729/727/729 728/726/728
f 718/716/718 719/717/719 730/728/730 729/727/729
f 720/719/720 721/718/721 732/729/732 731/730/731
f 721/718/721 722/720/722 733/731/733 732/729/732
f 722/720/722 723/721/723 734/732/734 733/731/733
f 723/721/723 724/722/724 735/733/735 734/732/734
f 724/722/724 725/723/725 736/734/736 735/733/735
f 725/723/725 726/724/726 737/735/737 736/734/736
f 726/724/726 727/725/727 738/736/738 737/735/737
f 727/725/727 728/726/728 739/737/739 738/736/738
f 728/726/728 729/727/729 740/738/740 739/737/739
f 729/727/729 730/728/730 741/739/741 740/738/740
f 731/730/731 732/729/732 743/740/743 742/741/742
f 732/729/732 733/731/733 744/742/744 743/740/743
f 733/731/733 734/732/734 745/743/745 744/742/744
f 734/732/734 735/733/735 746/744/746 745/743/745
f 735/733/735 736/734/736 747/745/747 746/744/746
f 736/734/736 737/735/737 748/746/748 747/745/747
f 737/735/737 738/736/738 749/747/749 748/746/748
f 738/736/738 739/737/739 750/748/750 749/747/749
f 739/737/739 740/738/740 751/749/751 750/748/750
f 740/738/740 741/739/741 752/750/752 751/749/751
f 742/741/742 743/740/743 754/751/754 753/752/753
f 743/740/743 744/742/744 755/753/755 754/751/754
f 744/742/744 745/743/745 756/754/756 755/753/755
f 745/743/745 746/744/746 757/755/757 756/754/756
f 746/744/746 747/745/747 758/756/758 757/755/757
f 747/745/747 748/746/748 759/757/759 758/756/758
f 748/746/748 749/747/749 760/758/760 759/757/759
f 749/747/749 750/748/750 761/759/761 760/758/760
f 750/748/750 751/749/751 762/760/762 761/759/761
f 751/749/751 752/750/752 763/761/763 762/760/762
f 753/752/753 754/751/754 765/762/765 764/763/764
f 754/751/754 755/753/755 766/764/766 765/762/765
f 755/753/755 756/754/756 767/765/767 766/764/766
f 756/754/756 757/755/757 768/766/768 767/765/767
f 757/755/757 758/756/758 769/767/769 768/766/768
f 758/756/758 759/757/759 770/768/770 769/767/769
f 759/757/759 760/758/760 771/769/771 770/768/770
f 760/758/760 761/759/761 772/770/772 771/769/771
f 761/759/761 762/760/762 773/771/773 772/770/772
f 762/760/762 763/761/763 774/772/774 773/771/773
f 764/763/764 765/762/765 905/773/905 894/774/894
f 765/762/765 766/764/766 916/775/916 905/773/905
f 766/764/766 767/765/767 927/776/927 916/775/916
f 767/765/767 768/766/768 938/777/938 927/776/927
f 768/766/768 769/767/769 949/778/949 938/777/938
f 769/767/769 770/768/770 960/779/960 949/778/949
f 770/768/770 771/769/771 971/780/971 960/779/960
f 771/769/771 772/770/772 982/781/982 971/780/971
f 772/770/772 773/771/773 993/782/993 982/781/982
f 773/771/773 774/772/774 775/783/775 993/782/993
f 664/784/664 776/785/776 787/786/787 786/787/786
f 776/785/776 777/788/777 788/789/788 787/786/787
f 777/788/777 778/790/778 789/791/789 788/789/788
f 778/790/778 779/792/779 790/793/790 789/791/789
f 779/792/779 780/794/780 791/795/791 790/793/790
f 780/794/780 781/796/781 792/797/792 791/795/791
f 781/796/781 782/798/782 793/799/793 792/797/792
f 782/798/782 783/800/783 794/801/794 793/799/793
f 783/800/783 784/802/784 795/803/795 794/801/794
f 784/802/784 785/804/785 796/805/796 795/803/795
f 786/787/786 787/786/787 798/806/798 797/807/797
f 787/786/787 788/789/788 799/808/799 798/806/798
f 788/789/788 789/791/789 800/809/800 799/808/799
f 789/791/789 790/793/790 801/810/801 800/809/800
f 790/793/790 791/795/791 802/811/802 801/810/801
f 791/795/791 792/797/792 803/812/803 802/811/802
f 792/797/792 793/799/793 804/813/804 803/812/803
f 793/799/793 794/801/794 805/814/805 804/813/804
f 794/801/794 795/803/795 806/815/806 805/814/805
f 795/803/795 796/805/796 807/816/807 806/815/806
f 797/807/797 798/806/798 809/817/809 808/818/808
f 798/806/798 799/808/799 810/819/810 809/817/809
f 799/808/799 800/809/800 811/820/811 810/819/810
f 800/809/800 801/810/801 812/821/812 811/820/811
f 801/810/801 802/811/802 813/822/813 812/821/812
f 802/811/802 803/812/803 814/823/814 813/822/813
f 803/812/803 804/813/804 815/824/815 814/823/814
f 804/813/804 805/814/805 816/825/816 815/824/815
f 805/814/805 806/815/806 817/826/817 816/825/816
f 806/815/806 807/816/807 818/827/818 817/826/817
f 808/818/808 809/817/809 820/828/820 819/829/819
f 809/817/809 810/819/810 821/830/821 820/828/820
f 810/819/810 811/820/811 822/831/822 821/830/821
f 811/820/811 812/821/812 823/832/823 822/831/822
f 812/821/812 813/822/813 824/833/824 823/832/823
f 813/822/813 814/823/814 825/834/825 824/833/824
f 814/823/814 815/824/815 826/835/826 825/834/825
f 815/824/815 816/825/816 827/836/827 826/835/826
f 816/825/816 817/826/817 828/837/828 827/836/827
f 817/826/817 818/827/818 829/838/829 828/837/828
f 819/829/819 820/828/820 831/839/831 830/840/830
f 820/828/820 821/830/821 832/841/832 831/839/831
f 821/830/821 822/831/822 833/842/833 832/841/832
f 822/831/822 823/832/823 834/843/834 833/842/833
f 823/832/823 824/833/824 835/844/835 834/843/834
f 824/833/824 825/834/825 836/845/836 835/844/835
f 825/834/825 826/835/826 837/846/837 836/845/836
f 826/835/826 827/836/827 838/847/838 837/846/837
f 827/836/827 828/837/828 839/848/839 838/847/838
f 828/837/828 829/838/829 840/849/840 839/848/839
f 830/840/830 831/839/831 842/850/842 841/851/841
f 831/839/831 832/841/832 843/852/843 842/850/842
f 832/841/832 833/842/833 844/853/844 843/852/843
f 833/842/833 834/843/834 845/854/845 844/853/844
f 834/843/834 835/844/835 846/855/846 845/854/845
f 835/844/835 836/845/836 847/856/847 846/855/846
f 836/845/836 837/846/837 848/857/848 847/856/847
f 837/846/837 838/847/838 849/858/849 848/857/848
f 838/847/838 839/848/839 850/859/850 849/858/849
f 839/848/839 840/849/840 851/860/851 850/859/850
f 841/851/841 842/850/842 853/861/853 852/862/852
f 842/850/842 843/852/843 854/863/854 853/861/853
f 843/852/843 844/853/844 855/864/855 854/863/854
f 844/853/844 845/854/845 856/865/856 855/864/855
f 845/854/845 846/855/846 857/866/857 856/865/856
f 846/855/846 847/856/847 858/867/858 857/866/857
f 847/856/847 848/857/848 859/868/859 858/867/858
f 848/857/848 849/858/849 860/869/860 859/868/859
f 849/858/849 850/859/850 861/870/861 860/869/860
f 850/859/850 851/860/851 862/871/862 861/870/861
f 852/862/852 853/861/853 864/872/864 863/873/863
f 853/861/853 854/863/854 865/874/865 864/872/864
f 854/863/854 855/864/855 866/875/866 865/874/865
f 855/864/855 856/865/856 867/876/867 866/875/866
f 856/865/856 857/866/857 868/877/868 867/876/867
f 857/866/857 858/867/858 869/878/869 868/877/868
f 858/867/858 859/868/859 870/879/870 869/878/869
f 859/868/859 860/869/860 871/880/871 870/879/870
f 860/869/860 861/870/861 872/881/872 871/880/871
f 861/870/861 862/871/862 873/882/873 872/881/872
f 863/873/863 864/872/864 875/883/875 874/884/874
f 864/872/864 865/874/865 876/885/876 875/883/875
f 865/874/865 866/875/866 877/886/877 876/885/876
f 866/875/866 867/876/867 878/887/878 877/886/877
f 867/876/867 868/877/868 879/888/879 878/887/878
f 868/877/868 869/878/869 880/889/880 879/888/879
f 869/878/869 870/879/870 881/890/881 880/889/880
f 870/879/870 871/880/871 882/891/882 881/890/881
f 871/880/871 872/881/872 883/892/883 882/891/882
f 872/881/872 873/882/873 884/893/884 883/892/883
f 874/884/874 875/883/875 686/684/686 675/683/675
f 875/883/875 876/885/876 697/695/697 686/684/686
f 876/885/876 877/886/877 708/706/708 697/695/697
f 877/886/877 878/887/878 719/717/719 708/706/708
f 878/887/878 879/888/879 730/728/730 719/717/719
f 879/888/879 880/889/880 741/739/741 730/728/730
f 880/889/880 881/890/881 752/750/752 741/739/741
f 881/890/881 882/891/882 763/761/763 752/750/752
f 882/891/882 883/892/883 774/772/774 763/761/763
f 883/892/883 884/893/884 775/783/775 774/772/774
f 665/894/665 885/895/885 896/896/896 895/897/895
f 885/895/885 886/898/886 897/899/897 896/896/896
f 886/898/886 887/900/887 898/901/898 897/899/897
f 887/900/887 888/902/888 899/903/899 898/901/898
f 888/902/888 889/904/889 900/905/900 899/903/899
f 889/904/889 890/906/890 901/907/901 900/905/900
f 890/906/890 891/908/891 902/909/902 901/907/901
f 891/908/891 892/910/892 903/911/903 902/909/902
f 892/910/892 893/912/893 904/913/904 903/911/903
f 893/912/893 894/774/894 905/773/905 904/913/904
f 895/897/895 896/896/896 907/914/907 906/915/906
f 896/896/896 897/899/897 908/916/908 907/914/907
f 897/899/897 898/901/898 909/917/909 908/916/908
f 898/901/898 899/903/899 910/918/910 909/917/909
f 899/903/899 900/905/900 911/919/911 910/918/910
f 900/905/900 901/907/901 912/920/912 911/919/911
f 901/907/901 902/909/902 913/921/913 912/920/912
f 902/909/902 903/911/903 914/922/914 913/921/913
f 903/911/903 904/913/904 915/923/915 914/922/914
f 904/913/904 905/773/905 916/775/916 915/923/915
f 906/915/906 907/914/907 918/924/918 917/925/917
f 907/914/907 908/916/908 919/926/919 918/924/918
f 908/916/908 909/917/909 920/927/920 919/926/919
f 909/917/909 910/918/910 921/928/921 920/927/920
f 910/918/910 911/919/911 922/929/922 921/928/921
f 911/919/911 912/920/912 923/930/923 922/929/922
f 912/920/912 913/921/913 924/931/924 923/930/923
f 913/921/913 914/922/914 925/932/925 924/931/924
f 914/922/914 915/923/915 926/933/926 925/932/925
f 915/923/915 916/775/916 927/776/927 926/933/926
f 917/925/917 918/924/918 929/934/929 928/935/928
f 918/924/918 919/926/919 930/936/930 929/934/929
f 919/926/919 920/927/920 931/937/931 930/936/930
f 920/927/920 921/928/921 932/938/932 931/937/931
f 921/928/921 922/929/922 933/939/933 932/938/932
f 922/929/922 923/930/923 934/940/934 933/939/933
f 923/930/923 924/931/924 935/941/935 934/940/934
f 924/931/924 925/932/925 936/942/936 935/941/935
f 925/932/925 926/933/926 937/943/937 936/942/936
f 926/933/926 927/776/927 938/777/938 937/943/937
f 928/935/928 929/934/929 940/944/940 939/945/939
f 929/934/929 930/936/930 941/946/941 940/944/940
f 930/936/930 931/937/931 942/947/942 941/946/941
f 931/937/931 932/938/932 943/948/943 942/947/942
f 932/938/932 933/939/933 944/949/944 943/948/943
f 933/939/933 934/940/934 945/950/945 944/949/944
f 934/940/934 935/941/935 946/951/946 945/950/945
f 935/941/935 936/942/936 947/952/947 946/951/946
f 936/942/936 937/943/937 948/953/948 947/952/947
f 937/943/937 938/777/938 949/778/949 948/953/948
f 939/945/939 940/944/940 951/954/951 950/955/950
f 940/944/940 941/946/941 952/956/952 951/954/951
f 941/946/941 942/947/942 953/957/953 952/956/952
f 942/947/942 943/948/943 954/958/954 953/957/953
f 943/948/943 944/949/944 955/959/955 954/958/954
f 944/949/944 945/950/945 956/960/956 955/959/955
f 945/950/945 946/951/946 957/961/957 956/960/956
f 946/951/946 947/952/947 958/962/958 957/961/957
f 947/952/947 948/953/948 959/963/959 958/962/958
f 948/953/948 949/778/949 960/779/960 959/963/959
f 950/955/950 951/954/951 962/964/962 961/965/961
f 951/954/951 952/956/952 963/966/963 962/964/962
f 952/956/952 953/957/953 964/967/964 963/966/963
f 953/957/953 954/958/954 965/968/965 964/967/964
f 954/958/954 955/959/955 966/969/966 965/968/965
f 955/959/955 956/960/956 967/970/967 966/969/966
f 956/960/956 957/961/957 968/971/968 967/970/967
f 957/961/957 958/962/958 969/972/969 968/971/968
f 958/962/958 959/963/959 970/973/970 969/972/969
f 959/963/959 960/779/960 971/780/971 970/973/970
f 961/965/961 962/964/962 973/974/973 972/975/972
f 962/964/962 963/966/963 974/976/974 973/974/973
f 963/966/963 964/967/964 975/977/975 974/976/974
f 964/967/964 965/968/965 976/978/976 975/977/975
f 965/968/965 966/969/966 977/979/977 976/978/976
f 966/969/966 967/970/967 978/980/978 977/979/977
f 967/970/967 968/971/968 979/981/979 978/980/978
f 968/971/968 969/972/969 980/982/980 979/981/979
f 969/972/969 970/973/970 981/983/981 980/982/980
f 970/973/970 971/780/971 982/781/982 981/983/981
f 972/975/972 973/974/973 984/984/984 983/985/983
f 973/974/973 974/976/974 985/986/985 984/984/984
f 974/976/974 975/977/975 986/987/986 985/986/985
f 975/977/975 976/978/976 987/988/987 986/987/986
f 976/978/976 977/979/977 988/989/988 987/988/987
f 977/979/977 978/980/978 989/990/989 988/989/988
f 978/980/978 979/981/979 990/991/990 989/990/989
f 979/981/979 980/982/980 991/992/991 990/991/990
f 980/982/980 981/983/981 992/993/992 991/992/991
f 981/983/981 982/781/982 993/782/993 992/993/992
f 983/985/983 984/984/984 796/805/796 785/804/785
f 984/984/984 985/986/985 807/816/807 796/805/796
f 985/986/985 986/987/986 818/827/818 807/816/807
f 986/987/986 987/988/987 829/838/829 818/827/818
f 987/988/987 988/989/988 840/849/840 829/838/829
f 988/989/988 989/990/989 851/860/851 840/849/840
f 989/990/989 990/991/990 862/871/862 851/860/851
f 990/991/990 991/992/991 873/882/873 862/871/862
f 991/992/991 992/993/992 884/893/884 873/882/873
f 992/993/992 993/782/993 775/783/775 884/893/884
f 994/994/994 997/995/997 1008/996/1008 1007/997/1007
f 997/995/997 998/998/998 1009/999/1009 1008/996/1008
f 998/998/998 999/1000/999 1010/1001/1010 1009/999/1009
f 999/1000/999 1000/1002/1000 1011/1003/1011 1010/1001/1010
f 1000/1002/1000 1001/1004/1001 1012/1005/1012 1011/1003/1011
f 1001/1004/1001 1002/1006/1002 1013/1007/1013 1012/1005/1012
f 1002/1006/1002 1003/1008/1003 1014/1009/1014 1013/1007/1013
f 1003/1008/1003 1004/1010/1004 1015/1011/1015 1014/1009/1014
f 1004/1010/1004 1005/1012/1005 1016/1013/1016 1015/1011/1015
f 1005/1012/1005 1006/1014/1006 1017/1015/1017 1016/1013/1016
f 1007/997/1007 1008/996/1008 1019/1016/1019 1018/1017/1018
f 1008/996/1008 1009/999/1009 1020/1018/1020 1019/1016/1019
f 1009/999/1009 1010/1001/1010 1021/1019/1021 1020/1018/1020
f 1010/1001/1010 1011/1003/1011 1022/1020/1022 1021/1019/1021
f 1011/1003/1011 1012/1005/1012 1023/1021/1023 1022/1020/1022
f 1012/1005/1012 1013/1007/1013 1024/1022/1024 1023/1021/1023
f 1013/1007/1013 1014/1009/1014 1025/1023/1025 1024/1022/1024
f 1014/1009/1014 1015/1011/1015 1026/1024/1026 1025/1023/1025
f 1015/1011/1015 1016/1013/1016 1027/1025/1027 1026/1024/1026
f 1016/1013/1016 1017/1015/1017 1028/1026/1028 1027/1025/1027
f 1018/1017/1018 1019/1016/1019 1030/1027/1030 1029/1028/1029
f 1019/1016/1019 1020/1018/1020 1031/1029/1031 1030/1027/1030
f 1020/1018/1020 1021/1019/1021 1032/1030/1032 1031/1029/1031
f 1021/1019/1021 1022/1020/1022 1033/1031/1033 1032/1030/1032
f 1022/1020/1022 1023/1021/1023 1034/1032/1034 1033/1031/1033
f 1023/1021/1023 1024/1022/1024 1035/1033/1035 1034/1032/1034
f 1024/1022/1024 1025/1023/1025 1036/1034/1036 1035/1033/1035
f 1025/1023/1025 1026/1024/1026 1037/1035/1037 1036/1034/1036
f 1026/1024/1026 1027/1025/1027 1038/1036/1038 1037/1035/1037
f 1027/1025/1027 1028/1026/1028 1039/1037/1039 1038/1036/1038
f 1029/1028/1029 1030/1027/1030 1041/1038/1041 1040/1039/1040
f 1030/1027/1030 1031/1029/1031 1042/1040/1042 1041/1038/1041
f 1031/1029/1031 1032/1030/1032 1043/1041/1043 1042/1040/1042
f 1032/1030/1032 1033/1031/1033 1044/1042/1044 1043/1041/1043
f 1033/1031/1033 1034/1032/1034 1045/1043/1045 1044/1042/1044
f 1034/1032/1034 1035/1033/1035 1046/1044/1046 1045/1043/1045
f 1035/1033/1035 1036/1034/1036 1047/1045/1047 1046/1044/1046
f 1036/1034/1036 1037/1035/1037 1048/1046/1048 1047/1045/1047
f 1037/1035/1037 1038/1036/1038 1049/1047/1049 1048/1046/1048
f 1038/1036/1038 1039/1037/1039 1050/1048/1050 1049/1047/1049
f 1040/1039/1040 1041/1038/1041 1052/1049/1052 1051/1050/1051
f 1041/1038/1041 1042/1040/1042 1053/1051/1053 1052/1049/1052
f 1042/1040/1042 1043/1041/1043 1054/1052/1054 1053/1051/1053
f 1043/1041/1043 1044/1042/1044 1055/1053/1055 1054/1052/1054
f 1044/1042/1044 1045/1043/1045 1056/1054/1056 1055/1053/1055
f 1045/1043/1045 1046/1044/1046 1057/1055/1057 1056/1054/1056
f 1046/1044/1046 1047/1045/1047 1058/1056/1058 1057/1055/1057
f 1047/1045/1047 1048/1046/1048 1059/1057/1059 1058/1056/1058
f 1048/1046/1048 1049/1047/1049 1060/1058/1060 1059/1057/1059
f 1049/1047/1049 1050/1048/1050 1061/1059/1061 1060/1058/1060
f 1051/1050/1051 1052/1049/1052 1063/1060/1063 1062/1061/1062
f 1052/1049/1052 1053/1051/1053 1064/1062/1064 1063/1060/1063
f 1053/1051/1053 1054/1052/1054 1065/1063/1065 1064/1062/1064
f 1054/1052/1054 1055/1053/1055 1066/1064/1066 1065/1063/1065
f 1055/1053/1055 1056/1054/1056 1067/1065/1067 1066/1064/1066
f 1056/1054/1056 1057/1055/1057 1068/1066/1068 1067/1065/1067
f 1057/1055/1057 1058/1056/1058 1069/1067/1069 1068/1066/1068
f 1058/1056/1058 1059/1057/1059 1070/1068/1070 1069/1067/1069
f 1059/1057/1059 1060/1058/1060 1071/1069/1071 1070/1068/1070
f 1060/1058/1060 1061/1059/1061 1072/1070/1072 1071/1069/1071
f 1062/1061/1062 1063/1060/1063 1074/1071/1074 1073/1072/1073
f 1063/1060/1063 1064/1062/1064 1075/1073/1075 1074/1071/1074
f 1064/1062/1064 1065/1063/1065 1076/1074/1076 1075/1073/1075
f 1065/1063/1065 1066/1064/1066 1077/1075/1077 1076/1074/1076
f 1066/1064/1066 1067/1065/1067 1078/1076/1078 1077/1075/1077
f 1067/1065/1067 1068/1066/1068 1079/1077/1079 1078/1076/1078
f 1068/1066/1068 1069/1067/1069 1080/1078/1080 1079/1077/1079
f 1069/1067/1069 1070/1068/1070 1081/1079/1081 1080/1078/1080
f 1070/1068/1070 1071/1069/1071 1082/1080/1082 1081/1079/1081
f 1071/1069/1071 1072/1070/1072 1083/1081/1083 1082/1080/1082
f 1073/1072/1073 1074/1071/1074 1085/1082/1085 1084/1083/1084
f 1074/1071/1074 1075/1073/1075 1086/1084/1086 1085/1082/1085
f 1075/1073/1075 1076/1074/1076 1087/1085/1087 1086/1084/1086
f 1076/1074/1076 1077/1075/1077 1088/1086/1088 1087/1085/1087
f 1077/1075/1077 1078/1076/1078 1089/1087/1089 1088/1086/1088
f 1078/1076/1078 1079/1077/1079 1090/1088/1090 1089/1087/1089
f 1079/1077/1079 1080/1078/1080 1091/1089/1091 1090/1088/1090
f 1080/1078/1080 1081/1079/1081 1092/1090/1092 1091/1089/1091
f 1081/1079/1081 1082/1080/1082 1093/1091/1093 1092/1090/1092
f 1082/1080/1082 1083/1081/1083 1094/1092/1094 1093/1091/1093
f 1084/1083/1084 1085/1082/1085 1096/1093/1096 1095/1094/1095
f 1085/1082/1085 1086/1084/1086 1097/1095/1097 1096/1093/1096
f 1086/1084/1086 1087/1085/1087 1098/1096/1098 1097/1095/1097
f 1087/1085/1087 1088/1086/1088 1099/1097/1099 1098/1096/1098
f 1088/1086/1088 1089/1087/1089 1100/1098/1100 1099/1097/1099
f 1089/1087/1089 1090/1088/1090 1101/1099/1101 1100/1098/1100
f 1090/1088/1090 1091/1089/1091 1102/1100/1102 1101/1099/1101
f 1091/1089/1091 1092/1090/1092 1103/1101/1103 1102/1100/1102
f 1092/1090/1092 1093/1091/1093 1104/1102/1104 1103/1101/1103
f 1093/1091/1093 1094/1092/1094 1105/1103/1105 1104/1102/1104
f 1095/1094/1095 1096/1093/1096 1236/1104/1236 1225/1105/1225
f 1096/1093/1096 1097/1095/1097 1247/1106/1247 1236/1104/1236
f 1097/1095/1097 1098/1096/1098 1258/1107/1258 1247/1106/1247
f 1098/1096/1098 1099/1097/1099 1269/1108/1269 1258/1107/1258
f 1099/1097/1099 1100/1098/1100 1280/1109/1280 1269/1108/1269
f 1100/1098/1100 1101/1099/1101 1291/1110/1291 1280/1109/1280
f 1101/1099/1101 1102/1100/1102 1302/1111/1302 1291/1110/1291
f 1102/1100/1102 1103/1101/1103 1313/1112/1313 1302/1111/1302
f 1103/1101/1103 1104/1102/1104 1324/1113/1324 1313/1112/1313
f 1104/1102/1104 1105/1103/1105 1106/1114/1106 1324/1113/1324
f 995/1115/995 1107/1116/1107 1118/1117/1118 1117/1118/1117
f 1107/1116/1107 1108/1119/1108 1119/1120/1119 1118/1117/1118
f 1108/1119/1108 1109/1121/1109 1120/1122/1120 1119/1120/1119
f 1109/1121/1109 1110/1123/1110 1121/1124/1121 1120/1122/1120
f 1110/1123/1110 1111/1125/1111 1122/1126/1122 1121/1124/1121
f 1111/1125/1111 1112/1127/1112 1123/1128/1123 1122/1126/1122
f 1112/1127/1112 1113/1129/1113 1124/1130/1124 1123/1128/1123
f 1113/1129/1113 1114/1131/1114 1125/1132/1125 1124/1130/1124
f 1114/1131/1114 1115/1133/1115 1126/1134/1126 1125/1132/1125
f 1115/1133/1115 1116/1135/1116 1127/1136/1127 1126/1134/1126
f 1117/1118/1117 1118/1117/1118 1129/1137/1129 1128/1138/1128
f 1118/1117/1118 1119/1120/1119 1130/1139/1130 1129/1137/1129
f 1119/1120/1119 1120/1122/1120 1131/1140/1131 1130/1139/1130
f 1120/1122/1120 1121/1124/1121 1132/1141/1132 1131/1140/1131
f 1121/1124/1121 1122/1126/1122 1133/1142/1133 1132/1141/1132
f 1122/1126/1122 1123/1128/1123 1134/1143/1134 1133/1142/1133
f 1123/1128/1123 1124/1130/1124 1135/1144/1135 1134/1143/1134
f 1124/1130/1124 1125/1132/1125 1136/1145/1136 1135/1144/1135
f 1125/1132/1125 1126/1134/1126 1137/1146/1137 1136/1145/1136
f 1126/1134/1126 1127/1136/1127 1138/1147/1138 1137/1146/1137
f 1128/1138/1128 1129/1137/1129 1140/1148/1140 1139/1149/1139
f 1129/1137/1129 1130/1139/1130 1141/1150/1141 1140/1148/1140
f 1130/1139/1130 1131/1140/1131 1142/1151/1142 1141/1150/1141
f 1131/1140/1131 1132/1141/1132 1143/1152/1143 1142/1151/1142
f 1132/1141/1132 1133/1142/1133 1144/1153/1144 1143/1152/1143
f 1133/1142/1133 1134/1143/1134 1145/1154/1145 1144/1153/1144
f 1134/1143/1134 1135/1144/1135 1146/1155/1146 1145/1154/1145
f 1135/1144/1135 1136/1145/1136 1147/1156/1147 1146/1155/1146
f 1136/1145/1136 1137/1146/1137 1148/1157/1148 1147/1156/1147
f 1137/1146/1137 1138/1147/1138 1149/1158/1149 1148/1157/1148
f 1139/1149/1139 1140/1148/1140 1151/1159/1151 1150/1160/1150
f 1140/1148/1140 1141/1150/1141 1152/1161/1152 1151/1159/1151
f 1141/1150/1141 1142/1151/1142 1153/1162/1153 1152/1161/1152
f 1142/1151/1142 1143/1152/1143 1154/1163/1154 1153/1162/1153
f 1143/1152/1143 1144/1153/1144 1155/1164/1155 1154/1163/1154
f 1144/1153/1144 1145/1154/1145 1156/1165/1156 1155/1164/1155
f 1145/1154/1145 1146/1155/1146 1157/1166/1157 1156/1165/1156
f 1146/1155/1146 1147/1156/1147 1158/1167/1158 1157/1166/1157
f 1147/1156/1147 1148/1157/1148 1159/1168/1159 1158/1167/1158
f 1148/1157/1148 1149/1158/1149 1160/1169/1160 1159/1168/1159
f 1150/1160/1150 1151/1159/1151 1162/1170/1162 1161/1171/1161
f 1151/1159/1151 1152/1161/1152 1163/1172/1163 1162/1170/1162
f 1152/1161/1152 1153/1162/1153 1164/1173/1164 1163/1172/1163
f 1153/1162/1153 1154/1163/1154 1165/1174/1165 1164/1173/1164
f 1154/1163/1154 1155/1164/1155 1166/1175/1166 1165/1174/1165
f 1155/1164/1155 1156/1165/1156 1167/1176/1167 1166/1175/1166
f 1156/1165/1156 1157/1166/1157 1168/1177/1168 1167/1176/1167
f 1157/1166/1157 1158/1167/1158 1169/1178/1169 1168/1177/1168
f 1158/1167/1158 1159/1168/1159 1170/1179/1170 1169/1178/1169
f 1159/1168/1159 1160/1169/1160 1171/1180/1171 1170/1179/1170
f 1161/1171/1161 1162/1170/1162 1173/1181/1173 1172/1182/1172
f 1162/1170/1162 1163/1172/1163 1174/1183/1174 1173/1181/1173
f 1163/1172/1163 1164/1173/1164 1175/1184/1175 1174/1183/1174
f 1164/1173/1164 1165/1174/1165 1176/1185/1176 1175/1184/1175
f 1165/1174/1165 1166/1175/1166 1177/1186/1177 1176/1185/1176
f 1166/1175/1166 1167/1176/1167 1178/1187/1178 1177/1186/1177
f 1167/1176/1167 1168/1177/1168 1179/1188/1179 1178/1187/1178
f 1168/1177/1168 1169/1178/1169 1180/1189/1180 1179/1188/1179
f 1169/1178/1169 1170/1179/1170 1181/1190/1181 1180/1189/1180
f 1170/1179/1170 1171/1180/1171 1182/1191/1182 1181/1190/1181
f 1172/1182/1172 1173/1181/1173 1184/1192/1184 1183/1193/1183
f 1173/1181/1173 1174/1183/1174 1185/1194/1185 1184/1192/1184
f 1174/1183/1174 1175/1184/1175 1186/1195/1186 1185/1194/1185
f 1175/1184/1175 1176/1185/1176 1187/1196/1187 1186/1195/1186
f 1176/1185/1176 1177/1186/1177 1188/1197/1188 1187/1196/1187
f 1177/1186/1177 1178/1187/1178 1189/1198/1189 1188/1197/1188
f 1178/1187/1178 1179/1188/1179 1190/1199/1190 1189/1198/1189
f 1179/1188/1179 1180/1189/1180 1191/1200/1191 1190/1199/1190
f 1180/1189/1180 1181/1190/1181 1192/1201/1192 1191/1200/1191
f 1181/1190/1181 1182/1191/1182 1193/1202/1193 1192/1201/1192
f 1183/1193/1183 1184/1192/1184 1195/1203/1195 1194/1204/1194
f 1184/1192/1184 1185/1194/1185 1196/1205/1196 1195/1203/1195
f 1185/1194/1185 1186/1195/1186 1197/1206/1197 1196/1205/1196
f 1186/1195/1186 1187/1196/1187 1198/1207/1198 1197/1206/1197
f 1187/1196/1187 1188/1197/1188 1199/1208/1199 1198/1207/1198
f 1188/1197/1188 1189/1198/1189 1200/1209/1200 1199/1208/1199
f 1189/1198/1189 1190/1199/1190 1201/1210/1201 1200/1209/1200
f 1190/1199/1190 1191/1200/1191 1202/1211/1202 1201/1210/1201
f 1191/1200/1191 1192/1201/1192 1203/1212/1203 1202/1211/1202
f 1192/1201/1192 1193/1202/1193 1204/1213/1204 1203/1212/1203
f 1194/1204/1194 1195/1203/1195 1206/1214/1206 1205/1215/1205
f 1195/1203/1195 1196/1205/1196 1207/1216/1207 1206/1214/1206
f 1196/1205/1196 1197/1206/1197 1208/1217/1208 1207/1216/1207
f 1197/1206/1197 1198/1207/1198 1209/1218/1209 1208/1217/1208
f 1198/1207/1198 1199/1208/1199 1210/1219/1210 1209/1218/1209
f 1199/1208/1199 1200/1209/1200 1211/1220/1211 1210/1219/1210
f 1200/1209/1200 1201/1210/1201 1212/1221/1212 1211/1220/1211
f 1201/1210/1201 1202/1211/1202 1213/1222/1213 1212/1221/1212
f 1202/1211/1202 1203/1212/1203 1214/1223/1214 1213/1222/1213
f 1203/1212/1203 1204/1213/1204 1215/1224/1215 1214/1223/1214
f 1205/1215/1205 1206/1214/1206 1017/1015/1017 1006/1014/1006
f 1206/1214/1206 1207/1216/1207 1028/1026/1028 1017/1015/1017
f 1207/1216/1207 1208/1217/1208 1039/1037/1039 1028/1026/1028
f 1208/1217/1208 1209/1218/1209 1050/1048/1050 1039/1037/1039
f 1209/1218/1209 1210/1219/1210 1061/1059/1061 1050/1048/1050
f 1210/1219/1210 1211/1220/1211 1072/1070/1072 1061/1059/1061
f 1211/1220/1211 1212/1221/1212 1083/1081/1083 1072/1070/1072
f 1212/1221/1212 1213/1222/1213 1094/1092/1094 1083/1081/1083
f 1213/1222/1213 1214/1223/1214 1105/1103/1105 1094/1092/1094
f 1214/1223/1214 1215/1224/1215 1106/1114/1106 1105/1103/1105
f 996/1225/996 1216/1226/1216 1227/1227/1227 1226/1228/1226
f 1216/1226/1216 1217/1229/1217 1228/1230/1228 1227/1227/1227
f 1217/1229/1217 1218/1231/1218 1229/1232/1229 1228/1230/1228
f 1218/1231/1218 1219/1233/1219 1230/1234/1230 1229/1232/1229
f 1219/1233/1219 1220/1235/1220 1231/1236/1231 1230/1234/1230
f 1220/1235/1220 1221/1237/1221 1232/1238/1232 1231/1236/1231
f 1221/1237/1221 1222/1239/1222 1233/1240/1233 1232/1238/1232
f 1222/1239/1222 1223/1241/1223 1234/1242/1234 1233/1240/1233
f 1223/1241/1223 1224/1243/1224 1235/1244/1235 1234/1242/1234
f 1224/1243/1224 1225/1105/1225 1236/1104/1236 1235/1244/1235
f 1226/1228/1226 1227/1227/1227 1238/1245/1238 1237/1246/1237
f 1227/1227/1227 1228/1230/1228 1239/1247/1239 1238/1245/1238
f 1228/1230/1228 1229/1232/1229 1240/1248/1240 1239/1247/1239
f 1229/1232/1229 1230/1234/1230 1241/1249/1241 1240/1248/1240
f 1230/1234/1230 1231/1236/1231 1242/1250/1242 1241/1249/1241
f 1231/1236/1231 1232/1238/1232 1243/1251/1243 1242/1250/1242
f 1232/1238/1232 1233/1240/1233 1244/1252/1244 1243/1251/1243
f 1233/1240/1233 1234/1242/1234 1245/1253/1245 1244/1252/1244
f 1234/1242/1234 1235/1244/1235 1246/1254/1246 1245/1253/1245
f 1235/1244/1235 1236/1104/1236 1247/1106/1247 1246/1254/1246
f 1237/1246/1237 1238/1245/1238 1249/1255/1249 1248/1256/1248
f 1238/1245/1238 1239/1247/1239 1250/1257/1250 1249/1255/1249
f 1239/1247/1239 1240/1248/1240 1251/1258/1251 1250/1257/1250
f 1240/1248/1240 1241/1249/1241 1252/1259/1252 1251/1258/1251
f 1241/1249/1241 1242/1250/1242 1253/1260/1253 1252/1259/1252
f 1242/1250/1242 1243/1251/1243 1254/1261/1254 1253/1260/1253
f 1243/1251/1243 1244/1252/1244 1255/1262/1255 1254/1261/1254
f 1244/1252/1244 1245/1253/1245 1256/1263/1256 1255/1262/1255
f 1245/1253/1245 1246/1254/1246 1257/1264/1257 1256/1263/1256
f 1246/1254/1246 1247/1106/1247 1258/1107/1258 1257/1264/1257
f 1248/1256/1248 1249/1255/1249 1260/1265/1260 1259/1266/1259
f 1249/1255/1249 1250/1257/1250 1261/1267/1261 1260/1265/1260
f 1250/1257/1250 1251/1258/1251 1262/1268/1262 1261/1267/1261
f 1251/1258/1251 1252/1259/1252 1263/1269/1263 1262/1268/1262
f 1252/1259/1252 1253/1260/1253 1264/1270/1264 1263/1269/1263
f 1253/1260/1253 1254/1261/1254 1265/1271/1265 1264/1270/1264
f 1254/1261/1254 1255/1262/1255 1266/1272/1266 1265/1271/1265
f 1255/1262/1255 1256/1263/1256 1267/1273/1267 1266/1272/1266
f 1256/1263/1256 1257/1264/1257 1268/1274/1268 1267/1273/1267
f 1257/1264/1257 1258/1107/1258 1269/1108/1269 1268/1274/1268
f 1259/1266/1259 1260/1265/1260 1271/1275/1271 1270/1276/1270
f 1260/1265/1260 1261/1267/1261 1272/1277/1272 1271/1275/1271
f 1261/1267/1261 1262/1268/1262 1273/1278/1273 1272/1277/1272
f 1262/1268/1262 1263/1269/1263 1274/1279/1274 1273/1278/1273
f 1263/1269/1263 1264/1270/1264 1275/1280/1275 1274/1279/1274
f 1264/1270/1264 1265/1271/1265 1276/1281/1276 1275/1280/1275
f 1265/1271/1265 1266/1272/1266 1277/1282/1277 1276/1281/1276
f 1266/1272/1266 1267/1273/1267 1278/1283/1278 1277/1282/1277
f 1267/1273/1267 1268/1274/1268 1279/1284/1279 1278/1283/1278
f 1268/1274/1268 1269/1108/1269 1280/1109/1280 1279/1284/1279
f 1270/1276/1270 1271/1275/1271 1282/1285/1282 1281/1286/1281
f 1271/1275/1271 1272/1277/1272 1283/1287/1283 1282/1285/1282
f 1272/1277/1272 1273/1278/1273 1284/1288/1284 1283/1287/1283
f 1273/1278/1273 1274/1279/1274 1285/1289/1285 1284/1288/1284
f 1274/1279/1274 1275/1280/1275 1286/1290/1286 1285/1289/1285
f 1275/1280/1275 1276/1281/1276 1287/1291/1287 1286/1290/1286
f 1276/1281/1276 1277/1282/1277 1288/1292/1288 1287/1291/1287
f 1277/1282/1277 1278/1283/1278 1289/1293/1289 1288/1292/1288
f 1278/1283/1278 1279/1284/1279 1290/1294/1290 1289/1293/1289
f 1279/1284/1279 1280/1109/1280 1291/1110/1291 1290/1294/1290
f 1281/1286/1281 1282/1285/1282 1293/1295/1293 1292/1296/1292
f 1282/1285/1282 1283/1287/1283 1294/1297/1294 1293/1295/1293
f 1283/1287/1283 1284/1288/1284 1295/1298/1295 1294/1297/1294
f 1284/1288/1284 1285/1289/1285 1296/1299/1296 1295/1298/1295
f 1285/1289/1285 1286/1290/1286 1297/1300/1297 1296/1299/1296
f 1286/1290/1286 1287/1291/1287 1298/1301/1298 1297/1300/1297
f 1287/1291/1287 1288/1292/1288 1299/1302/1299 1298/1301/1298
f 1288/1292/1288 1289/1293/1289 1300/1303/1300 1299/1302/1299
f 1289/1293/1289 1290/1294/1290 1301/1304/1301 1300/1303/1300
f 1290/1294/1290 1291/1110/1291 1302/1111/1302 1301/1304/1301
f 1292/1296/1292 1293/1295/1293 1304/1305/1304 1303/1306/1303
f 1293/1295/1293 1294/1297/1294 1305/1307/1305 1304/1305/1304
f 1294/1297/1294 1295/1298/1295 1306/1308/1306 1305/1307/1305
f 1295/1298/1295 1296/1299/1296 1307/1309/1307 1306/1308/1306
f 1296/1299/1296 1297/1300/1297 1308/1310/1308 1307/1309/1307
f 1297/1300/1297 1298/1301/1298 1309/1311/1309 1308/1310/1308
f 1298/1301/1298 1299/1302/1299 1310/1312/1310 1309/1311/1309
f 1299/1302/1299 1300/1303/1300 1311/1313/1311 1310/1312/1310
f 1300/1303/1300 1301/1304/1301 1312/1314/1312 1311/1313/1311
f 1301/1304/1301 1302/1111/1302 1313/1112/1313 1312/1314/1312
f 1303/1306/1303 1304/1305/1304 1315/1315/1315 1314/1316/1314
f 1304/1305/1304 1305/1307/1305 1316/1317/1316 1315/1315/1315
f 1305/1307/1305 1306/1308/1306 1317/1318/1317 1316/1317/1316
f 1306/1308/1306 1307/1309/1307 1318/1319/1318 1317/1318/1317
f 1307/1309/1307 1308/1310/1308 1319/1320/1319 1318/1319/1318
f 1308/1310/1308 1309/1311/1309 1320/1321/1320 1319/1320/1319
f 1309/1311/1309 1310/1312/1310 1321/1322/1321 1320/1321/1320
f 1310/1312/1310 1311/1313/1311 1322/1323/1322 1321/1322/1321
f 1311/1313/1311 1312/1314/1312 1323/1324/1323 1322/1323/1322
f 1312/1314/1312 1313/1112/1313 1324/1113/1324 1323/1324/1323
f 1314/1316/1314 1315/1315/1315 1127/1136/1127 1116/1135/1116
f 1315/1315/1315 1316/1317/1316 1138/1147/1138 1127/1136/1127
f 1316/1317/1316 1317/1318/1317 1149/1158/1149 1138/1147/1138
f 1317/1318/1317 1318/1319/1318 1160/1169/1160 1149/1158/1149
f 1318/1319/1318 1319/1320/1319 1171/1180/1171 1160/1169/1160
f 1319/1320/1319 1320/1321/1320 1182/1191/1182 1171/1180/1171
f 1320/1321/1320 1321/1322/1321 1193/1202/1193 1182/1191/1182
f 1321/1322/1321 1322/1323/1322 1204/1213/1204 1193/1202/1193
f 1322/1323/1322 1323/1324/1323 1215/1224/1215 1204/1213/1204
f 1323/1324/1323 1324/1113/1324 1106/1114/1106 1215/1224/1215
f 1325/1325/1325 1328/1326/1328 1339/1327/1339 1338/1328/1338
f 1328/1326/1328 1329/1329/1329 1340/1330/1340 1339/1327/1339
f 1329/1329/1329 1330/1331/1330 1341/1332/1341 1340/1330/1340
f 1330/1331/1330 1331/1333/1331 1342/1334/1342 1341/1332/1341
f 1331/1333/1331 1332/1335/1332 1343/1336/1343 1342/1334/1342
f 1332/1335/1332 1333/1337/1333 1344/1338/1344 1343/1336/1343
f 1333/1337/1333 1334/1339/1334 1345/1340/1345 1344/1338/1344
f 1334/1339/1334 1335/1341/1335 1346/1342/1346 1345/1340/1345
f 1335/1341/1335 1336/1343/1336 1347/1344/1347 1346/1342/1346
f 1336/1343/1336 1337/1345/1337 1348/1346/1348 1347/1344/1347
f 1338/1328/1338 1339/1327/1339 1350/1347/1350 1349/1348/1349
f 1339/1327/1339 1340/1330/1340 1351/1349/1351 1350/1347/1350
f 1340/1330/1340 1341/1332/1341 1352/1350/1352 1351/1349/1351
f 1341/1332/1341 1342/1334/1342 1353/1351/1353 1352/1350/1352
f 1342/1334/1342 1343/1336/1343 1354/1352/1354 1353/1351/1353
f 1343/1336/1343 1344/1338/1344 1355/1353/1355 1354/1352/1354
f 1344/1338/1344 1345/1340/1345 1356/1354/1356 1355/1353/1355
f 1345/1340/1345 1346/1342/1346 1357/1355/1357 1356/1354/1356
f 1346/1342/1346 1347/1344/1347 1358/1356/1358 1357/1355/1357
f 1347/1344/1347 1348/1346/1348 1359/1357/1359 1358/1356/1358
f 1349/1348/1349 1350/1347/1350 1361/1358/1361 1360/1359/1360
f 1350/1347/1350 1351/1349/1351 1362/1360/1362 1361/1358/1361
f 1351/1349/1351 1352/1350/1352 1363/1361/1363 1362/1360/1362
f 1352/1350/1352 1353/1351/1353 1364/1362/1364 1363/1361/1363
f 1353/1351/1353 1354/1352/1354 1365/1363/1365 1364/1362/1364
f 1354/1352/1354 1355/1353/1355 1366/1364/1366 1365/1363/1365
f 1355/1353/1355 1356/1354/1356 1367/1365/1367 1366/1364/1366
f 1356/1354/1356 1357/1355/1357 1368/1366/1368 1367/1365/1367
f 1357/1355/1357 1358/1356/1358 1369/1367/1369 1368/1366/1368
f 1358/1356/1358 1359/1357/1359 1370/1368/1370 1369/1367/1369
f 1360/1359/1360 1361/1358/1361 1372/1369/1372 1371/1370/1371
f 1361/1358/1361 1362/1360/1362 1373/1371/1373 1372/1369/1372
f 1362/1360/1362 1363/1361/1363 1374/1372/1374 1373/1371/1373
f 1363/1361/1363 1364/1362/1364 1375/1373/1375 1374/1372/1374
f 1364/1362/1364 1365/1363/1365 1376/1374/1376 1375/1373/1375
f 1365/1363/1365 1366/1364/1366 1377/1375/1377 1376/1374/1376
f 1366/1364/1366 1367/1365/1367 1378/1376/1378 1377/1375/1377
f 1367/1365/1367 1368/1366/1368 1379/1377/1379 1378/1376/1378
f 1368/1366/1368 1369/1367/1369 1380/1378/1380 1379/1377/1379
f 1369/1367/1369 1370/1368/1370 1381/1379/1381 1380/1378/1380
f 1371/1370/1371 1372/1369/1372 1383/1380/1383 1382/1381/1382
f 1372/1369/1372 1373/1371/1373 1384/1382/1384 1383/1380/1383
f 1373/1371/1373 1374/1372/1374 1385/1383/1385 1384/1382/1384
f 1374/1372/1374 1375/1373/1375 1386/1384/1386 1385/1383/1385
f 1375/1373/1375 1376/1374/1376 1387/1385/1387 1386/1384/1386
f 1376/1374/1376 1377/1375/1377 1388/1386/1388 1387/1385/1387
f 1377/1375/1377 1378/1376/1378 1389/1387/1389 1388/1386/1388
f 1378/1376/1378 1379/1377/1379 1390/1388/1390 1389/1387/1389
f 1379/1377/1379 1380/1378/1380 1391/1389/1391 1390/1388/1390
f 1380/1378/1380 1381/1379/1381 1392/1390/1392 1391/1389/1391
f 1382/1381/1382 1383/1380/1383 1394/1391/1394 1393/1392/1393
f 1383/1380/1383 1384/1382/1384 1395/1393/1395 1394/1391/1394
f 1384/1382/1384 1385/1383/1385 1396/1394/1396 1395/1393/1395
f 1385/1383/1385 1386/1384/1386 1397/1395/1397 1396/1394/1396
f 1386/1384/1386 1387/1385/1387 1398/1396/1398 1397/1395/1397
f 1387/1385/1387 1388/1386/1388 1399/1397/1399 1398/1396/1398
f 1388/1386/1388 1389/1387/1389 1400/1398/1400 1399/1397/1399
f 1389/1387/1389 1390/1388/1390 1401/1399/1401 1400/1398/1400
f 1390/1388/1390 1391/1389/1391 1402/1400/1402 1401/1399/1401
f 1391/1389/1391 1392/1390/1392 1403/1401/1403 1402/1400/1402
f 1393/1392/1393 1394/1391/1394 1405/1402/1405 1404/1403/1404
f 1394/1391/1394 1395/1393/1395 1406/1404/1406 1405/1402/1405
f 1395/1393/1395 1396/1394/1396 1407/1405/1407 1406/1404/1406
f 1396/1394/1396 1397/1395/1397 1408/1406/1408 1407/1405/1407
f 1397/1395/1397 1398/1396/1398 1409/1407/1409 1408/1406/1408
f 1398/1396/1398 1399/1397/1399 1410/1408/1410 1409/1407/1409
f 1399/1397/1399 1400/1398/1400 1411/1409/1411 1410/1408/1410
f 1400/1398/1400 1401/1399/1401 1412/1410/1412 1411/1409/1411
f 1401/1399/1401 1402/1400/1402 1413/1411/1413 1412/1410/1412
f 1402/1400/1402 1403/1401/1403 1414/1412/1414 1413/1411/1413
f 1404/1403/1404 1405/1402/1405 1416/1413/1416 1415/1414/1415
f 1405/1402/1405 1406/1404/1406 1417/1415/1417 1416/1413/1416
f 1406/1404/1406 1407/1405/1407 1418/1416/1418 1417/1415/1417
f 1407/1405/1407 1408/1406/1408 1419/1417/1419 1418/1416/1418
f 1408/1406/1408 1409/1407/1409 1420/1418/1420 1419/1417/1419
f 1409/1407/1409 1410/1408/1410 1421/1419/1421 1420/1418/1420
f 1410/1408/1410 1411/1409/1411 1422/1420/1422 1421/1419/1421
f 1411/1409/1411 1412/1410/1412 1423/1421/1423 1422/1420/1422
f 1412/1410/1412 1413/1411/1413 1424/1422/1424 1423/1421/1423
f 1413/1411/1413 1414/1412/1414 1425/1423/1425 1424/1422/1424
f 1415/1414/1415 1416/1413/1416 1427/1424/1427 1426/1425/1426
f 1416/1413/1416 1417/1415/1417 1428/1426/1428 1427/1424/1427
f 1417/1415/1417 1418/1416/1418 1429/1427/1429 1428/1426/1428
f 1418/1416/1418 1419/1417/1419 1430/1428/1430 1429/1427/1429
f 1419/1417/1419 1420/1418/1420 1431/1429/1431 1430/1428/1430
f 1420/1418/1420 1421/1419/1421 1432/1430/1432 1431/1429/1431
f 1421/1419/1421 1422/1420/1422 1433/1431/1433 1432/1430/1432
f 1422/1420/1422 1423/1421/1423 1434/1432/1434 1433/1431/1433
f 1423/1421/1423 1424/1422/1424 1435/1433/1435 1434/1432/1434
f 1424/1422/1424 1425/1423/1425 1436/1434/1436 1435/1433/1435
f 1426/1425/1426 1427/1424/1427 1567/1435/1567 1556/1436/1556
f 1427/1424/1427 1428/1426/1428 1578/1437/1578 1567/1435/1567
f 1428/1426/1428 1429/1427/1429 1589/1438/1589 1578/1437/1578
f 1429/1427/1429 1430/1428/1430 1600/1439/1600 1589/1438/1589
f 1430/1428/1430 1431/1429/1431 1611/1440/1611 1600/1439/1600
f 1431/1429/1431 1432/1430/1432 1622/1441/1622 1611/1440/1611
f 1432/1430/1432 1433/1431/1433 1633/1442/1633 1622/1441/1622
f 1433/1431/1433 1434/1432/1434 1644/1443/1644 1633/1442/1633
f 1434/1432/1434 1435/1433/1435 1655/1444/1655 1644/1443/1644
f 1435/1433/1435 1436/1434/1436 1437/1445/1437 1655/1444/1655
f 1326/1446/1326 1438/1447/1438 1449/1448/1449 1448/1449/1448
f 1438/1447/1438 1439/1450/1439 1450/1451/1450 1449/1448/1449
f 1439/1450/1439 1440/1452/1440 1451/1453/1451 1450/1451/1450
f 1440/1452/1440 1441/1454/1441 1452/1455/1452 1451/1453/1451
f 1441/1454/1441 1442/1456/1442 1453/1457/1453 1452/1455/1452
f 1442/1456/1442 1443/1458/1443 1454/1459/1454 1453/1457/1453
f 1443/1458/1443 1444/1460/1444 1455/1461/1455 1454/1459/1454
f 1444/1460/1444 1445/1462/1445 1456/1463/1456 1455/1461/1455
f 1445/1462/1445 1446/1464/1446 1457/1465/1457 1456/1463/1456
f 1446/1464/1446 1447/1466/1447 1458/1467/1458 1457/1465/1457
f 1448/1449/1448 1449/1448/1449 1460/1468/1460 1459/1469/1459
f 1449/1448/1449 1450/1451/1450 1461/1470/1461 1460/1468/1460
f 1450/1451/1450 1451/1453/1451 1462/1471/1462 1461/1470/1461
f 1451/1453/1451 1452/1455/1452 1463/1472/1463 1462/1471/1462
f 1452/1455/1452 1453/1457/1453 1464/1473/1464 1463/1472/1463
f 1453/1457/1453 1454/1459/1454 1465/1474/1465 1464/1473/1464
f 1454/1459/1454 1455/1461/1455 1466/1475/1466 1465/1474/1465
f 1455/1461/1455 1456/1463/1456 1467/1476/1467 1466/1475/1466
f 1456/1463/1456 1457/1465/1457 1468/1477/1468 1467/1476/1467
f 1457/1465/1457 1458/1467/1458 1469/1478/1469 1468/1477/1468
f 1459/1469/1459 1460/1468/1460 1471/1479/1471 1470/1480/1470
f 1460/1468/1460 1461/1470/1461 1472/1481/1472 1471/1479/1471
f 1461/1470/1461 1462/1471/1462 1473/1482/1473 1472/1481/1472
f 1462/1471/1462 1463/1472/1463 1474/1483/1474 1473/1482/1473
f 1463/1472/1463 1464/1473/1464 1475/1484/1475 1474/1483/1474
f 1464/1473/1464 1465/1474/1465 1476/1485/1476 1475/1484/1475
f 1465/1474/1465 1466/1475/1466 1477/1486/1477 1476/1485/1476
f 1466/1475/1466 1467/1476/1467 1478/1487/1478 1477/1486/1477
f 1467/1476/1467 1468/1477/1468 1479/1488/1479 1478/1487/1478
f 1468/1477/1468 1469/1478/1469 1480/1489/1480 1479/1488/1479
f 1470/1480/1470 1471/1479/1471 1482/1490/1482 1481/1491/1481
f 1471/1479/1471 1472/1481/1472 1483/1492/1483 1482/1490/1482
f 1472/1481/1472 1473/1482/1473 1484/1493/1484 1483/1492/1483
f 1473/1482/1473 1474/1483/1474 1485/1494/1485 1484/1493/1484
f 1474/1483/1474 1475/1484/1475 1486/1495/1486 1485/1494/1485
f 1475/1484/1475 1476/1485/1476 1487/1496/1487 1486/1495/1486
f 1476/1485/1476 1477/1486/1477 1488/1497/1488 1487/1496/1487
f 1477/1486/1477 1478/1487/1478 1489/1498/1489 1488/1497/1488
f 1478/1487/1478 1479/1488/1479 1490/1499/1490 1489/1498/1489
f 1479/1488/1479 1480/1489/1480 1491/1500/1491 1490/1499/1490
f 1481/1491/1481 1482/1490/1482 1493/1501/1493 1492/1502/1492
f 1482/1490/1482 1483/1492/1483 1494/1503/1494 1493/1501/1493
f 1483/1492/1483 1484/1493/1484 1495/1504/1495 1494/1503/1494
f 1484/1493/1484 1485/1494/1485 1496/1505/1496 1495/1504/1495
f 1485/1494/1485 1486/1495/1486 1497/1506/1497 1496/1505/1496
f 1486/1495/1486 1487/1496/1487 1498/1507/1498 1497/1506/1497
f 1487/1496/1487 1488/1497/1488 1499/1508/1499 1498/1507/1498
f 1488/1497/1488 1489/1498/1489 1500/1509/1500 1499/1508/1499
f 1489/1498/1489 1490/1499/1490 1501/1510/1501 1500/1509/1500
f 1490/1499/1490 1491/1500/1491 1502/1511/1502 1501/1510/1501
f 1492/1502/1492 1493/1501/1493 1504/1512/1504 1503/1513/1503
f 1493/1501/1493 1494/1503/1494 1505/1514/1505 1504/1512/1504
f 1494/1503/1494 1495/1504/1495 1506/1515/1506 1505/1514/1505
f 1495/1504/1495 1496/1505/1496 1507/1516/1507 1506/1515/1506
f 1496/1505/1496 1497/1506/1497 1508/1517/1508 1507/1516/1507
f 1497/1506/1497 1498/1507/1498 1509/1518/1509 1508/1517/1508
f 1498/1507/1498 1499/1508/1499 1510/1519/1510 1509/1518/1509
f 1499/1508/1499 1500/1509/1500 1511/1520/1511 1510/1519/1510
f 1500/1509/1500 1501/1510/1501 1512/1521/1512 1511/1520/1511
f 1501/1510/1501 1502/1511/1502 1513/1522/1513 1512/1521/1512
f 1503/1513/1503 1504/1512/1504 1515/1523/1515 1514/1524/1514
f 1504/1512/1504 1505/1514/1505 1516/1525/1516 1515/1523/1515
f 1505/1514/1505 1506/1515/1506 1517/1526/1517 1516/1525/1516
f 1506/1515/1506 1507/1516/1507 1518/1527/1518 1517/1526/1517
f 1507/1516/1507 1508/1517/1508 1519/1528/1519 1518/1527/1518
f 1508/1517/1508 1509/1518/1509 1520/1529/1520 1519/1528/1519
f 1509/1518/1509 1510/1519/1510 1521/1530/1521 1520/1529/1520
f 1510/1519/1510 1511/1520/1511 1522/1531/1522 1521/1530/1521
f 1511/1520/1511 1512/1521/1512 1523/1532/1523 1522/1531/1522
f 1512/1521/1512 1513/1522/1513 1524/1533/1524 1523/1532/1523
f 1514/1524/1514 1515/1523/1515 1526/1534/1526 1525/1535/1525
f 1515/1523/1515 1516/1525/1516 1527/1536/1527 1526/1534/1526
f 1516/1525/1516 1517/1526/1517 1528/1537/1528 1527/1536/1527
f 1517/1526/1517 1518/1527/1518 1529/1538/1529 1528/1537/1528
f 1518/1527/1518 1519/1528/1519 1530/1539/1530 1529/1538/1529
f 1519/1528/1519 1520/1529/1520 1531/1540/1531 1530/1539/1530
f 1520/1529/1520 1521/1530/1521 1532/1541/1532 1531/1540/1531
f 1521/1530/1521 1522/1531/1522 1533/1542/1533 1532/1541/1532
f 1522/1531/1522 1523/1532/1523 1534/1543/1534 1533/1542/1533
f 1523/1532/1523 1524/1533/1524 1535/1544/1535 1534/1543/1534
f 1525/1535/1525 1526/1534/1526 1537/1545/1537 1536/1546/1536
f 1526/1534/1526 1527/1536/1527 1538/1547/1538 1537/1545/1537
f 1527/1536/1527 1528/1537/1528 1539/1548/1539 1538/1547/1538
f 1528/1537/1528 1529/1538/1529 1540/1549/1540 1539/1548/1539
f 1529/1538/1529 1530/1539/1530 1541/1550/1541 1540/1549/1540
f 1530/1539/1530 1531/1540/1531 1542/1551/1542 1541/1550/1541
f 1531/1540/1531 1532/1541/1532 1543/1552/1543 1542/1551/1542
f 1532/1541/1532 1533/1542/1533 1544/1553/1544 1543/1552/1543
f 1533/1542/1533 1534/1543/1534 1545/1554/1545 1544/1553/1544
f 1534/1543/1534 1535/1544/1535 1546/1555/1546 1545/1554/1545
f 1536/1546/1536 1537/1545/1537 1348/1346/1348 1337/1345/1337
f 1537/1545/1537 1538/1547/1538 1359/1357/1359 1348/1346/1348
f 1538/1547/1538 1539/1548/1539 1370/1368/1370 1359/1357/1359
f 1539/1548/1539 1540/1549/1540 1381/1379/1381 1370/1368/1370
f 1540/1549/1540 1541/1550/1541 1392/1390/1392 1381/1379/1381
f 1541/1550/1541 1542/1551/1542 1403/1401/1403 1392/1390/1392
f 1542/1551/1542 1543/1552/1543 1414/1412/1414 1403/1401/1403
f 1543/1552/1543 1544/1553/1544 1425/1423/1425 1414/1412/1414
f 1544/1553/1544 1545/1554/1545 1436/1434/1436 1425/1423/1425
f 1545/1554/1545 1546/1555/1546 1437/1445/1437 1436/1434/1436
f 1327/1556/1327 1547/1557/1547 1558/1558/1558 1557/1559/1557
f 1547/1557/1547 1548/1560/1548 1559/1561/1559 1558/1558/1558
f 1548/1560/1548 1549/1562/1549 1560/1563/1560 1559/1561/1559
f 1549/1562/1549 1550/1564/1550 1561/1565/1561 1560/1563/1560
f 1550/1564/1550 1551/1566/1551 1562/1567/1562 1561/1565/1561
f 1551/1566/1551 1552/1568/1552 1563/1569/1563 1562/1567/1562
f 1552/1568/1552 1553/1570/1553 1564/1571/1564 1563/1569/1563
f 1553/1570/1553 1554/1572/1554 1565/1573/1565 1564/1571/1564
f 1554/1572/1554 1555/1574/1555 1566/1575/1566 1565/1573/1565
f 1555/1574/1555 1556/1576/1556 1567/1577/1567 1566/1575/1566
f 1557/1559/1557 1558/1558/1558 1569/1578/1569 1568/1579/1568
f 1558/1558/1558 1559/1561/1559 1570/1580/1570 1569/1578/1569
f 1559/1561/1559 1560/1563/1560 1571/1581/1571 1570/1580/1570
f 1560/1563/1560 1561/1565/1561 1572/1582/1572 1571/1581/1571
f 1561/1565/1561 1562/1567/1562 1573/1583/1573 1572/1582/1572
f 1562/1567/1562 1563/1569/1563 1574/1584/1574 1573/1583/1573
f 1563/1569/1563 1564/1571/1564 1575/1585/1575 1574/1584/1574
f 1564/1571/1564 1565/1573/1565 1576/1586/1576 1575/1585/1575
f 1565/1573/1565 1566/1575/1566 1577/1587/1577 1576/1586/1576
f 1566/1575/1566 1567/1577/1567 1578/1588/1578 1577/1587/1577
f 1568/1579/1568 1569/1578/1569 1580/1589/1580 1579/1590/1579
f 1569/1578/1569 1570/1580/1570 1581/1591/1581 1580/1589/1580
f 1570/1580/1570 1571/1581/1571 1582/1592/1582 1581/1591/1581
f 1571/1581/1571 1572/1582/1572 1583/1593/1583 1582/1592/1582
f 1572/1582/1572 1573/1583/1573 1584/1594/1584 1583/1593/1583
f 1573/1583/1573 1574/1584/1574 1585/1595/1585 1584/1594/1584
f 1574/1584/1574 1575/1585/1575 1586/1596/1586 1585/1595/1585
f 1575/1585/1575 1576/1586/1576 1587/1597/1587 1586/1596/1586
f 1576/1586/1576 1577/1587/1577 1588/1598/1588 1587/1597/1587
f 1577/1587/1577 1578/1588/1578 1589/1599/1589 1588/1598/1588
f 1579/1590/1579 1580/1589/1580 1591/1600/1591 1590/1601/1590
f 1580/1589/1580 1581/1591/1581 1592/1602/1592 1591/1600/1591
f 1581/1591/1581 1582/1592/1582 1593/1603/1593 1592/1602/1592
f 1582/1592/1582 1583/1593/1583 1594/1604/1594 1593/1603/1593
f 1583/1593/1583 1584/1594/1584 1595/1605/1595 1594/1604/1594
f 1584/1594/1584 1585/1595/1585 1596/1606/1596 1595/1605/1595
f 1585/1595/1585 1586/1596/1586 1597/1607/1597 1596/1606/1596
f 1586/1596/1586 1587/1597/1587 1598/1608/1598 1597/1607/1597
f 1587/1597/1587 1588/1598/1588 1599/1609/1599 1598/1608/1598
f 1588/1598/1588 1589/1599/1589 1600/1610/1600 1599/1609/1599
f 1590/1601/1590 1591/1600/1591 1602/1611/1602 1601/1612/1601
f 1591/1600/1591 1592/1602/1592 1603/1613/1603 1602/1611/1602
f 1592/1602/1592 1593/1603/1593 1604/1614/1604 1603/1613/1603
f 1593/1603/1593 1594/1604/1594 1605/1615/1605 1604/1614/1604
f 1594/1604/1594 1595/1605/1595 1606/1616/1606 1605/1615/1605
f 1595/1605/1595 1596/1606/1596 1607/1617/1607 1606/1616/1606
f 1596/1606/1596 1597/1607/1597 1608/1618/1608 1607/1617/1607
f 1597/1607/1597 1598/1608/1598 1609/1619/1609 1608/1618/1608
f 1598/1608/1598 1599/1609/1599 1610/1620/1610 1609/1619/1609
f 1599/1609/1599 1600/1610/1600 1611/1621/1611 1610/1620/1610
f 1601/1612/1601 1602/1611/1602 1613/1622/1613 1612/1623/1612
f 1602/1611/1602 1603/1613/1603 1614/1624/1614 1613/1622/1613
f 1603/1613/1603 1604/1614/1604 1615/1625/1615 1614/1624/1614
f 1604/1614/1604 1605/1615/1605 1616/1626/1616 1615/1625/1615
f 1605/1615/1605 1606/1616/1606 1617/1627/1617 1616/1626/1616
f 1606/1616/1606 1607/1617/1607 1618/1628/1618 1617/1627/1617
f 1607/1617/1607 1608/1618/1608 1619/1629/1619 1618/1628/1618
f 1608/1618/1608 1609/1619/1609 1620/1630/1620 1619/1629/1619
f 1609/1619/1609 1610/1620/1610 1621/1631/1621 1620/1630/1620
f 1610/1620/1610 1611/1621/1611 1622/1632/1622 1621/1631/1621
f 1612/1623/1612 1613/1622/1613 1624/1633/1624 1623/1634/1623
f 1613/1622/1613 1614/1624/1614 1625/1635/1625 1624/1633/1624
f 1614/1624/1614 1615/1625/1615 1626/1636/1626 1625/1635/1625
f 1615/1625/1615 1616/1626/1616 1627/1637/1627 1626/1636/1626
f 1616/1626/1616 1617/1627/1617 1628/1638/1628 1627/1637/1627
f 1617/1627/1617 1618/1628/1618 1629/1639/1629 1628/1638/1628
f 1618/1628/1618 1619/1629/1619 1630/1640/1630 1629/1639/1629
f 1619/1629/1619 1620/1630/1620 1631/1641/1631 1630/1640/1630
f 1620/1630/1620 1621/1631/1621 1632/1642/1632 1631/1641/1631
f 1621/1631/1621 1622/1632/1622 1633/1643/1633 1632/1642/1632
f 1623/1634/1623 1624/1633/1624 1635/1644/1635 1634/1645/1634
f 1624/1633/1624 1625/1635/1625 1636/1646/1636 1635/1644/1635
f 1625/1635/1625 1626/1636/1626 1637/1647/1637 1636/1646/1636
f 1626/1636/1626 1627/1637/1627 1638/1648/1638 1637/1647/1637
f 1627/1637/1627 1628/1638/1628 1639/1649/1639 1638/1648/1638
f 1628/1638/1628 1629/1639/1629 1640/1650/1640 1639/1649/1639
f 1629/1639/1629 1630/1640/1630 1641/1651/1641 1640/1650/1640
f 1630/1640/1630 1631/1641/1631 1642/1652/1642 1641/1651/1641
f 1631/1641/1631 1632/1642/1632 1643/1653/1643 1642/1652/1642
f 1632/1642/1632 1633/1643/1633 1644/1654/1644 1643/1653/1643
f 1634/1645/1634 1635/1644/1635 1646/1655/1646 1645/1656/1645
f 1635/1644/1635 1636/1646/1636 1647/1657/1647 1646/1655/1646
f 1636/1646/1636 1637/1647/1637 1648/1658/1648 1647/1657/1647
f 1637/1647/1637 1638/1648/1638 1649/1659/1649 1648/1658/1648
f 1638/1648/1638 1639/1649/1639 1650/1660/1650 1649/1659/1649
f 1639/1649/1639 1640/1650/1640 1651/1661/1651 1650/1660/1650
f 1640/1650/1640 1641/1651/1641 1652/1662/1652 1651/1661/1651
f 1641/1651/1641 1642/1652/1642 1653/1663/1653 1652/1662/1652
f 1642/1652/1642 1643/1653/1643 1654/1664/1654 1653/1663/1653
f 1643/1653/1643 1644/1654/1644 1655/1665/1655 1654/1664/1654
f 1645/1656/1645 1646/1655/1646 1458/1666/1458 1447/1667/1447
f 1646/1655/1646 1647/1657/1647 1469/1668/1469 1458/1666/1458
f 1647/1657/1647 1648/1658/1648 1480/1669/1480 1469/1668/1469
f 1648/1658/1648 1649/1659/1649 1491/1670/1491 1480/1669/1480
f 1649/1659/1649 1650/1660/1650 1502/1671/1502 1491/1670/1491
f 1650/1660/1650 1651/1661/1651 1513/1672/1513 1502/1671/1502
f 1651/1661/1651 1652/1662/1652 1524/1673/1524 1513/1672/1513
f 1652/1662/1652 1653/1663/1653 1535/1674/1535 1524/1673/1524
f 1653/1663/1653 1654/1664/1654 1546/1675/1546 1535/1674/1535
f 1654/1664/1654 1655/1665/1655 1437/1676/1437 1546/1675/1546
f 1656/1677/1656 1659/1678/1659 1670/1679/1670 1669/1680/1669
f 1659/1678/1659 1660/1681/1660 1671/1682/1671 1670/1679/1670
f 1660/1681/1660 1661/1683/1661 1672/1684/1672 1671/1682/1671
f 1661/1683/1661 1662/1685/1662 1673/1686/1673 1672/1684/1672
f 1662/1685/1662 1663/1687/1663 1674/1688/1674 1673/1686/1673
f 1663/1687/1663 1664/1689/1664 1675/1690/1675 1674/1688/1674
f 1664/1689/1664 1665/1691/1665 1676/1692/1676 1675/1690/1675
f 1665/1691/1665 1666/1693/1666 1677/1694/1677 1676/1692/1676
f 1666/1693/1666 1667/1695/1667 1678/1696/1678 1677/1694/1677
f 1667/1695/1667 1668/1697/1668 1679/1698/1679 1678/1696/1678
f 1669/1680/1669 1670/1679/1670 1681/1699/1681 1680/1700/1680
f 1670/1679/1670 1671/1682/1671 1682/1701/1682 1681/1699/1681
f 1671/1682/1671 1672/1684/1672 1683/1702/1683 1682/1701/1682
f 1672/1684/1672 1673/1686/1673 1684/1703/1684 1683/1702/1683
f 1673/1686/1673 1674/1688/1674 1685/1704/1685 1684/1703/1684
f 1674/1688/1674 1675/1690/1675 1686/1705/1686 1685/1704/1685
f 1675/1690/1675 1676/1692/1676 1687/1706/1687 1686/1705/1686
f 1676/1692/1676 1677/1694/1677 1688/1707/1688 1687/1706/1687
f 1677/1694/1677 1678/1696/1678 1689/1708/1689 1688/1707/1688
f 1678/1696/1678 1679/1698/1679 1690/1709/1690 1689/1708/1689
f 1680/1700/1680 1681/1699/1681 1692/1710/1692 1691/1711/1691
f 1681/1699/1681 1682/1701/1682 1693/1712/1693 1692/1710/1692
f 1682/1701/1682 1683/1702/1683 1694/1713/1694 1693/1712/1693
f 1683/1702/1683 1684/1703/1684 1695/1714/1695 1694/1713/1694
f 1684/1703/1684 1685/1704/1685 1696/1715/1696 1695/1714/1695
f 1685/1704/1685 1686/1705/1686 1697/1716/1697 1696/1715/1696
f 1686/1705/1686 1687/1706/1687 1698/1717/1698 1697/1716/1697
f 1687/1706/1687 1688/1707/1688 1699/1718/1699 1698/1717/1698
f 1688/1707/1688 1689/1708/1689 1700/1719/1700 1699/1718/1699
f 1689/1708/1689 1690/1709/1690 1701/1720/1701 1700/1719/1700
f 1691/1711/1691 1692/1710/1692 1703/1721/1703 1702/1722/1702
f 1692/1710/1692 1693/1712/1693 1704/1723/1704 1703/1721/1703
f 1693/1712/1693 1694/1713/1694 1705/1724/1705 1704/1723/1704
f 1694/1713/1694 1695/1714/1695 1706/1725/1706 1705/1724/1705
f 1695/1714/1695 1696/1715/1696 1707/1726/1707 1706/1725/1706
f 1696/1715/1696 1697/1716/1697 1708/1727/1708 1707/1726/1707
f 1697/1716/1697 1698/1717/1698 1709/1728/1709 1708/1727/1708
f 1698/1717/1698 1699/1718/1699 1710/1729/1710 1709/1728/1709
f 1699/1718/1699 1700/1719/1700 1711/1730/1711 1710/1729/1710
f 1700/1719/1700 1701/1720/1701 1712/1731/1712 1711/1730/1711
f 1702/1722/1702 1703/1721/1703 1714/1732/1714 1713/1733/1713
f 1703/1721/1703 1704/1723/1704 1715/1734/1715 1714/1732/1714
f 1704/1723/1704 1705/1724/1705 1716/1735/1716 1715/1734/1715
f 1705/1724/1705 1706/1725/1706 1717/1736/1717 1716/1735/1716
f 1706/1725/1706 1707/1726/1707 1718/1737/1718 1717/1736/1717
f 1707/1726/1707 1708/1727/1708 1719/1738/1719 1718/1737/1718
f 1708/1727/1708 1709/1728/1709 1720/1739/1720 1719/1738/1719
f 1709/1728/1709 1710/1729/1710 1721/1740/1721 1720/1739/1720
f 1710/1729/1710 1711/1730/1711 1722/1741/1722 1721/1740/1721
f 1711/1730/1711 1712/1731/1712 1723/1742/1723 1722/1741/1722
f 1713/1733/1713 1714/1732/1714 1725/1743/1725 1724/1744/1724
f 1714/1732/1714 1715/1734/1715 1726/1745/1726 1725/1743/1725
f 1715/1734/1715 1716/1735/1716 1727/1746/1727 1726/1745/1726
f 1716/1735/1716 1717/1736/1717 1728/1747/1728 1727/1746/1727
f 1717/1736/1717 1718/1737/1718 1729/1748/1729 1728/1747/1728
f 1718/1737/1718 1719/1738/1719 1730/1749/1730 1729/1748/1729
f 1719/1738/1719 1720/1739/1720 1731/1750/1731 1730/1749/1730
f 1720/1739/1720 1721/1740/1721 1732/1751/1732 1731/1750/1731
f 1721/1740/1721 1722/1741/1722 1733/1752/1733 1732/1751/1732
f 1722/1741/1722 1723/1742/1723 1734/1753/1734 1733/1752/1733
f 1724/1744/1724 1725/1743/1725 1736/1754/1736 1735/1755/1735
f 1725/1743/1725 1726/1745/1726 1737/1756/1737 1736/1754/1736
f 1726/1745/1726 1727/1746/1727 1738/1757/1738 1737/1756/1737
f 1727/1746/1727 1728/1747/1728 1739/1758/1739 1738/1757/1738
f 1728/1747/1728 1729/1748/1729 1740/1759/1740 1739/1758/1739
f 1729/1748/1729 1730/1749/1730 1741/1760/1741 1740/1759/1740
f 1730/1749/1730 1731/1750/1731 1742/1761/1742 1741/1760/1741
f 1731/1750/1731 1732/1751/1732 1743/1762/1743 1742/1761/1742
f 1732/1751/1732 1733/1752/1733 1744/1763/1744 1743/1762/1743
f 1733/1752/1733 1734/1753/1734 1745/1764/1745 1744/1763/1744
f 1735/1755/1735 1736/1754/1736 1747/1765/1747 1746/1766/1746
f 1736/1754/1736 1737/1756/1737 1748/1767/1748 1747/1765/1747
f 1737/1756/1737 1738/1757/1738 1749/1768/1749 1748/1767/1748
f 1738/1757/1738 1739/1758/1739 1750/1769/1750 1749/1768/1749
f 1739/1758/1739 1740/1759/1740 1751/1770/1751 1750/1769/1750
f 1740/1759/1740 1741/1760/1741 1752/1771/1752 1751/1770/1751
f 1741/1760/1741 1742/1761/1742 1753/1772/1753 1752/1771/1752
f 1742/1761/1742 1743/1762/1743 1754/1773/1754 1753/1772/1753
f 1743/1762/1743 1744/1763/1744 1755/1774/1755 1754/1773/1754
f 1744/1763/1744 1745/1764/1745 1756/1775/1756 1755/1774/1755
f 1746/1766/1746 1747/1765/1747 1758/1776/1758 1757/1777/1757
f 1747/1765/1747 1748/1767/1748 1759/1778/1759 1758/1776/1758
f 1748/1767/1748 1749/1768/1749 1760/1779/1760 1759/1778/1759
f 1749/1768/1749 1750/1769/1750 1761/1780/1761 1760/1779/1760
f 1750/1769/1750 1751/1770/1751 1762/1781/1762 1761/1780/1761
f 1751/1770/1751 1752/1771/1752 1763/1782/1763 1762/1781/1762
f 1752/1771/1752 1753/1772/1753 1764/1783/1764 1763/1782/1763
f 1753/1772/1753 1754/1773/1754 1765/1784/1765 1764/1783/1764
f 1754/1773/1754 1755/1774/1755 1766/1785/1766 1765/1784/1765
f 1755/1774/1755 1756/1775/1756 1767/1786/1767 1766/1785/1766
f 1757/1777/1757 1758/1776/1758 1898/1787/1898 1887/1788/1887
f 1758/1776/1758 1759/1778/1759 1909/1789/1909 1898/1787/1898
f 1759/1778/1759 1760/1779/1760 1920/1790/1920 1909/1789/1909
f 1760/1779/1760 1761/1780/1761 1931/1791/1931 1920/1790/1920
f 1761/1780/1761 1762/1781/1762 1942/1792/1942 1931/1791/1931
f 1762/1781/1762 1763/1782/1763 1953/1793/1953 1942/1792/1942
f 1763/1782/1763 1764/1783/1764 1964/1794/1964 1953/1793/1953
f 1764/1783/1764 1765/1784/1765 1975/1795/1975 1964/1794/1964
f 1765/1784/1765 1766/1785/1766 1986/1796/1986 1975/1795/1975
f 1766/1785/1766 1767/1786/1767 1768/1797/1768 1986/1796/1986
f 1657/1798/1657 1769/1799/1769 1780/1800/1780 1779/1801/1779
f 1769/1799/1769 1770/1802/1770 1781/1803/1781 1780/1800/1780
f 1770/1802/1770 1771/1804/1771 1782/1805/1782 1781/1803/1781
f 1771/1804/1771 1772/1806/1772 1783/1807/1783 1782/1805/1782
f 1772/1806/1772 1773/1808/1773 1784/1809/1784 1783/1807/1783
f 1773/1808/1773 1774/1810/1774 1785/1811/1785 1784/1809/1784
f 1774/1810/1774 1775/1812/1775 1786/1813/1786 1785/1811/1785
f 1775/1812/1775 1776/1814/1776 1787/1815/1787 1786/1813/1786
f 1776/1814/1776 1777/1816/1777 1788/1817/1788 1787/1815/1787
f 1777/1816/1777 1778/1818/1778 1789/1819/1789 1788/1817/1788
f 1779/1801/1779 1780/1800/1780 1791/1820/1791 1790/1821/1790
f 1780/1800/1780 1781/1803/1781 1792/1822/1792 1791/1820/1791
f 1781/1803/1781 1782/1805/1782 1793/1823/1793 1792/1822/1792
f 1782/1805/1782 1783/1807/1783 1794/1824/1794 1793/1823/1793
f 1783/1807/1783 1784/1809/1784 1795/1825/1795 1794/1824/1794
f 1784/1809/1784 1785/1811/1785 1796/1826/1796 1795/1825/1795
f 1785/1811/1785 1786/1813/1786 1797/1827/1797 1796/1826/1796
f 1786/1813/1786 1787/1815/1787 1798/1828/1798 1797/1827/1797
f 1787/1815/1787 1788/1817/1788 1799/1829/1799 1798/1828/1798
f 1788/1817/1788 1789/1819/1789 1800/1830/1800 1799/1829/1799
f 1790/1821/1790 1791/1820/1791 1802/1831/1802 1801/1832/1801
f 1791/1820/1791 1792/1822/1792 1803/1833/1803 1802/1831/1802
f 1792/1822/1792 1793/1823/1793 1804/1834/1804 1803/1833/1803
f 1793/1823/1793 1794/1824/1794 1805/1835/1805 1804/1834/1804
f 1794/1824/1794 1795/1825/1795 1806/1836/1806 1805/1835/1805
f 1795/1825/1795 1796/1826/1796 1807/1837/1807 1806/1836/1806
f 1796/1826/1796 1797/1827/1797 1808/1838/1808 1807/1837/1807
f 1797/1827/1797 1798/1828/1798 1809/1839/1809 1808/1838/1808
f 1798/1828/1798 1799/1829/1799 1810/1840/1810 1809/1839/1809
f 1799/1829/1799 1800/1830/1800 1811/1841/1811 1810/1840/1810
f 1801/1832/1801 1802/1831/1802 1813/1842/1813 1812/1843/1812
f 1802/1831/1802 1803/1833/1803 1814/1844/1814 1813/1842/1813
f 1803/1833/1803 1804/1834/1804 1815/1845/1815 1814/1844/1814
f 1804/1834/1804 1805/1835/1805 1816/1846/1816 1815/1845/1815
f 1805/1835/1805 1806/1836/1806 1817/1847/1817 1816/1846/1816
f 1806/1836/1806 1807/1837/1807 1818/1848/1818 1817/1847/1817
f 1807/1837/1807 1808/1838/1808 1819/1849/1819 1818/1848/1818
f 1808/1838/1808 1809/1839/1809 1820/1850/1820 1819/1849/1819
f 1809/1839/1809 1810/1840/1810 1821/1851/1821 1820/1850/1820
f 1810/1840/1810 1811/1841/1811 1822/1852/1822 1821/1851/1821
f 1812/1843/1812 1813/1842/1813 1824/1853/1824 1823/1854/1823
f 1813/1842/1813 1814/1844/1814 1825/1855/1825 1824/1853/1824
f 1814/1844/1814 1815/1845/1815 1826/1856/1826 1825/1855/1825
f 1815/1845/1815 1816/1846/1816 1827/1857/1827 1826/1856/1826
f 1816/1846/1816 1817/1847/1817 1828/1858/1828 1827/1857/1827
f 1817/1847/1817 1818/1848/1818 1829/1859/1829 1828/1858/1828
f 1818/1848/1818 1819/1849/1819 1830/1860/1830 1829/1859/1829
f 1819/1849/1819 1820/1850/1820 1831/1861/1831 1830/1860/1830
f 1820/1850/1820 1821/1851/1821 1832/1862/1832 1831/1861/1831
f 1821/1851/1821 1822/1852/1822 1833/1863/1833 1832/1862/1832
f 1823/1854/1823 1824/1853/1824 1835/1864/1835 1834/1865/1834
f 1824/1853/1824 1825/1855/1825 1836/1866/1836 1835/1864/1835
f 1825/1855/1825 1826/1856/1826 1837/1867/1837 1836/1866/1836
f 1826/1856/1826 1827/1857/1827 1838/1868/1838 1837/1867/1837
f 1827/1857/1827 1828/1858/1828 1839/1869/1839 1838/1868/1838
f 1828/1858/1828 1829/1859/1829 1840/1870/1840 1839/1869/1839
f 1829/1859/1829 1830/1860/1830 1841/1871/1841 1840/1870/1840
f 1830/1860/1830 1831/1861/1831 1842/1872/1842 1841/1871/1841
f 1831/1861/1831 1832/1862/1832 1843/1873/1843 1842/1872/1842
f 1832/1862/1832 1833/1863/1833 1844/1874/1844 1843/1873/1843
f 1834/1865/1834 1835/1864/1835 1846/1875/1846 1845/1876/1845
f 1835/1864/1835 1836/1866/1836 1847/1877/1847 1846/1875/1846
f 1836/1866/1836 1837/1867/1837 1848/1878/1848 1847/1877/1847
f 1837/1867/1837 1838/1868/1838 1849/1879/1849 1848/1878/1848
f 1838/1868/1838 1839/1869/1839 1850/1880/1850 1849/1879/1849
f 1839/1869/1839 1840/1870/1840 1851/1881/1851 1850/1880/1850
f 1840/1870/1840 1841/1871/1841 1852/1882/1852 1851/1881/1851
f 1841/1871/1841 1842/1872/1842 1853/1883/1853 1852/1882/1852
f 1842/1872/1842 1843/1873/1843 1854/1884/1854 1853/1883/1853
f 1843/1873/1843 1844/1874/1844 1855/1885/1855 1854/1884/1854
f 1845/1876/1845 1846/1875/1846 1857/1886/1857 1856/1887/1856
f 1846/1875/1846 1847/1877/1847 1858/1888/1858 1857/1886/1857
f 1847/1877/1847 1848/1878/1848 1859/1889/1859 1858/1888/1858
f 1848/1878/1848 1849/1879/1849 1860/1890/1860 1859/1889/1859
f 1849/1879/1849 1850/1880/1850 1861/1891/1861 1860/1890/1860
f 1850/1880/1850 1851/1881/1851 1862/1892/1862 1861/1891/1861
f 1851/1881/1851 1852/1882/1852 1863/1893/1863 1862/1892/1862
f 1852/1882/1852 1853/1883/1853 1864/1894/1864 1863/1893/1863
f 1853/1883/1853 1854/1884/1854 1865/1895/1865 1864/1894/1864
f 1854/1884/1854 1855/1885/1855 1866/1896/1866 1865/1895/1865
f 1856/1887/1856 1857/1886/1857 1868/1897/1868 1867/1898/1867
f 1857/1886/1857 1858/1888/1858 1869/1899/1869 1868/1897/1868
f 1858/1888/1858 1859/1889/1859 1870/1900/1870 1869/1899/1869
f 1859/1889/1859 1860/1890/1860 1871/1901/1871 1870/1900/1870
f 1860/1890/1860 1861/1891/1861 1872/1902/1872 1871/1901/1871
f 1861/1891/1861 1862/1892/1862 1873/1903/1873 1872/1902/1872
f 1862/1892/1862 1863/1893/1863 1874/1904/1874 1873/1903/1873
f 1863/1893/1863 1864/1894/1864 1875/1905/1875 1874/1904/1874
f 1864/1894/1864 1865/1895/1865 1876/1906/1876 1875/1905/1875
f 1865/1895/1865 1866/1896/1866 1877/1907/1877 1876/1906/1876
f 1867/1898/1867 1868/1897/1868 1679/1698/1679 1668/1697/1668
f 1868/1897/1868 1869/1899/1869 1690/1709/1690 1679/1698/1679
f 1869/1899/1869 1870/1900/1870 1701/1720/1701 1690/1709/1690
f 1870/1900/1870 1871/1901/1871 1712/1731/1712 1701/1720/1701
f 1871/1901/1871 1872/1902/1872 1723/1742/1723 1712/1731/1712
f 1872/1902/1872 1873/1903/1873 1734/1753/1734 1723/1742/1723
f 1873/1903/1873 1874/1904/1874 1745/1764/1745 1734/1753/1734
f 1874/1904/1874 1875/1905/1875 1756/1775/1756 1745/1764/1745
f 1875/1905/1875 1876/1906/1876 1767/1786/1767 1756/1775/1756
f 1876/1906/1876 1877/1907/1877 1768/1797/1768 1767/1786/1767
f 1658/1908/1658 1878/1909/1878 1889/1910/1889 1888/1911/1888
f 1878/1909/1878 1879/1912/1879 1890/1913/1890 1889/1910/1889
f 1879/1912/1879 1880/1914/1880 1891/1915/1891 1890/1913/1890
f 1880/1914/1880 1881/1916/1881 1892/1917/1892 1891/1915/1891
f 1881/1916/1881 1882/1918/1882 1893/1919/1893 1892/1917/1892
f 1882/1918/1882 1883/1920/1883 1894/1921/1894 1893/1919/1893
f 1883/1920/1883 1884/1922/1884 1895/1923/1895 1894/1921/1894
f 1884/1922/1884 1885/1924/1885 1896/1925/1896 1895/1923/1895
f 1885/1924/1885 1886/1926/1886 1897/1927/1897 1896/1925/1896
f 1886/1926/1886 1887/1928/1887 1898/1929/1898 1897/1927/1897
f 1888/1911/1888 1889/1910/1889 1900/1930/1900 1899/1931/1899
f 1889/1910/1889 1890/1913/1890 1901/1932/1901 1900/1930/1900
f 1890/1913/1890 1891/1915/1891 1902/1933/1902 1901/1932/1901
f 1891/1915/1891 1892/1917/1892 1903/1934/1903 1902/1933/1902
f 1892/1917/1892 1893/1919/1893 1904/1935/1904 1903/1934/1903
f 1893/1919/1893 1894/1921/1894 1905/1936/1905 1904/1935/1904
f 1894/1921/1894 1895/1923/1895 1906/1937/1906 1905/1936/1905
f 1895/1923/1895 1896/1925/1896 1907/1938/1907 1906/1937/1906
f 1896/1925/1896 1897/1927/1897 1908/1939/1908 1907/1938/1907
f 1897/1927/1897 1898/1929/1898 1909/1940/1909 1908/1939/1908
f 1899/1931/1899 1900/1930/1900 1911/1941/1911 1910/1942/1910
f 1900/1930/1900 1901/1932/1901 1912/1943/1912 1911/1941/1911
f 1901/1932/1901 1902/1933/1902 1913/1944/1913 1912/1943/1912
f 1902/1933/1902 1903/1934/1903 1914/1945/1914 1913/1944/1913
f 1903/1934/1903 1904/1935/1904 1915/1946/1915 1914/1945/1914
f 1904/1935/1904 1905/1936/1905 1916/1947/1916 1915/1946/1915
f 1905/1936/1905 1906/1937/1906 1917/1948/1917 1916/1947/1916
f 1906/1937/1906 1907/1938/1907 1918/1949/1918 1917/1948/1917
f 1907/1938/1907 1908/1939/1908 1919/1950/1919 1918/1949/1918
f 1908/1939/1908 1909/1940/1909 1920/1951/1920 1919/1950/1919
f 1910/1942/1910 1911/1941/1911 1922/1952/1922 1921/1953/1921
f 1911/1941/1911 1912/1943/1912 1923/1954/1923 1922/1952/1922
f 1912/1943/1912 1913/1944/1913 1924/1955/1924 1923/1954/1923
f 1913/1944/1913 1914/1945/1914 1925/1956/1925 1924/1955/1924
f 1914/1945/1914 1915/1946/1915 1926/1957/1926 1925/1956/1925
f 1915/1946/1915 1916/1947/1916 1927/1958/1927 1926/1957/1926
f 1916/1947/1916 1917/1948/1917 1928/1959/1928 1927/1958/1927
f 1917/1948/1917 1918/1949/1918 1929/1960/1929 1928/1959/1928
f 1918/1949/1918 1919/1950/1919 1930/1961/1930 1929/1960/1929
f 1919/1950/1919 1920/1951/1920 1931/1962/1931 1930/1961/1930
f 1921/1953/1921 1922/1952/1922 1933/1963/1933 1932/1964/1932
f 1922/1952/1922 1923/1954/1923 1934/1965/1934 1933/1963/1933
f 1923/1954/1923 1924/1955/1924 1935/1966/1935 1934/1965/1934
f 1924/1955/1924 1925/1956/1925 1936/1967/1936 1935/1966/1935
f 1925/1956/1925 1926/1957/1926 1937/1968/1937 1936/1967/1936
f 1926/1957/1926 1927/1958/1927 1938/1969/1938 1937/1968/1937
f 1927/1958/1927 1928/1959/1928 1939/1970/1939 1938/1969/1938
f 1928/1959/1928 1929/1960/1929 1940/1971/1940 1939/1970/1939
f 1929/1960/1929 1930/1961/1930 1941/1972/1941 1940/1971/1940
f 1930/1961/1930 1931/1962/1931 1942/1973/1942 1941/1972/1941
f 1932/1964/1932 1933/1963/1933 1944/1974/1944 1943/1975/1943
f 1933/1963/1933 1934/1965/1934 1945/1976/1945 1944/1974/1944
f 1934/1965/1934 1935/1966/1935 1946/1977/1946 1945/1976/1945
f 1935/1966/1935 1936/1967/1936 1947/1978/1947 1946/1977/1946
f 1936/1967/1936 1937/1968/1937 1948/1979/1948 1947/1978/1947
f 1937/1968/1937 1938/1969/1938 1949/1980/1949 1948/1979/1948
f 1938/1969/1938 1939/1970/1939 1950/1981/1950 1949/1980/1949
f 1939/1970/1939 1940/1971/1940 1951/1982/1951 1950/1981/1950
f 1940/1971/1940 1941/1972/1941 1952/1983/1952 1951/1982/1951
f 1941/1972/1941 1942/1973/1942 1953/1984/1953 1952/1983/1952
f 1943/1975/1943 1944/1974/1944 1955/1985/1955 1954/1986/1954
f 1944/1974/1944 1945/1976/1945 1956/1987/1956 1955/1985/1955
f 1945/1976/1945 1946/1977/1946 1957/1988/1957 1956/1987/1956
f 1946/1977/1946 1947/1978/1947 1958/1989/1958 1957/1988/1957
f 1947/1978/1947 1948/1979/1948 1959/1990/1959 1958/1989/1958
f 1948/1979/1948 1949/1980/1949 1960/1991/1960 1959/1990/1959
f 1949/1980/1949 1950/1981/1950 1961/1992/1961 1960/1991/1960
f 1950/1981/1950 1951/1982/1951 1962/1993/1962 1961/1992/1961
f 1951/1982/1951 1952/1983/1952 1963/1994/1963 1962/1993/1962
f 1952/1983/1952 1953/1984/1953 1964/1995/1964 1963/1994/1963
f 1954/1986/1954 1955/1985/1955 1966/1996/1966 1965/1997/1965
f 1955/1985/1955 1956/1987/1956 1967/1998/1967 1966/1996/1966
f 1956/1987/1956 1957/1988/1957 1968/1999/1968 1967/1998/1967
f 1957/1988/1957 1958/1989/1958 1969/2000/1969 1968/1999/1968
f 1958/1989/1958 1959/1990/1959 1970/2001/1970 1969/2000/1969
f 1959/1990/1959 1960/1991/1960 1971/2002/1971 1970/2001/1970
f 1960/1991/1960 1961/1992/1961 1972/2003/1972 1971/2002/1971
f 1961/1992/1961 1962/1993/1962 1973/2004/1973 1972/2003/1972
f 1962/1993/1962 1963/1994/1963 1974/2005/1974 1973/2004/1973
f 1963/1994/1963 1964/1995/1964 1975/2006/1975 1974/2005/1974
f 1965/1997/1965 1966/1996/1966 1977/2007/1977 1976/2008/1976
f 1966/1996/1966 1967/1998/1967 1978/2009/1978 1977/2007/1977
f 1967/1998/1967 1968/1999/1968 1979/2010/1979 1978/2009/1978
f 1968/1999/1968 1969/2000/1969 1980/2011/1980 1979/2010/1979
f 1969/2000/1969 1970/2001/1970 1981/2012/1981 1980/2011/1980
f 1970/2001/1970 1971/2002/1971 1982/2013/1982 1981/2012/1981
f 1971/2002/1971 1972/2003/1972 1983/2014/1983 1982/2013/1982
f 1972/2003/1972 1973/2004/1973 1984/2015/1984 1983/2014/1983
f 1973/2004/1973 1974/2005/1974 1985/2016/1985 1984/2015/1984
f 1974/2005/1974 1975/2006/1975 1986/2017/1986 1985/2016/1985
f 1976/2008/1976 1977/2007/1977 1789/2018/1789 1778/2019/1778
f 1977/2007/1977 1978/2009/1978 1800/2020/1800 1789/2018/1789
f 1978/2009/1978 1979/2010/1979 1811/2021/1811 1800/2020/1800
f 1979/2010/1979 1980/2011/1980 1822/2022/1822 1811/2021/1811
f 1980/2011/1980 1981/2012/1981 1833/2023/1833 1822/2022/1822
f 1981/2012/1981 1982/2013/1982 1844/2024/1844 1833/2023/1833
f 1982/2013/1982 1983/2014/1983 1855/2025/1855 1844/2024/1844
f 1983/2014/1983 1984/2015/1984 1866/2026/1866 1855/2025/1855
f 1984/2015/1984 1985/2016/1985 1877/2027/1877 1866/2026/1866
f 1985/2016/1985 1986/2017/1986 1768/2028/1768 1877/2027/1877
f 1987/2029/1987 1990/2030/1990 2001/2031/2001 2000/2032/2000
f 1990/2030/1990 1991/2033/1991 2002/2034/2002 2001/2031/2001
f 1991/2033/1991 1992/2035/1992 2003/2036/2003 2002/2034/2002
f 1992/2035/1992 1993/2037/1993 2004/2038/2004 2003/2036/2003
f 1993/2037/1993 1994/2039/1994 2005/2040/2005 2004/2038/2004
f 1994/2039/1994 1995/2041/1995 2006/2042/2006 2005/2040/2005
f 1995/2041/1995 1996/2043/1996 2007/2044/2007 2006/2042/2006
f 1996/2043/1996 1997/2045/1997 2008/2046/2008 2007/2044/2007
f 1997/2045/1997 1998/2047/1998 2009/2048/2009 2008/2046/2008
f 1998/2047/1998 1999/2049/1999 2010/2050/2010 2009/2048/2009
f 2000/2032/2000 2001/2031/2001 2012/2051/2012 2011/2052/2011
f 2001/2031/2001 2002/2034/2002 2013/2053/2013 2012/2051/2012
f 2002/2034/2002 2003/2036/2003 2014/2054/2014 2013/2053/2013
f 2003/2036/2003 2004/2038/2004 2015/2055/2015 2014/2054/2014
f 2004/2038/2004 2005/2040/2005 2016/2056/2016 2015/2055/2015
f 2005/2040/2005 2006/2042/2006 2017/2057/2017 2016/2056/2016
f 2006/2042/2006 2007/2044/2007 2018/2058/2018 2017/2057/2017
f 2007/2044/2007 2008/2046/2008 2019/2059/2019 2018/2058/2018
f 2008/2046/2008 2009/2048/2009 2020/2060/2020 2019/2059/2019
f 2009/2048/2009 2010/2050/2010 2021/2061/2021 2020/2060/2020
f 2011/2052/2011 2012/2051/2012 2023/2062/2023 2022/2063/2022
f 2012/2051/2012 2013/2053/2013 2024/2064/2024 2023/2062/2023
f 2013/2053/2013 2014/2054/2014 2025/2065/2025 2024/2064/2024
f 2014/2054/2014 2015/2055/2015 2026/2066/2026 2025/2065/2025
f 2015/2055/2015 2016/2056/2016 2027/2067/2027 2026/2066/2026
f 2016/2056/2016 2017/2057/2017 2028/2068/2028 2027/2067/2027
f 2017/2057/2017 2018/2058/2018 2029/2069/2029 2028/2068/2028
f 2018/2058/2018 2019/2059/2019 2030/2070/2030 2029/2069/2029
f 2019/2059/2019 2020/2060/2020 2031/2071/2031 2030/2070/2030
f 2020/2060/2020 2021/2061/2021 2032/2072/2032 2031/2071/2031
f 2022/2063/2022 2023/2062/2023 2034/2073/2034 2033/2074/2033
f 2023/2062/2023 2024/2064/2024 2035/2075/2035 2034/2073/2034
f 2024/2064/2024 2025/2065/2025 2036/2076/2036 2035/2075/2035
f 2025/2065/2025 2026/2066/2026 2037/2077/2037 2036/2076/2036
f 2026/2066/2026 2027/2067/2027 2038/2078/2038 2037/2077/2037
f 2027/2067/2027 2028/2068/2028 2039/2079/2039 2038/2078/2038
f 2028/2068/2028 2029/2069/2029 2040/2080/2040 2039/2079/2039
f 2029/2069/2029 2030/2070/2030 2041/2081/2041 2040/2080/2040
f 2030/2070/2030 2031/2071/2031 2042/2082/2042 2041/2081/2041
f 2031/2071/2031 2032/2072/2032 2043/2083/2043 2042/2082/2042
f 2033/2074/2033 2034/2073/2034 2045/2084/2045 2044/2085/2044
f 2034/2073/2034 2035/2075/2035 2046/2086/2046 2045/2084/2045
f 2035/2075/2035 2036/2076/2036 2047/2087/2047 2046/2086/2046
f 2036/2076/2036 2037/2077/2037 2048/2088/2048 2047/2087/2047
f 2037/2077/2037 2038/2078/2038 2049/2089/2049 2048/2088/2048
f 2038/2078/2038 2039/2079/2039 2050/2090/2050 2049/2089/2049
f 2039/2079/2039 2040/2080/2040 2051/2091/2051 2050/2090/2050
f 2040/2080/2040 2041/2081/2041 2052/2092/2052 2051/2091/2051
f 2041/2081/2041 2042/2082/2042 2053/2093/2053 2052/2092/2052
f 2042/2082/2042 2043/2083/2043 2054/2094/2054 2053/2093/2053
f 2044/2085/2044 2045/2084/2045 2056/2095/2056 2055/2096/2055
f 2045/2084/2045 2046/2086/2046 2057/2097/2057 2056/2095/2056
f 2046/2086/2046 2047/2087/2047 2058/2098/2058 2057/2097/2057
f 2047/2087/2047 2048/2088/2048 2059/2099/2059 2058/2098/2058
f 2048/2088/2048 2049/2089/2049 2060/2100/2060 2059/2099/2059
f 2049/2089/2049 2050/2090/2050 2061/2101/2061 2060/2100/2060
f 2050/2090/2050 2051/2091/2051 2062/2102/2062 2061/2101/2061
f 2051/2091/2051 2052/2092/2052 2063/2103/2063 2062/2102/2062
f 2052/2092/2052 2053/2093/2053 2064/2104/2064 2063/2103/2063
f 2053/2093/2053 2054/2094/2054 2065/2105/2065 2064/2104/2064
f 2055/2096/2055 2056/2095/2056 2067/2106/2067 2066/2107/2066
f 2056/2095/2056 2057/2097/2057 2068/2108/2068 2067/2106/2067
f 2057/2097/2057 2058/2098/2058 2069/2109/2069 2068/2108/2068
f 2058/2098/2058 2059/2099/2059 2070/2110/2070 2069/2109/2069
f 2059/2099/2059 2060/2100/2060 2071/2111/2071 2070/2110/2070
f 2060/2100/2060 2061/2101/2061 2072/2112/2072 2071/2111/2071
f 2061/2101/2061 2062/2102/2062 2073/2113/2073 2072/2112/2072
f 2062/2102/2062 2063/2103/2063 2074/2114/2074 2073/2113/2073
f 2063/2103/2063 2064/2104/2064 2075/2115/2075 2074/2114/2074
f 2064/2104/2064 2065/2105/2065 2076/2116/2076 2075/2115/2075
f 2066/2107/2066 2067/2106/2067 2078/2117/2078 2077/2118/2077
f 2067/2106/2067 2068/2108/2068 2079/2119/2079 2078/2117/2078
f 2068/2108/2068 2069/2109/2069 2080/2120/2080 2079/2119/2079
f 2069/2109/2069 2070/2110/2070 2081/2121/2081 2080/2120/2080
f 2070/2110/2070 2071/2111/2071 2082/2122/2082 2081/2121/2081
f 2071/2111/2071 2072/2112/2072 2083/2123/2083 2082/2122/2082
f 2072/2112/2072 2073/2113/2073 2084/2124/2084 2083/2123/2083
f 2073/2113/2073 2074/2114/2074 2085/2125/2085 2084/2124/2084
f 2074/2114/2074 2075/2115/2075 2086/2126/2086 2085/2125/2085
f 2075/2115/2075 2076/2116/2076 2087/2127/2087 2086/2126/2086
f 2077/2118/2077 2078/2117/2078 2089/2128/2089 2088/2129/2088
f 2078/2117/2078 2079/2119/2079 2090/2130/2090 2089/2128/2089
f 2079/2119/2079 2080/2120/2080 2091/2131/2091 2090/2130/2090
f 2080/2120/2080 2081/2121/2081 2092/2132/2092 2091/2131/2091
f 2081/2121/2081 2082/2122/2082 2093/2133/2093 2092/2132/2092
f 2082/2122/2082 2083/2123/2083 2094/2134/2094 2093/2133/2093
f 2083/2123/2083 2084/2124/2084 2095/2135/2095 2094/2134/2094
f 2084/2124/2084 2085/2125/2085 2096/2136/2096 2095/2135/2095
f 2085/2125/2085 2086/2126/2086 2097/2137/2097 2096/2136/2096
f 2086/2126/2086 2087/2127/2087 2098/2138/2098 2097/2137/2097
f 2088/2129/2088 2089/2128/2089 2229/2139/2229 2218/2140/2218
f 2089/2128/2089 2090/2130/2090 2240/2141/2240 2229/2139/2229
f 2090/2130/2090 2091/2131/2091 2251/2142/2251 2240/2141/2240
f 2091/2131/2091 2092/2132/2092 2262/2143/2262 2251/2142/2251
f 2092/2132/2092 2093/2133/2093 2273/2144/2273 2262/2143/2262
f 2093/2133/2093 2094/2134/2094 2284/2145/2284 2273/2144/2273
f 2094/2134/2094 2095/2135/2095 2295/2146/2295 2284/2145/2284
f 2095/2135/2095 2096/2136/2096 2306/2147/2306 2295/2146/2295
f 2096/2136/2096 2097/2137/2097 2317/2148/2317 2306/2147/2306
f 2097/2137/2097 2098/2138/2098 2099/2149/2099 2317/2148/2317
f 1988/2150/1988 2100/2151/2100 2111/2152/2111 2110/2153/2110
f 2100/2151/2100 2101/2154/2101 2112/2155/2112 2111/2152/2111
f 2101/2154/2101 2102/2156/2102 2113/2157/2113 2112/2155/2112
f 2102/2156/2102 2103/2158/2103 2114/2159/2114 2113/2157/2113
f 2103/2158/2103 2104/2160/2104 2115/2161/2115 2114/2159/2114
f 2104/2160/2104 2105/2162/2105 2116/2163/2116 2115/2161/2115
f 2105/2162/2105 2106/2164/2106 2117/2165/2117 2116/2163/2116
f 2106/2164/2106 2107/2166/2107 2118/2167/2118 2117/2165/2117
f 2107/2166/2107 2108/2168/2108 2119/2169/2119 2118/2167/2118
f 2108/2168/2108 2109/2170/2109 2120/2171/2120 2119/2169/2119
f 2110/2153/2110 2111/2152/2111 2122/2172/2122 2121/2173/2121
f 2111/2152/2111 2112/2155/2112 2123/2174/2123 2122/2172/2122
f 2112/2155/2112 2113/2157/2113 2124/2175/2124 2123/2174/2123
f 2113/2157/2113 2114/2159/2114 2125/2176/2125 2124/2175/2124
f 2114/2159/2114 2115/2161/2115 2126/2177/2126 2125/2176/2125
f 2115/2161/2115 2116/2163/2116 2127/2178/2127 2126/2177/2126
f 2116/2163/2116 2117/2165/2117 2128/2179/2128 2127/2178/2127
f 2117/2165/2117 2118/2167/2118 2129/2180/2129 2128/2179/2128
f 2118/2167/2118 2119/2169/2119 2130/2181/2130 2129/2180/2129
f 2119/2169/2119 2120/2171/2120 2131/2182/2131 2130/2181/2130
f 2121/2173/2121 2122/2172/2122 2133/2183/2133 2132/2184/2132
f 2122/2172/2122 2123/2174/2123 2134/2185/2134 2133/2183/2133
f 2123/2174/2123 2124/2175/2124 2135/2186/2135 2134/2185/2134
f 2124/2175/2124 2125/2176/2125 2136/2187/2136 2135/2186/2135
f 2125/2176/2125 2126/2177/2126 2137/2188/2137 2136/2187/2136
f 2126/2177/2126 2127/2178/2127 2138/2189/2138 2137/2188/2137
f 2127/2178/2127 2128/2179/2128 2139/2190/2139 2138/2189/2138
f 2128/2179/2128 2129/2180/2129 2140/2191/2140 2139/2190/2139
f 2129/2180/2129 2130/2181/2130 2141/2192/2141 2140/2191/2140
f 2130/2181/2130 2131/2182/2131 2142/2193/2142 2141/2192/2141
f 2132/2184/2132 2133/2183/2133 2144/2194/2144 2143/2195/2143
f 2133/2183/2133 2134/2185/2134 2145/2196/2145 2144/2194/2144
f 2134/2185/2134 2135/2186/2135 2146/2197/2146 2145/2196/2145
f 2135/2186/2135 2136/2187/2136 2147/2198/2147 2146/2197/2146
f 2136/2187/2136 2137/2188/2137 2148/2199/2148 2147/2198/2147
f 2137/2188/2137 2138/2189/2138 2149/2200/2149 2148/2199/2148
f 2138/2189/2138 2139/2190/2139 2150/2201/2150 2149/2200/2149
f 2139/2190/2139 2140/2191/2140 2151/2202/2151 2150/2201/2150
f 2140/2191/2140 2141/2192/2141 2152/2203/2152 2151/2202/2151
f 2141/2192/2141 2142/2193/2142 2153/2204/2153 2152/2203/2152
f 2143/2195/2143 2144/2194/2144 2155/2205/2155 2154/2206/2154
f 2144/2194/2144 2145/2196/2145 2156/2207/2156 2155/2205/2155
f 2145/2196/2145 2146/2197/2146 2157/2208/2157 2156/2207/2156
f 2146/2197/2146 2147/2198/2147 2158/2209/2158 2157/2208/2157
f 2147/2198/2147 2148/2199/2148 2159/2210/2159 2158/2209/2158
f 2148/2199/2148 2149/2200/2149 2160/2211/2160 2159/2210/2159
f 2149/2200/2149 2150/2201/2150 2161/2212/2161 2160/2211/2160
f 2150/2201/2150 2151/2202/2151 2162/2213/2162 2161/2212/2161
f 2151/2202/2151 2152/2203/2152 2163/2214/2163 2162/2213/2162
f 2152/2203/2152 2153/2204/2153 2164/2215/2164 2163/2214/2163
f 2154/2206/2154 2155/2205/2155 2166/2216/2166 2165/2217/2165
f 2155/2205/2155 2156/2207/2156 2167/2218/2167 2166/2216/2166
f 2156/2207/2156 2157/2208/2157 2168/2219/2168 2167/2218/2167
f 2157/2208/2157 2158/2209/2158 2169/2220/2169 2168/2219/2168
f 2158/2209/2158 2159/2210/2159 2170/2221/2170 2169/2220/2169
f 2159/2210/2159 2160/2211/2160 2171/2222/2171 2170/2221/2170
f 2160/2211/2160 2161/2212/2161 2172/2223/2172 2171/2222/2171
f 2161/2212/2161 2162/2213/2162 2173/2224/2173 2172/2223/2172
f 2162/2213/2162 2163/2214/2163 2174/2225/2174 2173/2224/2173
f 2163/2214/2163 2164/2215/2164 2175/2226/2175 2174/2225/2174
f 2165/2217/2165 2166/2216/2166 2177/2227/2177 2176/2228/2176
f 2166/2216/2166 2167/2218/2167 2178/2229/2178 2177/2227/2177
f 2167/2218/2167 2168/2219/2168 2179/2230/2179 2178/2229/2178
f 2168/2219/2168 2169/2220/2169 2180/2231/2180 2179/2230/2179
f 2169/2220/2169 2170/2221/2170 2181/2232/2181 2180/2231/2180
f 2170/2221/2170 2171/2222/2171 2182/2233/2182 2181/2232/2181
f 2171/2222/2171 2172/2223/2172 2183/2234/2183 2182/2233/2182
f 2172/2223/2172 2173/2224/2173 2184/2235/2184 2183/2234/2183
f 2173/2224/2173 2174/2225/2174 2185/2236/2185 2184/2235/2184
f 2174/2225/2174 2175/2226/2175 2186/2237/2186 2185/2236/2185
f 2176/2228/2176 2177/2227/2177 2188/2238/2188 2187/2239/2187
f 2177/2227/2177 2178/2229/2178 2189/2240/2189 2188/2238/2188
f 2178/2229/2178 2179/2230/2179 2190/2241/2190 2189/2240/2189
f 2179/2230/2179 2180/2231/2180 2191/2242/2191 2190/2241/2190
f 2180/2231/2180 2181/2232/2181 2192/2243/2192 2191/2242/2191
f 2181/2232/2181 2182/2233/2182 2193/2244/2193 2192/2243/2192
f 2182/2233/2182 2183/2234/2183 2194/2245/2194 2193/2244/2193
f 2183/2234/2183 2184/2235/2184 2195/2246/2195 2194/2245/2194
f 2184/2235/2184 2185/2236/2185 2196/2247/2196 2195/2246/2195
f 2185/2236/2185 2186/2237/2186 2197/2248/2197 2196/2247/2196
f 2187/2239/2187 2188/2238/2188 2199/2249/2199 2198/2250/2198
f 2188/2238/2188 2189/2240/2189 2200/2251/2200 2199/2249/2199
f 2189/2240/2189 2190/2241/2190 2201/2252/2201 2200/2251/2200
f 2190/2241/2190 2191/2242/2191 2202/2253/2202 2201/2252/2201
f 2191/2242/2191 2192/2243/2192 2203/2254/2203 2202/2253/2202
f 2192/2243/2192 2193/2244/2193 2204/2255/2204 2203/2254/2203
f 2193/2244/2193 2194/2245/2194 2205/2256/2205 2204/2255/2204
f 2194/2245/2194 2195/2246/2195 2206/2257/2206 2205/2256/2205
f 2195/2246/2195 2196/2247/2196 2207/2258/2207 2206/2257/2206
f 2196/2247/2196 2197/2248/2197 2208/2259/2208 2207/2258/2207
f 2198/2250/2198 2199/2249/2199 2010/2260/2010 1999/2261/1999
f 2199/2249/2199 2200/2251/2200 2021/2262/2021 2010/2260/2010
f 2200/2251/2200 2201/2252/2201 2032/2263/2032 2021/2262/2021
f 2201/2252/2201 2202/2253/2202 2043/2264/2043 2032/2263/2032
f 2202/2253/2202 2203/2254/2203 2054/2265/2054 2043/2264/2043
f 2203/2254/2203 2204/2255/2204 2065/2266/2065 2054/2265/2054
f 2204/2255/2204 2205/2256/2205 2076/2267/2076 2065/2266/2065
f 2205/2256/2205 2206/2257/2206 2087/2268/2087 2076/2267/2076
f 2206/2257/2206 2207/2258/2207 2098/2269/2098 2087/2268/2087
f 2207/2258/2207 2208/2259/2208 2099/2270/2099 2098/2269/2098
f 1989/2271/1989 2209/2272/2209 2220/2273/2220 2219/2274/2219
f 2209/2272/2209 2210/2275/2210 2221/2276/2221 2220/2273/2220
f 2210/2275/2210 2211/2277/2211 2222/2278/2222 2221/2276/2221
f 2211/2277/2211 2212/2279/2212 2223/2280/2223 2222/2278/2222
f 2212/2279/2212 2213/2281/2213 2224/2282/2224 2223/2280/2223
f 2213/2281/2213 2214/2283/2214 2225/2284/2225 2224/2282/2224
f 2214/2283/2214 2215/2285/2215 2226/2286/2226 2225/2284/2225
f 2215/2285/2215 2216/2287/2216 2227/2288/2227 2226/2286/2226
f 2216/2287/2216 2217/2289/2217 2228/2290/2228 2227/2288/2227
f 2217/2289/2217 2218/2291/2218 2229/2292/2229 2228/2290/2228
f 2219/2274/2219 2220/2273/2220 2231/2293/2231 2230/2294/2230
f 2220/2273/2220 2221/2276/2221 2232/2295/2232 2231/2293/2231
f 2221/2276/2221 2222/2278/2222 2233/2296/2233 2232/2295/2232
f 2222/2278/2222 2223/2280/2223 2234/2297/2234 2233/2296/2233
f 2223/2280/2223 2224/2282/2224 2235/2298/2235 2234/2297/2234
f 2224/2282/2224 2225/2284/2225 2236/2299/2236 2235/2298/2235
f 2225/2284/2225 2226/2286/2226 2237/2300/2237 2236/2299/2236
f 2226/2286/2226 2227/2288/2227 2238/2301/2238 2237/2300/2237
f 2227/2288/2227 2228/2290/2228 2239/2302/2239 2238/2301/2238
f 2228/2290/2228 2229/2292/2229 2240/2303/2240 2239/2302/2239
f 2230/2294/2230 2231/2293/2231 2242/2304/2242 2241/2305/2241
f 2231/2293/2231 2232/2295/2232 2243/2306/2243 2242/2304/2242
f 2232/2295/2232 2233/2296/2233 2244/2307/2244 2243/2306/2243
f 2233/2296/2233 2234/2297/2234 2245/2308/2245 2244/2307/2244
f 2234/2297/2234 2235/2298/2235 2246/2309/2246 2245/2308/2245
f 2235/2298/2235 2236/2299/2236 2247/2310/2247 2246/2309/2246
f 2236/2299/2236 2237/2300/2237 2248/2311/2248 2247/2310/2247
f 2237/2300/2237 2238/2301/2238 2249/2312/2249 2248/2311/2248
f 2238/2301/2238 2239/2302/2239 2250/2313/2250 2249/2312/2249
f 2239/2302/2239 2240/2303/2240 2251/2314/2251 2250/2313/2250
f 2241/2305/2241 2242/2304/2242 2253/2315/2253 2252/2316/2252
f 2242/2304/2242 2243/2306/2243 2254/2317/2254 2253/2315/2253
f 2243/2306/2243 2244/2307/2244 2255/2318/2255 2254/2317/2254
f 2244/2307/2244 2245/2308/2245 2256/2319/2256 2255/2318/2255
f 2245/2308/2245 2246/2309/2246 2257/2320/2257 2256/2319/2256
f 2246/2309/2246 2247/2310/2247 2258/2321/2258 2257/2320/2257
f 2247/2310/2247 2248/2311/2248 2259/2322/2259 2258/2321/2258
f 2248/2311/2248 2249/2312/2249 2260/2323/2260 2259/2322/2259
f 2249/2312/2249 2250/2313/2250 2261/2324/2261 2260/2323/2260
f 2250/2313/2250 2251/2314/2251 2262/2325/2262 2261/2324/2261
f 2252/2316/2252 2253/2315/2253 2264/2326/2264 2263/2327/2263
f 2253/2315/2253 2254/2317/2254 2265/2328/2265 2264/2326/2264
f 2254/2317/2254 2255/2318/2255 2266/2329/2266 2265/2328/2265
f 2255/2318/2255 2256/2319/2256 2267/2330/2267 2266/2329/2266
f 2256/2319/2256 2257/2320/2257 2268/2331/2268 2267/2330/2267
f 2257/2320/2257 2258/2321/2258 2269/2332/2269 2268/2331/2268
f 2258/2321/2258 2259/2322/2259 2270/2333/2270 2269/2332/2269
f 2259/2322/2259 2260/2323/2260 2271/2334/2271 2270/2333/2270
f 2260/2323/2260 2261/2324/2261 2272/2335/2272 2271/2334/2271
f 2261/2324/2261 2262/2325/2262 2273/2336/2273 2272/2335/2272
f 2263/2327/2263 2264/2326/2264 2275/2337/2275 2274/2338/2274
f 2264/2326/2264 2265/2328/2265 2276/2339/2276 2275/2337/2275
f 2265/2328/2265 2266/2329/2266 2277/2340/2277 2276/2339/2276
f 2266/2329/2266 2267/2330/2267 2278/2341/2278 2277/2340/2277
f 2267/2330/2267 2268/2331/2268 2279/2342/2279 2278/2341/2278
f 2268/2331/2268 2269/2332/2269 2280/2343/2280 2279/2342/2279
f 2269/2332/2269 2270/2333/2270 2281/2344/2281 2280/2343/2280
f 2270/2333/2270 2271/2334/2271 2282/2345/2282 2281/2344/2281
f 2271/2334/2271 2272/2335/2272 2283/2346/2283 2282/2345/2282
f 2272/2335/2272 2273/2336/2273 2284/2347/2284 2283/2346/2283
f 2274/2338/2274 2275/2337/2275 2286/2348/2286 2285/2349/2285
f 2275/2337/2275 2276/2339/2276 2287/2350/2287 2286/2348/2286
f 2276/2339/2276 2277/2340/2277 2288/2351/2288 2287/2350/2287
f 2277/2340/2277 2278/2341/2278 2289/2352/2289 2288/2351/2288
f 2278/2341/2278 2279/2342/2279 2290/2353/2290 2289/2352/2289
f 2279/2342/2279 2280/2343/2280 2291/2354/2291 2290/2353/2290
f 2280/2343/2280 2281/2344/2281 2292/2355/2292 2291/2354/2291
f 2281/2344/2281 2282/2345/2282 2293/2356/2293 2292/2355/2292
f 2282/2345/2282 2283/2346/2283 2294/2357/2294 2293/2356/2293
f 2283/2346/2283 2284/2347/2284 2295/2358/2295 2294/2357/2294
f 2285/2349/2285 2286/2348/2286 2297/2359/2297 2296/2360/2296
f 2286/2348/2286 2287/2350/2287 2298/2361/2298 2297/2359/2297
f 2287/2350/2287 2288/2351/2288 2299/2362/2299 2298/2361/2298
f 2288/2351/2288 2289/2352/2289 2300/2363/2300 2299/2362/2299
f 2289/2352/2289 2290/2353/2290 2301/2364/2301 2300/2363/2300
f 2290/2353/2290 2291/2354/2291 2302/2365/2302 2301/2364/2301
f 2291/2354/2291 2292/2355/2292 2303/2366/2303 2302/2365/2302
f 2292/2355/2292 2293/2356/2293 2304/2367/2304 2303/2366/2303
f 2293/2356/2293 2294/2357/2294 2305/2368/2305 2304/2367/2304
f 2294/2357/2294 2295/2358/2295 2306/2369/2306 2305/2368/2305
f 2296/2360/2296 2297/2359/2297 2308/2370/2308 2307/2371/2307
f 2297/2359/2297 2298/2361/2298 2309/2372/2309 2308/2370/2308
f 2298/2361/2298 2299/2362/2299 2310/2373/2310 2309/2372/2309
f 2299/2362/2299 2300/2363/2300 2311/2374/2311 2310/2373/2310
f 2300/2363/2300 2301/2364/2301 2312/2375/2312 2311/2374/2311
f 2301/2364/2301 2302/2365/2302 2313/2376/2313 2312/2375/2312
f 2302/2365/2302 2303/2366/2303 2314/2377/2314 2313/2376/2313
f 2303/2366/2303 2304/2367/2304 2315/2378/2315 2314/2377/2314
f 2304/2367/2304 2305/2368/2305 2316/2379/2316 2315/2378/2315
f 2305/2368/2305 2306/2369/2306 2317/2380/2317 2316/2379/2316
f 2307/2371/2307 2308/2370/2308 2120/2381/2120 2109/2382/2109
f 2308/2370/2308 2309/2372/2309 2131/2383/2131 2120/2381/2120
f 2309/2372/2309 2310/2373/2310 2142/2384/2142 2131/2383/2131
f 2310/2373/2310 2311/2374/2311 2153/2385/2153 2142/2384/2142
f 2311/2374/2311 2312/2375/2312 2164/2386/2164 2153/2385/2153
f 2312/2375/2312 2313/2376/2313 2175/2387/2175 2164/2386/2164
f 2313/2376/2313 2314/2377/2314 2186/2388/2186 2175/2387/2175
f 2314/2377/2314 2315/2378/2315 2197/2389/2197 2186/2388/2186
f 2315/2378/2315 2316/2379/2316 2208/2390/2208 2197/2389/2197
f 2316/2379/2316 2317/2380/2317 2099/2391/2099 2208/2390/2208
f 2318/2392/2318 2321/2393/2321 2332/2394/2332 2331/2395/2331
f 2321/2393/2321 2322/2396/2322 2333/2397/2333 2332/2394/2332
f 2322/2396/2322 2323/2398/2323 2334/2399/2334 2333/2397/2333
f 2323/2398/2323 2324/2400/2324 2335/2401/2335 2334/2399/2334
f 2324/2400/2324 2325/2402/2325 2336/2403/2336 2335/2401/2335
f 2325/2402/2325 2326/2404/2326 2337/2405/2337 2336/2403/2336
f 2326/2404/2326 2327/2406/2327 2338/2407/2338 2337/2405/2337
f 2327/2406/2327 2328/2408/2328 2339/2409/2339 2338/2407/2338
f 2328/2408/2328 2329/2410/2329 2340/2411/2340 2339/2409/2339
f 2329/2410/2329 2330/2412/2330 2341/2413/2341 2340/2411/2340
f 2331/2395/2331 2332/2394/2332 2343/2414/2343 2342/2415/2342
f 2332/2394/2332 2333/2397/2333 2344/2416/2344 2343/2414/2343
f 2333/2397/2333 2334/2399/2334 2345/2417/2345 2344/2416/2344
f 2334/2399/2334 2335/2401/2335 2346/2418/2346 2345/2417/2345
f 2335/2401/2335 2336/2403/2336 2347/2419/2347 2346/2418/2346
f 2336/2403/2336 2337/2405/2337 2348/2420/2348 2347/2419/2347
f 2337/2405/2337 2338/2407/2338 2349/2421/2349 2348/2420/2348
f 2338/2407/2338 2339/2409/2339 2350/2422/2350 2349/2421/2349
f 2339/2409/2339 2340/2411/2340 2351/2423/2351 2350/2422/2350
f 2340/2411/2340 2341/2413/2341 2352/2424/2352 2351/2423/2351
f 2342/2415/2342 2343/2414/2343 2354/2425/2354 2353/2426/2353
f 2343/2414/2343 2344/2416/2344 2355/2427/2355 2354/2425/2354
f 2344/2416/2344 2345/2417/2345 2356/2428/2356 2355/2427/2355
f 2345/2417/2345 2346/2418/2346 2357/2429/2357 2356/2428/2356
f 2346/2418/2346 2347/2419/2347 2358/2430/2358 2357/2429/2357
f 2347/2419/2347 2348/2420/2348 2359/2431/2359 2358/2430/2358
f 2348/2420/2348 2349/2421/2349 2360/2432/2360 2359/2431/2359
f 2349/2421/2349 2350/2422/2350 2361/2433/2361 2360/2432/2360
f 2350/2422/2350 2351/2423/2351 2362/2434/2362 2361/2433/2361
f 2351/2423/2351 2352/2424/2352 2363/2435/2363 2362/2434/2362
f 2353/2426/2353 2354/2425/2354 2365/2436/2365 2364/2437/2364
f 2354/2425/2354 2355/2427/2355 2366/2438/2366 2365/2436/2365
f 2355/2427/2355 2356/2428/2356 2367/2439/2367 2366/2438/2366
f 2356/2428/2356 2357/2429/2357 2368/2440/2368 2367/2439/2367
f 2357/2429/2357 2358/2430/2358 2369/2441/2369 2368/2440/2368
f 2358/2430/2358 2359/2431/2359 2370/2442/2370 2369/2441/2369
f 2359/2431/2359 2360/2432/2360 2371/2443/2371 2370/2442/2370
f 2360/2432/2360 2361/2433/2361 2372/2444/2372 2371/2443/2371
f 2361/2433/2361 2362/2434/2362 2373/2445/2373 2372/2444/2372
f 2362/2434/2362 2363/2435/2363 2374/2446/2374 2373/2445/2373
f 2364/2437/2364 2365/2436/2365 2376/2447/2376 2375/2448/2375
f 2365/2436/2365 2366/2438/2366 2377/2449/2377 2376/2447/2376
f 2366/2438/2366 2367/2439/2367 2378/2450/2378 2377/2449/2377
f 2367/2439/2367 2368/2440/2368 2379/2451/2379 2378/2450/2378
f 2368/2440/2368 2369/2441/2369 2380/2452/2380 2379/2451/2379
f 2369/2441/2369 2370/2442/2370 2381/2453/2381 2380/2452/2380
f 2370/2442/2370 2371/2443/2371 2382/2454/2382 2381/2453/2381
f 2371/2443/2371 2372/2444/2372 2383/2455/2383 2382/2454/2382
f 2372/2444/2372 2373/2445/2373 2384/2456/2384 2383/2455/2383
f 2373/2445/2373 2374/2446/2374 2385/2457/2385 2384/2456/2384
f 2375/2448/2375 2376/2447/2376 2387/2458/2387 2386/2459/2386
f 2376/2447/2376 2377/2449/2377 2388/2460/2388 2387/2458/2387
f 2377/2449/2377 2378/2450/2378 2389/2461/2389 2388/2460/2388
f 2378/2450/2378 2379/2451/2379 2390/2462/2390 2389/2461/2389
f 2379/2451/2379 2380/2452/2380 2391/2463/2391 2390/2462/2390
f 2380/2452/2380 2381/2453/2381 2392/2464/2392 2391/2463/2391
f 2381/2453/2381 2382/2454/2382 2393/2465/2393 2392/2464/2392
f 2382/2454/2382 2383/2455/2383 2394/2466/2394 2393/2465/2393
f 2383/2455/2383 2384/2456/2384 2395/2467/2395 2394/2466/2394
f 2384/2456/2384 2385/2457/2385 2396/2468/2396 2395/2467/2395
f 2386/2459/2386 2387/2458/2387 2398/2469/2398 2397/2470/2397
f 2387/2458/2387 2388/2460/2388 2399/2471/2399 2398/2469/2398
f 2388/2460/2388 2389/2461/2389 2400/2472/2400 2399/2471/2399
f 2389/2461/2389 2390/2462/2390 2401/2473/2401 2400/2472/2400
f 2390/2462/2390 2391/2463/2391 2402/2474/2402 2401/2473/2401
f 2391/2463/2391 2392/2464/2392 2403/2475/2403 2402/2474/2402
f 2392/2464/2392 2393/2465/2393 2404/2476/2404 2403/2475/2403
f 2393/2465/2393 2394/2466/2394 2405/2477/2405 2404/2476/2404
f 2394/2466/2394 2395/2467/2395 2406/2478/2406 2405/2477/2405
f 2395/2467/2395 2396/2468/2396 2407/2479/2407 2406/2478/2406
f 2397/2470/2397 2398/2469/2398 2409/2480/2409 2408/2481/2408
f 2398/2469/2398 2399/2471/2399 2410/2482/2410 2409/2480/2409
f 2399/2471/2399 2400/2472/2400 2411/2483/2411 2410/2482/2410
f 2400/2472/2400 2401/2473/2401 2412/2484/2412 2411/2483/2411
f 2401/2473/2401 2402/2474/2402 2413/2485/2413 2412/2484/2412
f 2402/2474/2402 2403/2475/2403 2414/2486/2414 2413/2485/2413
f 2403/2475/2403 2404/2476/2404 2415/2487/2415 2414/2486/2414
f 2404/2476/2404 2405/2477/2405 2416/2488/2416 2415/2487/2415
f 2405/2477/2405 2406/2478/2406 2417/2489/2417 2416/2488/2416
f 2406/2478/2406 2407/2479/2407 2418/2490/2418 2417/2489/2417
f 2408/2481/2408 2409/2480/2409 2420/2491/2420 2419/2492/2419
f 2409/2480/2409 2410/2482/2410 2421/2493/2421 2420/2491/2420
f 2410/2482/2410 2411/2483/2411 2422/2494/2422 2421/2493/2421
f 2411/2483/2411 2412/2484/2412 2423/2495/2423 2422/2494/2422
f 2412/2484/2412 2413/2485/2413 2424/2496/2424 2423/2495/2423
f 2413/2485/2413 2414/2486/2414 2425/2497/2425 2424/2496/2424
f 2414/2486/2414 2415/2487/2415 2426/2498/2426 2425/2497/2425
f 2415/2487/2415 2416/2488/2416 2427/2499/2427 2426/2498/2426
f 2416/2488/2416 2417/2489/2417 2428/2500/2428 2427/2499/2427
f 2417/2489/2417 2418/2490/2418 2429/2501/2429 2428/2500/2428
f 2419/2492/2419 2420/2491/2420 2560/2502/2560 2549/2503/2549
f 2420/2491/2420 2421/2493/2421 2571/2504/2571 2560/2502/2560
f 2421/2493/2421 2422/2494/2422 2582/2505/2582 2571/2504/2571
f 2422/2494/2422 2423/2495/2423 2593/2506/2593 2582/2505/2582
f 2423/2495/2423 2424/2496/2424 2604/2507/2604 2593/2506/2593
f 2424/2496/2424 2425/2497/2425 2615/2508/2615 2604/2507/2604
f 2425/2497/2425 2426/2498/2426 2626/2509/2626 2615/2508/2615
f 2426/2498/2426 2427/2499/2427 2637/2510/2637 2626/2509/2626
f 2427/2499/2427 2428/2500/2428 2648/2511/2648 2637/2510/2637
f 2428/2500/2428 2429/2501/2429 2430/2512/2430 2648/2511/2648
f 2319/2513/2319 2431/2514/2431 2442/2515/2442 2441/2516/2441
f 2431/2514/2431 2432/2517/2432 2443/2518/2443 2442/2515/2442
f 2432/2517/2432 2433/2519/2433 2444/2520/2444 2443/2518/2443
f 2433/2519/2433 2434/2521/2434 2445/2522/2445 2444/2520/2444
f 2434/2521/2434 2435/2523/2435 2446/2524/2446 2445/2522/2445
f 2435/2523/2435 2436/2525/2436 2447/2526/2447 2446/2524/2446
f 2436/2525/2436 2437/2527/2437 2448/2528/2448 2447/2526/2447
f 2437/2527/2437 2438/2529/2438 2449/2530/2449 2448/2528/2448
f 2438/2529/2438 2439/2531/2439 2450/2532/2450 2449/2530/2449
f 2439/2531/2439 2440/2533/2440 2451/2534/2451 2450/2532/2450
f 2441/2516/2441 2442/2515/2442 2453/2535/2453 2452/2536/2452
f 2442/2515/2442 2443/2518/2443 2454/2537/2454 2453/2535/2453
f 2443/2518/2443 2444/2520/2444 2455/2538/2455 2454/2537/2454
f 2444/2520/2444 2445/2522/2445 2456/2539/2456 2455/2538/2455
f 2445/2522/2445 2446/2524/2446 2457/2540/2457 2456/2539/2456
f 2446/2524/2446 2447/2526/2447 2458/2541/2458 2457/2540/2457
f 2447/2526/2447 2448/2528/2448 2459/2542/2459 2458/2541/2458
f 2448/2528/2448 2449/2530/2449 2460/2543/2460 2459/2542/2459
f 2449/2530/2449 2450/2532/2450 2461/2544/2461 2460/2543/2460
f 2450/2532/2450 2451/2534/2451 2462/2545/2462 2461/2544/2461
f 2452/2536/2452 2453/2535/2453 2464/2546/2464 2463/2547/2463
f 2453/2535/2453 2454/2537/2454 2465/2548/2465 2464/2546/2464
f 2454/2537/2454 2455/2538/2455 2466/2549/2466 2465/2548/2465
f 2455/2538/2455 2456/2539/2456 2467/2550/2467 2466/2549/2466
f 2456/2539/2456 2457/2540/2457 2468/2551/2468 2467/2550/2467
f 2457/2540/2457 2458/2541/2458 2469/2552/2469 2468/2551/2468
f 2458/2541/2458 2459/2542/2459 2470/2553/2470 2469/2552/2469
f 2459/2542/2459 2460/2543/2460 2471/2554/2471 2470/2553/2470
f 2460/2543/2460 2461/2544/2461 2472/2555/2472 2471/2554/2471
f 2461/2544/2461 2462/2545/2462 2473/2556/2473 2472/2555/2472
f 2463/2547/2463 2464/2546/2464 2475/2557/2475 2474/2558/2474
f 2464/2546/2464 2465/2548/2465 2476/2559/2476 2475/2557/2475
f 2465/2548/2465 2466/2549/2466 2477/2560/2477 2476/2559/2476
f 2466/2549/2466 2467/2550/2467 2478/2561/2478 2477/2560/2477
f 2467/2550/2467 2468/2551/2468 2479/2562/2479 2478/2561/2478
f 2468/2551/2468 2469/2552/2469 2480/2563/2480 2479/2562/2479
f 2469/2552/2469 2470/2553/2470 2481/2564/2481 2480/2563/2480
f 2470/2553/2470 2471/2554/2471 2482/2565/2482 2481/2564/2481
f 2471/2554/2471 2472/2555/2472 2483/2566/2483 2482/2565/2482
f 2472/2555/2472 2473/2556/2473 2484/2567/2484 2483/2566/2483
f 2474/2558/2474 2475/2557/2475 2486/2568/2486 2485/2569/2485
f 2475/2557/2475 2476/2559/2476 2487/2570/2487 2486/2568/2486
f 2476/2559/2476 2477/2560/2477 2488/2571/2488 2487/2570/2487
f 2477/2560/2477 2478/2561/2478 2489/2572/2489 2488/2571/2488
f 2478/2561/2478 2479/2562/2479 2490/2573/2490 2489/2572/2489
f 2479/2562/2479 2480/2563/2480 2491/2574/2491 2490/2573/2490
f 2480/2563/2480 2481/2564/2481 2492/2575/2492 2491/2574/2491
f 2481/2564/2481 2482/2565/2482 2493/2576/2493 2492/2575/2492
f 2482/2565/2482 2483/2566/2483 2494/2577/2494 2493/2576/2493
f 2483/2566/2483 2484/2567/2484 2495/2578/2495 2494/2577/2494
f 2485/2569/2485 2486/2568/2486 2497/2579/2497 2496/2580/2496
f 2486/2568/2486 2487/2570/2487 2498/2581/2498 2497/2579/2497
f 2487/2570/2487 2488/2571/2488 2499/2582/2499 2498/2581/2498
f 2488/2571/2488 2489/2572/2489 2500/2583/2500 2499/2582/2499
f 2489/2572/2489 2490/2573/2490 2501/2584/2501 2500/2583/2500
f 2490/2573/2490 2491/2574/2491 2502/2585/2502 2501/2584/2501
f 2491/2574/2491 2492/2575/2492 2503/2586/2503 2502/2585/2502
f 2492/2575/2492 2493/2576/2493 2504/2587/2504 2503/2586/2503
f 2493/2576/2493 2494/2577/2494 2505/2588/2505 2504/2587/2504
f 2494/2577/2494 2495/2578/2495 2506/2589/2506 2505/2588/2505
f 2496/2580/2496 2497/2579/2497 2508/2590/2508 2507/2591/2507
f 2497/2579/2497 2498/2581/2498 2509/2592/2509 2508/2590/2508
f 2498/2581/2498 2499/2582/2499 2510/2593/2510 2509/2592/2509
f 2499/2582/2499 2500/2583/2500 2511/2594/2511 2510/2593/2510
f 2500/2583/2500 2501/2584/2501 2512/2595/2512 2511/2594/2511
f 2501/2584/2501 2502/2585/2502 2513/2596/2513 2512/2595/2512
f 2502/2585/2502 2503/2586/2503 2514/2597/2514 2513/2596/2513
f 2503/2586/2503 2504/2587/2504 2515/2598/2515 2514/2597/2514
f 2504/2587/2504 2505/2588/2505 2516/2599/2516 2515/2598/2515
f 2505/2588/2505 2506/2589/2506 2517/2600/2517 2516/2599/2516
f 2507/2591/2507 2508/2590/2508 2519/2601/2519 2518/2602/2518
f 2508/2590/2508 2509/2592/2509 2520/2603/2520 2519/2601/2519
f 2509/2592/2509 2510/2593/2510 2521/2604/2521 2520/2603/2520
f 2510/2593/2510 2511/2594/2511 2522/2605/2522 2521/2604/2521
f 2511/2594/2511 2512/2595/2512 2523/2606/2523 2522/2605/2522
f 2512/2595/2512 2513/2596/2513 2524/2607/2524 2523/2606/2523
f 2513/2596/2513 2514/2597/2514 2525/2608/2525 2524/2607/2524
f 2514/2597/2514 2515/2598/2515 2526/2609/2526 2525/2608/2525
f 2515/2598/2515 2516/2599/2516 2527/2610/2527 2526/2609/2526
f 2516/2599/2516 2517/2600/2517 2528/2611/2528 2527/2610/2527
f 2518/2602/2518 2519/2601/2519 2530/2612/2530 2529/2613/2529
f 2519/2601/2519 2520/2603/2520 2531/2614/2531 2530/2612/2530
f 2520/2603/2520 2521/2604/2521 2532/2615/2532 2531/2614/2531
f 2521/2604/2521 2522/2605/2522 2533/2616/2533 2532/2615/2532
f 2522/2605/2522 2523/2606/2523 2534/2617/2534 2533/2616/2533
f 2523/2606/2523 2524/2607/2524 2535/2618/2535 2534/2617/2534
f 2524/2607/2524 2525/2608/2525 2536/2619/2536 2535/2618/2535
f 2525/2608/2525 2526/2609/2526 2537/2620/2537 2536/2619/2536
f 2526/2609/2526 2527/2610/2527 2538/2621/2538 2537/2620/2537
f 2527/2610/2527 2528/2611/2528 2539/2622/2539 2538/2621/2538
f 2529/2613/2529 2530/2612/2530 2341/2623/2341 2330/2624/2330
f 2530/2612/2530 2531/2614/2531 2352/2625/2352 2341/2623/2341
f 2531/2614/2531 2532/2615/2532 2363/2626/2363 2352/2625/2352
f 2532/2615/2532 2533/2616/2533 2374/2627/2374 2363/2626/2363
f 2533/2616/2533 2534/2617/2534 2385/2628/2385 2374/2627/2374
f 2534/2617/2534 2535/2618/2535 2396/2629/2396 2385/2628/2385
f 2535/2618/2535 2536/2619/2536 2407/2630/2407 2396/2629/2396
f 2536/2619/2536 2537/2620/2537 2418/2631/2418 2407/2630/2407
f 2537/2620/2537 2538/2621/2538 2429/2632/2429 2418/2631/2418
f 2538/2621/2538 2539/2622/2539 2430/2633/2430 2429/2632/2429
f 2320/2634/2320 2540/2635/2540 2551/2636/2551 2550/2637/2550
f 2540/2635/2540 2541/2638/2541 2552/2639/2552 2551/2636/2551
f 2541/2638/2541 2542/2640/2542 2553/2641/2553 2552/2639/2552
f 2542/2640/2542 2543/2642/2543 2554/2643/2554 2553/2641/2553
f 2543/2642/2543 2544/2644/2544 2555/2645/2555 2554/2643/2554
f 2544/2644/2544 2545/2646/2545 2556/2647/2556 2555/2645/2555
f 2545/2646/2545 2546/2648/2546 2557/2649/2557 2556/2647/2556
f 2546/2648/2546 2547/2650/2547 2558/2651/2558 2557/2649/2557
f 2547/2650/2547 2548/2652/2548 2559/2653/2559 2558/2651/2558
f 2548/2652/2548 2549/2654/2549 2560/2655/2560 2559/2653/2559
f 2550/2637/2550 2551/2636/2551 2562/2656/2562 2561/2657/2561
f 2551/2636/2551 2552/2639/2552 2563/2658/2563 2562/2656/2562
f 2552/2639/2552 2553/2641/2553 2564/2659/2564 2563/2658/2563
f 2553/2641/2553 2554/2643/2554 2565/2660/2565 2564/2659/2564
f 2554/2643/2554 2555/2645/2555 2566/2661/2566 2565/2660/2565
f 2555/2645/2555 2556/2647/2556 2567/2662/2567 2566/2661/2566
f 2556/2647/2556 2557/2649/2557 2568/2663/2568 2567/2662/2567
f 2557/2649/2557 2558/2651/2558 2569/2664/2569 2568/2663/2568
f 2558/2651/2558 2559/2653/2559 2570/2665/2570 2569/2664/2569
f 2559/2653/2559 2560/2655/2560 2571/2666/2571 2570/2665/2570
f 2561/2657/2561 2562/2656/2562 2573/2667/2573 2572/2668/2572
f 2562/2656/2562 2563/2658/2563 2574/2669/2574 2573/2667/2573
f 2563/2658/2563 2564/2659/2564 2575/2670/2575 2574/2669/2574
f 2564/2659/2564 2565/2660/2565 2576/2671/2576 2575/2670/2575
f 2565/2660/2565 2566/2661/2566 2577/2672/2577 2576/2671/2576
f 2566/2661/2566 2567/2662/2567 2578/2673/2578 2577/2672/2577
f 2567/2662/2567 2568/2663/2568 2579/2674/2579 2578/2673/2578
f 2568/2663/2568 2569/2664/2569 2580/2675/2580 2579/2674/2579
f 2569/2664/2569 2570/2665/2570 2581/2676/2581 2580/2675/2580
f 2570/2665/2570 2571/2666/2571 2582/2677/2582 2581/2676/2581
f 2572/2668/2572 2573/2667/2573 2584/2678/2584 2583/2679/2583
f 2573/2667/2573 2574/2669/2574 2585/2680/2585 2584/2678/2584
f 2574/2669/2574 2575/2670/2575 2586/2681/2586 2585/2680/2585
f 2575/2670/2575 2576/2671/2576 2587/2682/2587 2586/2681/2586
f 2576/2671/2576 2577/2672/2577 2588/2683/2588 2587/2682/2587
f 2577/2672/2577 2578/2673/2578 2589/2684/2589 2588/2683/2588
f 2578/2673/2578 2579/2674/2579 2590/2685/2590 2589/2684/2589
f 2579/2674/2579 2580/2675/2580 2591/2686/2591 2590/2685/2590
f 2580/2675/2580 2581/2676/2581 2592/2687/2592 2591/2686/2591
f 2581/2676/2581 2582/2677/2582 2593/2688/2593 2592/2687/2592
f 2583/2679/2583 2584/2678/2584 2595/2689/2595 2594/2690/2594
f 2584/2678/2584 2585/2680/2585 2596/2691/2596 2595/2689/2595
f 2585/2680/2585 2586/2681/2586 2597/2692/2597 2596/2691/2596
f 2586/2681/2586 2587/2682/2587 2598/2693/2598 2597/2692/2597
f 2587/2682/2587 2588/2683/2588 2599/2694/2599 2598/2693/2598
f 2588/2683/2588 2589/2684/2589 2600/2695/2600 2599/2694/2599
f 2589/2684/2589 2590/2685/2590 2601/2696/2601 2600/2695/2600
f 2590/2685/2590 2591/2686/2591 2602/2697/2602 2601/2696/2601
f 2591/2686/2591 2592/2687/2592 2603/2698/2603 2602/2697/2602
f 2592/2687/2592 2593/2688/2593 2604/2699/2604 2603/2698/2603
f 2594/2690/2594 2595/2689/2595 2606/2700/2606 2605/2701/2605
f 2595/2689/2595 2596/2691/2596 2607/2702/2607 2606/2700/2606
f 2596/2691/2596 2597/2692/2597 2608/2703/2608 2607/2702/2607
f 2597/2692/2597 2598/2693/2598 2609/2704/2609 2608/2703/2608
f 2598/2693/2598 2599/2694/2599 2610/2705/2610 2609/2704/2609
f 2599/2694/2599 2600/2695/2600 2611/2706/2611 2610/2705/2610
f 2600/2695/2600 2601/2696/2601 2612/2707/2612 2611/2706/2611
f 2601/2696/2601 2602/2697/2602 2613/2708/2613 2612/2707/2612
f 2602/2697/2602 2603/2698/2603 2614/2709/2614 2613/2708/2613
f 2603/2698/2603 2604/2699/2604 2615/2710/2615 2614/2709/2614
f 2605/2701/2605 2606/2700/2606 2617/2711/2617 2616/2712/2616
f 2606/2700/2606 2607/2702/2607 2618/2713/2618 2617/2711/2617
f 2607/2702/2607 2608/2703/2608 2619/2714/2619 2618/2713/2618
f 2608/2703/2608 2609/2704/2609 2620/2715/2620 2619/2714/2619
f 2609/2704/2609 2610/2705/2610 2621/2716/2621 2620/2715/2620
f 2610/2705/2610 2611/2706/2611 2622/2717/2622 2621/2716/2621
f 2611/2706/2611 2612/2707/2612 2623/2718/2623 2622/2717/2622
f 2612/2707/2612 2613/2708/2613 2624/2719/2624 2623/2718/2623
f 2613/2708/2613 2614/2709/2614 2625/2720/2625 2624/2719/2624
f 2614/2709/2614 2615/2710/2615 2626/2721/2626 2625/2720/2625
f 2616/2712/2616 2617/2711/2617 2628/2722/2628 2627/2723/2627
f 2617/2711/2617 2618/2713/2618 2629/2724/2629 2628/2722/2628
f 2618/2713/2618 2619/2714/2619 2630/2725/2630 2629/2724/2629
f 2619/2714/2619 2620/2715/2620 2631/2726/2631 2630/2725/2630
f 2620/2715/2620 2621/2716/2621 2632/2727/2632 2631/2726/2631
f 2621/2716/2621 2622/2717/2622 2633/2728/2633 2632/2727/2632
f 2622/2717/2622 2623/2718/2623 2634/2729/2634 2633/2728/2633
f 2623/2718/2623 2624/2719/2624 2635/2730/2635 2634/2729/2634
f 2624/2719/2624 2625/2720/2625 2636/2731/2636 2635/2730/2635
f 2625/2720/2625 2626/2721/2626 2637/2732/2637 2636/2731/2636
f 2627/2723/2627 2628/2722/2628 2639/2733/2639 2638/2734/2638
f 2628/2722/2628 2629/2724/2629 2640/2735/2640 2639/2733/2639
f 2629/2724/2629 2630/2725/2630 2641/2736/2641 2640/2735/2640
f 2630/2725/2630 2631/2726/2631 2642/2737/2642 2641/2736/2641
f 2631/2726/2631 2632/2727/2632 2643/2738/2643 2642/2737/2642
f 2632/2727/2632 2633/2728/2633 2644/2739/2644 2643/2738/2643
f 2633/2728/2633 2634/2729/2634 2645/2740/2645 2644/2739/2644
f 2634/2729/2634 2635/2730/2635 2646/2741/2646 2645/2740/2645
f 2635/2730/2635 2636/2731/2636 2647/2742/2647 2646/2741/2646
f 2636/2731/2636 2637/2732/2637 2648/2743/2648 2647/2742/2647
f 2638/2734/2638 2639/2733/2639 2451/2744/2451 2440/2745/2440
f 2639/2733/2639 2640/2735/2640 2462/2746/2462 2451/2744/2451
f 2640/2735/2640 2641/2736/2641 2473/2747/2473 2462/2746/2462
f 2641/2736/2641 2642/2737/2642 2484/2748/2484 2473/2747/2473
f 2642/2737/2642 2643/2738/2643 2495/2749/2495 2484/2748/2484
f 2643/2738/2643 2644/2739/2644 2506/2750/2506 2495/2749/2495
f 2644/2739/2644 2645/2740/2645 2517/2751/2517 2506/2750/2506
f 2645/2740/2645 2646/2741/2646 2528/2752/2528 2517/2751/2517
f 2646/2741/2646 2647/2742/2647 2539/2753/2539 2528/2752/2528
f 2647/2742/2647 2648/2743/2648 2430/2754/2430 2539/2753/2539
f 1658/1908/1658 2318/2392/2318 2331/2395/2331 1878/1909/1878
f 1878/1909/1878 2331/2395/2331 2342/2415/2342 1879/1912/1879
f 1879/1912/1879 2342/2415/2342 2353/2426/2353 1880/1914/1880
f 1880/1914/1880 2353/2426/2353 2364/2437/2364 1881/1916/1881
f 1881/1916/1881 2364/2437/2364 2375/2448/2375 1882/1918/1882
f 1882/1918/1882 2375/2448/2375 2386/2459/2386 1883/1920/1883
f 1883/1920/1883 2386/2459/2386 2397/2470/2397 1884/1922/1884
f 1884/1922/1884 2397/2470/2397 2408/2481/2408 1885/1924/1885
f 1885/1924/1885 2408/2481/2408 2419/2492/2419 1886/1926/1886
f 1886/1926/1886 2419/2492/2419 2549/2503/2549 1887/1928/1887
f 1887/1788/1887 2549/2654/2549 2548/2652/2548 1757/1777/1757
f 1757/1777/1757 2548/2652/2548 2547/2650/2547 1746/1766/1746
f 1746/1766/1746 2547/2650/2547 2546/2648/2546 1735/1755/1735
f 1735/1755/1735 2546/2648/2546 2545/2646/2545 1724/1744/1724
f 1724/1744/1724 2545/2646/2545 2544/2644/2544 1713/1733/1713
f 1713/1733/1713 2544/2644/2544 2543/2642/2543 1702/1722/1702
f 1702/1722/1702 2543/2642/2543 2542/2640/2542 1691/1711/1691
f 1691/1711/1691 2542/2640/2542 2541/2638/2541 1680/1700/1680
f 1680/1700/1680 2541/2638/2541 2540/2635/2540 1669/1680/1669
f 1669/1680/1669 2540/2635/2540 2320/2634/2320 1656/1677/1656
f 332/332/332 1658/1908/1658 1888/1911/1888 335/333/335
f 335/333/335 1888/1911/1888 1899/1931/1899 336/336/336
f 336/336/336 1899/1931/1899 1910/1942/1910 337/338/337
f 337/338/337 1910/1942/1910 1921/1953/1921 338/340/338
f 338/340/338 1921/1953/1921 1932/1964/1932 339/342/339
f 339/342/339 1932/1964/1932 1943/1975/1943 340/344/340
f 340/344/340 1943/1975/1943 1954/1986/1954 341/346/341
f 341/346/341 1954/1986/1954 1965/1997/1965 342/348/342
f 342/348/342 1965/1997/1965 1976/2008/1976 343/350/343
f 343/350/343 1976/2008/1976 1778/2019/1778 344/352/344
f 344/352/344 1778/1818/1778 1777/1816/1777 543/553/543
f 543/553/543 1777/1816/1777 1776/1814/1776 532/542/532
f 532/542/532 1776/1814/1776 1775/1812/1775 521/531/521
f 521/531/521 1775/1812/1775 1774/1810/1774 510/520/510
f 510/520/510 1774/1810/1774 1773/1808/1773 499/509/499
f 499/509/499 1773/1808/1773 1772/1806/1772 488/498/488
f 488/498/488 1772/1806/1772 1771/1804/1771 477/487/477
f 477/487/477 1771/1804/1771 1770/1802/1770 466/476/466
f 466/476/466 1770/1802/1770 1769/1799/1769 455/456/455
f 455/456/455 1769/1799/1769 1657/1798/1657 333/453/333
f 3/232/3 334/563/334 564/566/564 223/233/223
f 223/233/223 564/566/564 575/584/575 224/236/224
f 224/236/224 575/584/575 586/594/586 225/238/225
f 225/238/225 586/594/586 597/604/597 226/240/226
f 226/240/226 597/604/597 608/614/608 227/242/227
f 227/242/227 608/614/608 619/624/619 228/244/228
f 228/244/228 619/624/619 630/634/630 229/246/229
f 229/246/229 630/634/630 641/644/641 230/248/230
f 230/248/230 641/644/641 652/654/652 231/250/231
f 231/250/231 652/654/652 454/473/454 232/112/232
f 232/112/232 454/473/454 453/471/453 102/101/102
f 102/101/102 453/471/453 452/469/452 91/90/91
f 91/90/91 452/469/452 451/467/451 80/79/80
f 80/79/80 451/467/451 450/465/450 69/68/69
f 69/68/69 450/465/450 449/463/449 58/57/58
f 58/57/58 449/463/449 448/461/448 47/46/47
f 47/46/47 448/461/448 447/459/447 36/35/36
f 36/35/36 447/459/447 446/457/446 25/24/25
f 25/24/25 446/457/446 445/454/445 14/4/14
f 14/4/14 445/454/445 333/453/333 1/1/1
f 2319/2513/2319 1988/2150/1988 2110/2153/2110 2431/2514/2431
f 2431/2514/2431 2110/2153/2110 2121/2173/2121 2432/2517/2432
f 2432/2517/2432 2121/2173/2121 2132/2184/2132 2433/2519/2433
f 2433/2519/2433 2132/2184/2132 2143/2195/2143 2434/2521/2434
f 2434/2521/2434 2143/2195/2143 2154/2206/2154 2435/2523/2435
f 2435/2523/2435 2154/2206/2154 2165/2217/2165 2436/2525/2436
f 2436/2525/2436 2165/2217/2165 2176/2228/2176 2437/2527/2437
f 2437/2527/2437 2176/2228/2176 2187/2239/2187 2438/2529/2438
f 2438/2529/2438 2187/2239/2187 2198/2250/2198 2439/2531/2439
f 2439/2531/2439 2198/2250/2198 1999/2261/1999 2440/2533/2440
f 2440/2745/2440 1999/2049/1999 1998/2047/1998 2638/2734/2638
f 2638/2734/2638 1998/2047/1998 1997/2045/1997 2627/2723/2627
f 2627/2723/2627 1997/2045/1997 1996/2043/1996 2616/2712/2616
f 2616/2712/2616 1996/2043/1996 1995/2041/1995 2605/2701/2605
f 2605/2701/2605 1995/2041/1995 1994/2039/1994 2594/2690/2594
f 2594/2690/2594 1994/2039/1994 1993/2037/1993 2583/2679/2583
f 2583/2679/2583 1993/2037/1993 1992/2035/1992 2572/2668/2572
f 2572/2668/2572 1992/2035/1992 1991/2033/1991 2561/2657/2561
f 2561/2657/2561 1991/2033/1991 1990/2030/1990 2550/2637/2550
f 2550/2637/2550 1990/2030/1990 1987/2029/1987 2320/2634/2320
f 665/894/665 995/1115/995 1117/1118/1117 885/895/885
f 885/895/885 1117/1118/1117 1128/1138/1128 886/898/886
f 886/898/886 1128/1138/1128 1139/1149/1139 887/900/887
f 887/900/887 1139/1149/1139 1150/1160/1150 888/902/888
f 888/902/888 1150/1160/1150 1161/1171/1161 889/904/889
f 889/904/889 1161/1171/1161 1172/1182/1172 890/906/890
f 890/906/890 1172/1182/1172 1183/1193/1183 891/908/891
f 891/908/891 1183/1193/1183 1194/1204/1194 892/910/892
f 892/910/892 1194/1204/1194 1205/1215/1205 893/912/893
f 893/912/893 1205/1215/1205 1006/1014/1006 894/774/894
f 894/774/894 1006/1014/1006 1005/1012/1005 764/763/764
f 764/763/764 1005/1012/1005 1004/1010/1004 753/752/753
f 753/752/753 1004/1010/1004 1003/1008/1003 742/741/742
f 742/741/742 1003/1008/1003 1002/1006/1002 731/730/731
f 731/730/731 1002/1006/1002 1001/1004/1001 720/719/720
f 720/719/720 1001/1004/1001 1000/1002/1000 709/708/709
f 709/708/709 1000/1002/1000 999/1000/999 698/697/698
f 698/697/698 999/1000/999 998/998/998 687/686/687
f 687/686/687 998/998/998 997/995/997 676/666/676
f 676/666/676 997/995/997 994/994/994 663/663/663
f 1325/1325/1325 1657/1798/1657 1779/1801/1779 1328/1326/1328
f 1328/1326/1328 1779/1801/1779 1790/1821/1790 1329/1329/1329
f 1329/1329/1329 1790/1821/1790 1801/1832/1801 1330/1331/1330
f 1330/1331/1330 1801/1832/1801 1812/1843/1812 1331/1333/1331
f 1331/1333/1331 1812/1843/1812 1823/1854/1823 1332/1335/1332
f 1332/1335/1332 1823/1854/1823 1834/1865/1834 1333/1337/1333
f 1333/1337/1333 1834/1865/1834 1845/1876/1845 1334/1339/1334
f 1334/1339/1334 1845/1876/1845 1856/1887/1856 1335/1341/1335
f 1335/1341/1335 1856/1887/1856 1867/1898/1867 1336/1343/1336
f 1336/1343/1336 1867/1898/1867 1668/1697/1668 1337/1345/1337
f 1337/1345/1337 1668/1697/1668 1667/1695/1667 1536/1546/1536
f 1536/1546/1536 1667/1695/1667 1666/1693/1666 1525/1535/1525
f 1525/1535/1525 1666/1693/1666 1665/1691/1665 1514/1524/1514
f 1514/1524/1514 1665/1691/1665 1664/1689/1664 1503/1513/1503
f 1503/1513/1503 1664/1689/1664 1663/1687/1663 1492/1502/1492
f 1492/1502/1492 1663/1687/1663 1662/1685/1662 1481/1491/1481
f 1481/1491/1481 1662/1685/1662 1661/1683/1661 1470/1480/1470
f 1470/1480/1470 1661/1683/1661 1660/1681/1660 1459/1469/1459
f 1459/1469/1459 1660/1681/1660 1659/1678/1659 1448/1449/1448
f 1448/1449/1448 1659/1678/1659 1656/1677/1656 1326/1446/1326
f 664/784/664 1989/2271/1989 2219/2274/2219 776/785/776
f 776/785/776 2219/2274/2219 2230/2294/2230 777/788/777
f 777/788/777 2230/2294/2230 2241/2305/2241 778/790/778
f 778/790/778 2241/2305/2241 2252/2316/2252 779/792/779
f 779/792/779 2252/2316/2252 2263/2327/2263 780/794/780
f 780/794/780 2263/2327/2263 2274/2338/2274 781/796/781
f 781/796/781 2274/2338/2274 2285/2349/2285 782/798/782
f 782/798/782 2285/2349/2285 2296/2360/2296 783/800/783
f 783/800/783 2296/2360/2296 2307/2371/2307 784/802/784
f 784/802/784 2307/2371/2307 2109/2382/2109 785/804/785
f 785/804/785 2109/2170/2109 2108/2168/2108 983/985/983
f 983/985/983 2108/2168/2108 2107/2166/2107 972/975/972
f 972/975/972 2107/2166/2107 2106/2164/2106 961/965/961
f 961/965/961 2106/2164/2106 2105/2162/2105 950/955/950
f 950/955/950 2105/2162/2105 2104/2160/2104 939/945/939
f 939/945/939 2104/2160/2104 2103/2158/2103 928/935/928
f 928/935/928 2103/2158/2103 2102/2156/2102 917/925/917
f 917/925/917 2102/2156/2102 2101/2154/2101 906/915/906
f 906/915/906 2101/2154/2101 2100/2151/2100 895/897/895
f 895/897/895 2100/2151/2100 1988/2150/1988 665/894/665
f 2/122/2 664/784/664 786/787/786 114/123/114
f 114/123/114 786/787/786 797/807/797 115/126/115
f 115/126/115 797/807/797 808/818/808 116/128/116
f 116/128/116 808/818/808 819/829/819 117/130/117
f 117/130/117 819/829/819 830/840/830 118/132/118
f 118/132/118 830/840/830 841/851/841 119/134/119
f 119/134/119 841/851/841 852/862/852 120/136/120
f 120/136/120 852/862/852 863/873/863 121/138/121
f 121/138/121 863/873/863 874/884/874 122/140/122
f 122/140/122 874/884/874 675/683/675 123/142/123
f 123/142/123 675/683/675 674/681/674 321/323/321
f 321/323/321 674/681/674 673/679/673 310/313/310
f 310/313/310 673/679/673 672/677/672 299/303/299
f 299/303/299 672/677/672 671/675/671 288/293/288
f 288/293/288 671/675/671 670/673/670 277/283/277
f 277/283/277 670/673/670 669/671/669 266/273/266
f 266/273/266 669/671/669 668/669/668 255/263/255
f 255/263/255 668/669/668 667/667/667 244/253/244
f 244/253/244 667/667/667 666/664/666 233/235/233
f 233/235/233 666/664/666 663/663/663 3/232/3
f 2318/2392/2318 996/1225/996 1226/1228/1226 2321/2393/2321
f 2321/2393/2321 1226/1228/1226 1237/1246/1237 2322/2396/2322
f 2322/2396/2322 1237/1246/1237 1248/1256/1248 2323/2398/2323
f 2323/2398/2323 1248/1256/1248 1259/1266/1259 2324/2400/2324
f 2324/2400/2324 1259/1266/1259 1270/1276/1270 2325/2402/2325
f 2325/2402/2325 1270/1276/1270 1281/1286/1281 2326/2404/2326
f 2326/2404/2326 1281/1286/1281 1292/1296/1292 2327/2406/2327
f 2327/2406/2327 1292/1296/1292 1303/1306/1303 2328/2408/2328
f 2328/2408/2328 1303/1306/1303 1314/1316/1314 2329/2410/2329
f 2329/2410/2329 1314/1316/1314 1116/1135/1116 2330/2412/2330
f 2330/2624/2330 1116/1135/1116 1115/1133/1115 2529/2613/2529
f 2529/2613/2529 1115/1133/1115 1114/1131/1114 2518/2602/2518
f 2518/2602/2518 1114/1131/1114 1113/1129/1113 2507/2591/2507
f 2507/2591/2507 1113/1129/1113 1112/1127/1112 2496/2580/2496
f 2496/2580/2496 1112/1127/1112 1111/1125/1111 2485/2569/2485
f 2485/2569/2485 1111/1125/1111 1110/1123/1110 2474/2558/2474
f 2474/2558/2474 1110/1123/1110 1109/1121/1109 2463/2547/2463
f 2463/2547/2463 1109/1121/1109 1108/1119/1108 2452/2536/2452
f 2452/2536/2452 1108/1119/1108 1107/1116/1107 2441/2516/2441
f 2441/2516/2441 1107/1116/1107 995/1115/995 2319/2513/2319
f 1989/2271/1989 1327/1556/1327 1557/1559/1557 2209/2272/2209
f 2209/2272/2209 1557/1559/1557 1568/1579/1568 2210/2275/2210
f 2210/2275/2210 1568/1579/1568 1579/1590/1579 2211/2277/2211
f 2211/2277/2211 1579/1590/1579 1590/1601/1590 2212/2279/2212
f 2212/2279/2212 1590/1601/1590 1601/1612/1601 2213/2281/2213
f 2213/2281/2213 1601/1612/1601 1612/1623/1612 2214/2283/2214
f 2214/2283/2214 1612/1623/1612 1623/1634/1623 2215/2285/2215
f 2215/2285/2215 1623/1634/1623 1634/1645/1634 2216/2287/2216
f 2216/2287/2216 1634/1645/1634 1645/1656/1645 2217/2289/2217
f 2217/2289/2217 1645/1656/1645 1447/1667/1447 2218/2291/2218
f 2218/2140/2218 1447/1466/1447 1446/1464/1446 2088/2129/2088
f 2088/2129/2088 1446/1464/1446 1445/1462/1445 2077/2118/2077
f 2077/2118/2077 1445/1462/1445 1444/1460/1444 2066/2107/2066
f 2066/2107/2066 1444/1460/1444 1443/1458/1443 2055/2096/2055
f 2055/2096/2055 1443/1458/1443 1442/1456/1442 2044/2085/2044
f 2044/2085/2044 1442/1456/1442 1441/1454/1441 2033/2074/2033
f 2033/2074/2033 1441/1454/1441 1440/1452/1440 2022/2063/2022
f 2022/2063/2022 1440/1452/1440 1439/1450/1439 2011/2052/2011
f 2011/2052/2011 1439/1450/1439 1438/1447/1438 2000/2032/2000
f 2000/2032/2000 1438/1447/1438 1326/1446/1326 1987/2029/1987
f 1327/1556/1327 2/122/2 124/125/124 1547/1557/1547
f 1547/1557/1547 124/125/124 135/145/135 1548/1560/1548
f 1548/1560/1548 135/145/135 146/156/146 1549/1562/1549
f 1549/1562/1549 146/156/146 157/167/157 1550/1564/1550
f 1550/1564/1550 157/167/157 168/178/168 1551/1566/1551
f 1551/1566/1551 168/178/168 179/189/179 1552/1568/1552
f 1552/1568/1552 179/189/179 190/200/190 1553/1570/1553
f 1553/1570/1553 190/200/190 201/211/201 1554/1572/1554
f 1554/1572/1554 201/211/201 212/222/212 1555/1574/1555
f 1555/1574/1555 212/222/212 13/21/13 1556/1576/1556
f 1556/1436/1556 13/21/13 12/19/12 1426/1425/1426
f 1426/1425/1426 12/19/12 11/17/11 1415/1414/1415
f 1415/1414/1415 11/17/11 10/15/10 1404/1403/1404
f 1404/1403/1404 10/15/10 9/13/9 1393/1392/1393
f 1393/1392/1393 9/13/9 8/11/8 1382/1381/1382
f 1382/1381/1382 8/11/8 7/9/7 1371/1370/1371
f 1371/1370/1371 7/9/7 6/7/6 1360/1359/1360
f 1360/1359/1360 6/7/6 5/5/5 1349/1348/1349
f 1349/1348/1349 5/5/5 4/2/4 1338/1328/1338
f 1338/1328/1338 4/2/4 1/1/1 1325/1325/1325
f 996/1225/996 332/332/332 345/335/345 1216/1226/1216
f 1216/1226/1216 345/335/345 356/355/356 1217/1229/1217
f 1217/1229/1217 356/355/356 367/366/367 1218/1231/1218
f 1218/1231/1218 367/366/367 378/377/378 1219/1233/1219
f 1219/1233/1219 378/377/378 389/388/389 1220/1235/1220
f 1220/1235/1220 389/388/389 400/399/400 1221/1237/1221
f 1221/1237/1221 400/399/400 411/410/411 1222/1239/1222
f 1222/1239/1222 411/410/411 422/421/422 1223/1241/1223
f 1223/1241/1223 422/421/422 433/432/433 1224/1243/1224
f 1224/1243/1224 433/432/433 563/443/563 1225/1105/1225
f 1225/1105/1225 563/443/563 562/581/562 1095/1094/1095
f 1095/1094/1095 562/581/562 561/579/561 1084/1083/1084
f 1084/1083/1084 561/579/561 560/577/560 1073/1072/1073
f 1073/1072/1073 560/577/560 559/575/559 1062/1061/1062
f 1062/1061/1062 559/575/559 558/573/558 1051/1050/1051
f 1051/1050/1051 558/573/558 557/571/557 1040/1039/1040
f 1040/1039/1040 557/571/557 556/569/556 1029/1028/1029
f 1029/1028/1029 556/569/556 555/567/555 1018/1017/1018
f 1018/1017/1018 555/567/555 554/564/554 1007/997/1007
f 1007/997/1007 554/564/554 334/563/334 994/994/994
f 1657/1798/1657 1325/1325/1325 1/1/1 333/453/333
f 334/563/334 3/232/3 663/663/663 994/994/994
f 2/122/2 1327/1556/1327 1989/2271/1989 664/784/664
f 1658/1908/1658 332/332/332 996/1225/996 2318/2392/2318
f 995/1115/995 665/894/665 1988/2150/1988 2319/2513/2319
f 2320/2634/2320 1987/2029/1987 1326/1446/1326 1656/1677/1656
